Timestamp,STATE,RPM,PIR,CRC,CRC_VALID,IDS_STATUS,THREAT_LEVEL,COMM_STATUS
2026-10-07 12:59:01,RUN,1005,0,142,1,0,3,Connected
2026-10-07 12:59:01,RUN,1012,0,142,1,0,3,Connected
2026-10-07 12:59:02,RUN,1045,0,142,1,0,3,Connected
2026-10-07 12:59:02,RUN,1033,0,142,1,0,3,Connected
2026-10-07 12:59:03,RUN,1029,0,142,1,0,3,Connected
2026-10-07 12:59:03,RUN,1026,0,142,1,0,3,Connected
2026-10-07 12:59:04,RUN,1026,0,142,1,0,3,Connected
2026-10-07 12:59:04,RUN,1033,0,142,1,0,3,Connected
2026-10-07 12:59:05,RUN,1017,0,142,1,0,3,Connected
2026-10-07 12:59:05,RUN,1018,0,142,1,0,3,Connected
2026-10-07 12:59:06,RUN,1017,0,142,1,0,3,Connected
2026-10-07 12:59:06,RUN,1020,0,142,1,0,3,Connected
2026-10-07 12:59:07,RUN,1010,0,142,1,0,3,Connected
2026-10-07 12:59:07,RUN,1048,0,142,1,0,3,Connected
2026-10-07 12:59:08,RUN,1030,0,142,1,0,3,Connected
2026-10-07 12:59:08,RUN,1045,0,142,1,0,3,Connected
2026-10-07 12:59:09,RUN,1046,0,142,1,0,3,Connected
2026-10-07 12:59:09,RUN,1041,0,142,1,0,3,Connected
2026-10-07 12:59:10,RUN,1038,0,142,1,0,3,Connected
2026-10-07 12:59:10,RUN,1032,0,142,1,0,3,Connected
2026-10-07 12:59:11,RUN,1001,0,142,1,0,3,Connected
2026-10-07 12:59:11,RUN,1022,0,142,1,0,3,Connected
2026-10-07 12:59:12,RUN,1019,0,142,1,0,3,Connected
2026-10-07 12:59:12,RUN,1000,0,142,1,0,3,Connected
2026-10-07 12:59:13,RUN,1024,0,142,1,0,3,Connected
2026-10-07 12:59:13,RUN,1020,0,142,1,0,3,Connected
2026-10-07 12:59:14,RUN,1006,0,142,1,0,3,Connected
2026-10-07 12:59:14,RUN,1012,0,142,1,0,3,Connected
2026-10-07 12:59:15,RUN,1028,0,142,1,0,3,Connected
2026-10-07 12:59:15,RUN,1021,0,142,1,0,3,Connected
2026-10-07 12:59:16,RUN,1037,0,142,1,0,3,Connected
2026-10-07 12:59:16,RUN,1030,0,142,1,0,3,Connected
2026-10-07 12:59:17,RUN,1022,0,142,1,0,3,Connected
2026-10-07 12:59:17,RUN,1011,0,142,1,0,3,Connected
2026-10-07 12:59:18,RUN,1002,0,142,1,0,3,Connected
2026-10-07 12:59:18,RUN,1006,0,142,1,0,3,Connected
2026-10-07 12:59:19,RUN,1049,0,142,1,0,3,Connected
2026-10-07 12:59:19,RUN,1027,0,142,1,0,3,Connected
2026-10-07 12:59:20,RUN,1034,0,142,1,0,3,Connected
2026-10-07 12:59:20,RUN,1001,0,142,1,0,3,Connected
2026-10-07 12:59:21,RUN,1033,0,142,1,0,3,Connected
2026-10-07 12:59:21,RUN,1025,0,142,1,0,3,Connected
2026-10-07 12:59:22,RUN,1023,0,142,1,0,3,Connected
2026-10-07 12:59:22,RUN,1019,0,142,1,0,3,Connected
2026-10-07 12:59:23,RUN,1036,0,142,1,0,3,Connected
2026-10-07 12:59:23,RUN,1040,0,142,1,0,3,Connected
2026-10-07 12:59:24,RUN,1015,0,142,1,0,3,Connected
2026-10-07 12:59:24,RUN,1021,0,142,1,0,3,Connected
2026-10-07 12:59:25,RUN,1031,0,142,1,0,3,Connected
2026-10-07 12:59:25,RUN,1003,0,142,1,0,3,Connected
2026-10-07 12:59:26,RUN,1019,0,142,1,0,3,Connected
2026-10-07 12:59:26,RUN,1043,0,142,1,0,3,Connected
2026-10-07 12:59:27,RUN,1041,0,142,1,0,3,Connected
2026-10-07 12:59:27,RUN,1004,0,142,1,0,3,Connected
2026-10-07 12:59:28,RUN,1025,0,142,1,0,3,Connected
2026-10-07 12:59:28,RUN,1034,0,142,1,0,3,Connected
2026-10-07 12:59:29,RUN,1047,0,142,1,0,3,Connected
2026-10-07 12:59:29,RUN,1018,0,142,1,0,3,Connected
2026-10-07 12:59:30,RUN,1003,0,142,1,0,3,Connected
2026-10-07 12:59:30,RUN,1044,0,142,1,0,3,Connected
2026-10-07 12:59:31,RUN,1027,0,142,1,0,3,Connected
2026-10-07 13:00:35,RUN,1011,0,142,1,0,1,Connected
2026-10-07 13:00:35,RUN,1020,0,142,1,0,1,Connected
2026-10-07 13:00:36,RUN,1008,0,142,1,0,1,Connected
2026-10-07 13:00:36,RUN,1030,0,142,1,0,1,Connected
2026-10-07 13:00:37,RUN,1014,0,142,1,0,1,Connected
2026-10-07 13:00:37,RUN,1030,0,142,1,0,1,Connected
2026-10-07 13:00:38,RUN,1023,0,142,1,0,1,Connected
2026-10-07 13:00:38,RUN,1020,0,142,1,0,1,Connected
2026-10-07 13:00:39,RUN,1009,0,142,1,0,1,Connected
2026-10-07 13:00:39,RUN,1044,0,142,1,0,1,Connected
2026-10-07 13:00:40,RUN,1015,0,142,1,0,1,Connected
2026-10-07 13:00:40,RUN,1047,0,142,1,0,1,Connected
2026-10-07 13:00:41,RUN,1025,0,142,1,0,1,Connected
2026-10-07 13:00:41,RUN,1022,0,142,1,0,1,Connected
2026-10-07 13:00:42,RUN,1000,1,142,1,0,2,Connected
2026-10-07 13:00:42,RUN,1000,1,142,1,0,2,Connected
2026-10-07 13:00:43,RUN,1000,1,142,1,0,2,Connected
2026-10-07 13:00:43,RUN,1000,1,142,1,0,2,Connected
2026-10-07 13:00:44,RUN,1000,1,142,1,0,2,Connected
2026-10-07 13:00:44,RUN,1000,1,142,1,1,5,Connected
2026-10-07 13:00:45,RUN,1000,1,142,1,1,5,Connected
2026-10-07 13:00:45,RUN,1000,1,142,1,1,5,Connected
2026-10-07 13:00:46,RUN,1000,1,142,1,1,5,Connected
2026-10-07 13:00:46,RUN,1000,1,142,1,1,5,Connected
2026-10-07 13:00:47,RUN,1000,1,142,1,1,5,Connected
2026-10-07 13:00:47,RUN,1000,1,142,1,1,5,Connected
2026-10-07 13:00:48,RUN,1000,1,142,1,1,5,Connected
2026-10-07 13:00:48,RUN,1000,1,142,1,1,5,Connected
2026-10-07 13:00:49,RUN,1000,1,142,1,1,5,Connected
2026-10-07 13:00:49,RUN,1038,0,999,0,0,2,Connected
2026-10-07 13:00:50,RUN,1010,0,999,0,0,2,Connected
2026-10-07 13:00:50,RUN,1035,0,999,0,0,3,Connected
2026-10-07 13:00:51,RUN,1014,0,999,0,0,3,Connected
2026-10-07 13:00:51,RUN,1000,0,999,0,0,3,Connected
2026-10-07 13:00:52,RUN,1012,0,999,0,0,3,Connected
2026-10-07 13:00:52,RUN,1019,0,999,0,0,3,Connected
2026-10-07 13:00:53,RUN,1042,0,999,0,0,3,Connected
2026-10-07 13:00:53,RUN,1048,0,999,0,0,3,Connected
2026-10-07 13:00:54,RUN,1006,0,999,0,0,3,Connected
2026-10-07 13:00:54,RUN,1048,0,999,0,0,3,Connected
2026-10-07 13:00:55,RUN,1022,0,999,0,0,3,Connected
2026-10-07 13:00:55,RUN,1007,0,999,0,0,3,Connected
2026-10-07 13:00:56,RUN,1036,0,999,0,0,3,Connected
2026-10-07 13:00:56,RUN,1015,0,999,0,0,3,Connected
2026-10-07 13:00:57,RUN,1004,1,142,1,0,2,Connected
2026-10-07 13:00:57,RUN,1025,1,142,1,0,2,Connected
2026-10-07 13:00:58,RUN,1040,1,142,1,0,2,Connected
2026-10-07 13:00:58,RUN,1019,1,142,1,0,2,Connected
2026-10-07 13:00:59,RUN,1009,1,142,1,0,2,Connected
2026-10-07 13:00:59,RUN,1001,1,142,1,0,2,Connected
2026-10-07 13:01:00,RUN,1007,1,142,1,0,2,Connected
2026-10-07 13:01:00,RUN,1045,1,142,1,0,2,Connected
2026-10-07 13:01:01,RUN,1024,1,142,1,0,2,Connected
2026-10-07 13:01:01,RUN,1045,1,142,1,0,2,Connected
2026-10-07 13:01:02,RUN,1018,1,142,1,0,2,Connected
2026-10-07 13:01:02,RUN,1020,1,142,1,0,2,Connected
2026-10-07 13:01:03,RUN,1033,1,142,1,0,2,Connected
2026-10-07 13:01:03,RUN,1000,1,142,1,0,2,Connected
2026-10-07 13:01:04,RUN,1036,1,142,1,0,2,Connected
2026-10-07 13:01:04,RUN,1000,0,142,1,0,1,Connected
2026-10-07 13:01:05,RUN,1000,0,142,1,0,1,Connected
2026-10-07 13:01:05,RUN,1000,0,142,1,0,1,Connected
2026-10-07 13:01:06,RUN,1000,0,142,1,0,1,Connected
2026-10-07 13:01:06,RUN,1000,0,142,1,0,1,Connected
2026-10-07 13:01:07,RUN,1000,0,142,1,1,4,Connected
2026-10-07 13:01:07,RUN,1000,0,142,1,1,4,Connected
2026-10-07 13:01:08,RUN,1000,0,142,1,1,4,Connected
2026-10-07 13:01:08,RUN,1000,0,142,1,1,4,Connected
2026-10-07 13:01:09,RUN,1000,0,142,1,1,4,Connected
2026-10-07 13:01:09,RUN,1000,0,142,1,1,4,Connected
2026-10-07 13:01:10,RUN,1000,0,142,1,1,4,Connected
2026-10-07 13:01:10,RUN,1000,0,142,1,1,4,Connected
2026-10-07 13:01:11,RUN,1000,0,142,1,1,4,Connected
2026-10-07 13:01:11,RUN,1000,0,142,1,1,4,Connected
2026-10-07 13:01:12,RUN,1000,0,142,1,1,4,Connected
2026-10-07 18:40:08,RUN,1000,0,142,1,1,4,Connected
2026-10-07 18:40:09,RUN,1000,0,142,1,1,4,Connected
2026-10-07 18:40:09,RUN,1000,0,142,1,1,4,Connected
2026-10-07 18:40:10,RUN,1000,0,142,1,1,4,Connected
2026-10-07 18:40:10,RUN,1000,0,142,1,1,4,Connected
2026-10-07 18:40:11,RUN,1000,0,142,1,1,4,Connected
2026-10-07 18:40:11,RUN,1000,0,142,1,1,4,Connected
2026-10-07 18:40:12,RUN,1000,0,142,1,1,4,Connected
2026-10-07 18:40:12,RUN,1000,0,142,1,1,4,Connected
2026-10-07 18:40:13,RUN,1000,0,142,1,1,4,Connected
2026-10-07 18:40:13,RUN,1000,0,142,1,1,4,Connected
2026-10-07 18:40:14,RUN,1018,0,142,1,0,1,Connected
2026-10-07 18:40:14,RUN,1048,0,142,1,0,1,Connected
2026-10-07 18:40:15,RUN,1003,0,142,1,0,1,Connected
2026-10-07 18:40:15,RUN,1018,0,142,1,0,1,Connected
2026-10-07 18:40:16,RUN,1030,0,142,1,0,1,Connected
2026-10-07 18:40:16,RUN,1006,0,142,1,0,1,Connected
2026-10-07 18:40:17,RUN,1032,0,142,1,0,1,Connected
2026-10-07 18:40:17,RUN,1013,0,142,1,0,1,Connected
2026-10-07 18:40:18,RUN,1032,0,142,1,0,1,Connected
2026-10-07 18:40:18,RUN,1010,0,142,1,0,1,Connected
2026-10-07 18:40:19,RUN,1000,1,142,1,0,2,Connected
2026-10-07 18:40:19,RUN,1000,1,142,1,0,2,Connected
2026-10-07 18:40:20,RUN,1000,1,142,1,0,2,Connected
2026-10-07 18:40:20,RUN,1000,1,142,1,0,2,Connected
2026-10-07 18:40:21,RUN,1000,1,142,1,0,2,Connected
2026-10-07 18:40:21,RUN,1000,1,142,1,1,5,Connected
2026-10-07 18:40:22,RUN,1000,1,142,1,1,5,Connected
2026-10-07 18:40:22,RUN,1000,1,142,1,1,5,Connected
2026-10-07 18:40:23,RUN,1000,1,142,1,1,5,Connected
2026-10-07 18:40:23,RUN,1000,1,142,1,1,5,Connected
2026-10-07 18:40:24,RUN,1000,1,142,1,1,5,Connected
2026-10-07 18:40:24,RUN,1000,1,142,1,1,5,Connected
2026-10-07 18:40:25,RUN,1000,1,142,1,1,5,Connected
2026-10-07 18:40:25,RUN,1000,1,142,1,1,5,Connected
2026-10-07 18:40:26,RUN,1000,1,142,1,1,5,Connected
2026-10-07 18:40:26,RUN,1000,1,142,1,1,5,Connected
2026-10-07 18:40:27,RUN,1000,1,142,1,1,5,Connected
2026-10-07 18:45:37,RUN,1000,1,142,1,1,5,Connected
2026-10-07 18:45:38,RUN,1000,1,142,1,1,5,Connected
2026-10-07 18:45:38,RUN,1000,1,142,1,1,5,Connected
2026-10-07 18:45:39,RUN,1000,1,142,1,1,5,Connected
2026-10-07 18:45:39,RUN,1000,1,142,1,1,5,Connected
2026-10-07 18:45:40,RUN,1000,1,142,1,1,5,Connected
2026-10-07 18:45:40,RUN,1000,1,142,1,1,5,Connected
2026-10-07 18:45:41,RUN,1000,1,142,1,1,5,Connected
2026-10-07 18:45:41,RUN,1000,1,142,1,1,5,Connected
2026-10-07 18:45:42,RUN,1000,1,142,1,1,5,Connected
2026-10-07 18:45:42,RUN,1000,1,142,1,1,5,Connected
2026-10-07 18:45:43,RUN,1000,1,142,1,1,5,Connected
2026-10-07 18:45:43,RUN,1000,1,142,1,1,5,Connected
2026-10-07 18:45:44,RUN,1000,1,142,1,1,5,Connected
2026-10-07 18:45:44,RUN,1000,1,142,1,1,5,Connected
2026-10-07 18:45:45,RUN,1000,1,142,1,0,2,Connected
2026-10-07 18:45:45,RUN,1000,1,142,1,0,2,Connected
2026-10-07 18:45:46,RUN,1000,1,142,1,0,2,Connected
2026-10-07 18:45:46,RUN,1000,1,142,1,0,2,Connected
2026-10-07 18:45:47,RUN,1000,1,142,1,0,2,Connected
2026-10-07 18:45:47,RUN,1000,1,142,1,0,2,Connected
2026-10-07 18:45:48,RUN,1000,1,142,1,0,2,Connected
2026-10-07 18:45:48,RUN,1000,1,142,1,0,2,Connected
2026-10-07 18:45:49,RUN,1000,1,142,1,0,2,Connected
2026-10-07 18:45:49,RUN,1000,1,142,1,0,2,Connected
2026-10-07 18:45:50,RUN,1000,1,142,1,0,2,Connected
2026-10-07 18:45:50,RUN,1000,1,142,1,0,2,Connected
2026-10-07 18:45:51,RUN,1000,1,142,1,0,2,Connected
2026-10-07 18:45:51,RUN,1000,1,142,1,1,5,Connected
2026-10-07 18:45:52,RUN,1000,1,142,1,1,5,Connected
2026-10-07 18:45:52,RUN,1000,1,142,1,1,5,Connected
2026-10-07 18:45:53,RUN,1000,1,142,1,1,5,Connected
2026-10-07 18:45:53,RUN,1000,1,142,1,0,2,Connected
2026-10-07 18:45:54,RUN,1000,1,142,1,0,2,Connected
2026-10-07 18:45:54,RUN,1000,1,142,1,0,2,Connected
2026-10-07 18:45:55,RUN,1000,1,142,1,0,2,Connected
2026-10-07 18:45:55,RUN,1000,1,142,1,0,2,Connected
2026-10-07 18:45:56,RUN,1000,1,142,1,0,2,Connected
2026-10-07 18:45:56,RUN,1000,1,142,1,0,2,Connected
2026-10-07 18:45:57,RUN,1000,1,142,1,0,2,Connected
2026-10-07 18:45:57,RUN,1000,1,142,1,0,2,Connected
2026-10-07 18:45:58,RUN,1000,1,142,1,0,2,Connected
2026-10-07 18:45:58,RUN,1038,0,999,0,0,2,Connected
2026-10-07 18:45:59,RUN,1022,1,142,1,0,2,Connected
2026-10-07 18:45:59,RUN,1001,1,142,1,0,2,Connected
2026-10-07 18:46:00,RUN,1000,0,142,1,0,1,Connected
2026-10-07 18:46:00,RUN,1045,0,142,1,0,1,Connected
2026-10-07 18:46:01,RUN,1000,1,142,1,0,2,Connected
2026-10-07 18:46:01,RUN,1000,1,142,1,0,2,Connected
2026-10-07 18:46:02,RUN,1028,0,999,0,0,2,Connected
2026-10-07 18:46:02,RUN,1039,0,999,0,0,2,Connected
2026-10-07 18:46:03,RUN,1008,0,999,0,0,2,Connected
2026-10-07 18:46:03,RUN,1019,0,999,0,0,2,Connected
2026-10-07 18:46:04,RUN,1015,0,999,0,0,2,Connected
2026-10-07 18:46:04,RUN,1013,0,999,0,0,2,Connected
2026-10-07 18:46:05,RUN,1011,0,999,0,0,2,Connected
2026-10-07 18:46:05,RUN,1013,0,999,0,0,3,Connected
2026-10-07 18:46:06,RUN,1017,0,999,0,0,3,Connected
2026-10-07 18:46:06,RUN,1027,0,999,0,0,3,Connected
2026-10-07 18:46:07,RUN,1014,0,999,0,0,3,Connected
2026-10-07 18:46:07,RUN,1045,0,999,0,0,3,Connected
2026-10-07 18:46:08,RUN,1043,0,999,0,0,3,Connected
2026-10-07 18:46:08,RUN,1006,0,999,0,0,3,Connected
2026-10-07 18:46:09,RUN,1049,1,142,1,0,2,Connected
2026-10-07 18:46:09,RUN,1035,1,142,1,0,2,Connected
2026-10-07 18:46:10,RUN,1046,1,142,1,0,2,Connected
2026-10-07 18:46:10,RUN,1022,1,142,1,0,2,Connected
2026-10-07 18:46:11,RUN,1000,0,142,1,0,1,Connected
2026-10-07 18:46:11,RUN,1000,0,142,1,0,1,Connected
2026-10-07 18:46:12,RUN,1000,0,142,1,0,1,Connected
2026-10-07 18:46:12,RUN,1000,0,142,1,0,1,Connected
2026-10-07 18:46:13,RUN,1000,0,142,1,0,1,Connected
2026-10-07 18:46:13,RUN,1000,0,142,1,1,4,Connected
2026-10-07 18:46:14,RUN,1000,0,142,1,1,4,Connected
2026-10-07 18:46:14,RUN,1000,0,142,1,1,4,Connected
2026-10-07 18:46:15,RUN,1000,0,142,1,1,4,Connected
2026-10-07 18:46:15,RUN,1000,0,142,1,1,4,Connected
2026-10-07 18:46:16,RUN,1000,0,142,1,1,4,Connected
2026-10-07 18:46:16,RUN,1000,0,142,1,1,4,Connected
2026-10-07 18:46:17,RUN,1000,0,142,1,1,4,Connected
2026-10-07 18:46:18,RUN,1000,0,142,1,1,4,Connected
2026-10-07 18:46:18,RUN,1000,0,142,1,1,4,Connected
2026-10-07 18:46:19,RUN,1000,0,142,1,1,4,Connected
2026-10-07 18:46:19,RUN,1000,0,142,1,1,4,Connected
2026-10-07 18:46:20,RUN,1000,0,142,1,1,4,Connected
2026-10-07 18:46:20,RUN,1000,0,142,1,1,4,Connected
2026-10-07 18:46:21,RUN,1000,0,142,1,1,4,Connected
2026-10-07 18:46:21,RUN,1000,0,142,1,1,4,Connected
2026-10-07 18:46:22,RUN,1000,0,142,1,1,4,Connected
2026-10-07 18:46:22,RUN,1000,0,142,1,1,4,Connected
2026-10-07 18:46:23,RUN,1000,0,142,1,1,4,Connected
2026-10-07 18:46:23,RUN,1000,0,142,1,1,4,Connected
2026-10-07 18:46:24,RUN,1000,0,142,1,1,4,Connected
2026-10-07 18:46:24,RUN,1000,0,142,1,1,4,Connected
2026-10-07 18:46:25,RUN,1000,0,142,1,1,4,Connected
2026-10-07 18:46:25,RUN,1000,0,142,1,1,4,Connected
2026-10-07 18:46:26,RUN,1000,0,142,1,1,4,Connected
2026-10-07 18:46:26,RUN,1000,0,142,1,1,4,Connected
2026-10-07 18:46:27,RUN,1000,0,142,1,1,4,Connected
2026-10-07 18:46:27,RUN,1000,0,142,1,1,4,Connected
2026-10-07 18:46:28,RUN,1000,0,142,1,1,4,Connected
2026-10-07 18:46:28,RUN,1000,0,142,1,1,4,Connected
2026-10-07 18:46:29,RUN,1000,0,142,1,1,4,Connected
2026-10-07 18:46:29,RUN,1000,0,142,1,1,4,Connected
2026-10-07 18:46:30,RUN,1000,0,142,1,1,4,Connected
2026-10-07 18:46:30,RUN,1000,0,142,1,1,4,Connected
2026-10-07 18:46:31,RUN,1000,0,142,1,1,4,Connected
2026-10-07 18:46:31,RUN,1000,0,142,1,1,4,Connected
2026-10-07 18:46:32,RUN,1000,0,142,1,1,4,Connected
2026-10-07 18:46:32,RUN,1000,0,142,1,1,4,Connected
2026-10-07 18:46:33,RUN,1000,0,142,1,1,4,Connected
2026-10-07 18:46:33,RUN,1000,0,142,1,1,4,Connected
2026-10-07 18:46:34,RUN,1000,0,142,1,1,4,Connected
2026-10-07 18:46:34,RUN,1000,0,142,1,1,4,Connected
2026-10-07 18:46:35,RUN,1000,0,142,1,1,4,Connected
2026-10-07 18:46:35,RUN,1000,0,142,1,1,4,Connected
2026-10-07 18:46:36,RUN,1000,0,142,1,1,4,Connected
2026-10-07 18:46:36,RUN,1000,0,142,1,1,4,Connected
2026-10-07 18:46:37,RUN,1000,0,142,1,1,4,Connected
2026-10-07 18:46:37,RUN,1000,0,142,1,1,4,Connected
2026-10-07 18:46:38,RUN,1000,0,142,1,1,4,Connected
2026-10-07 18:46:38,RUN,1000,0,142,1,1,4,Connected
2026-10-07 18:46:39,RUN,1000,0,142,1,1,4,Connected
2026-10-07 18:46:39,RUN,1000,0,142,1,1,4,Connected
2026-10-07 18:46:40,RUN,1000,0,142,1,1,4,Connected
2026-10-07 18:46:40,RUN,1000,0,142,1,1,4,Connected
2026-10-07 18:46:41,RUN,1000,0,142,1,1,4,Connected
2026-10-07 18:46:41,RUN,1000,0,142,1,1,4,Connected
2026-10-07 18:46:42,RUN,1000,0,142,1,1,4,Connected
2026-10-07 18:46:42,RUN,1000,0,142,1,1,4,Connected
2026-10-07 18:46:43,RUN,1000,0,142,1,1,4,Connected
2026-10-07 18:46:43,RUN,1000,0,142,1,1,4,Connected
2026-10-07 18:46:44,RUN,1000,0,142,1,1,4,Connected
2026-10-07 18:46:44,RUN,1000,0,142,1,1,4,Connected
2026-10-07 18:46:45,RUN,1000,0,142,1,1,4,Connected
2026-10-07 18:46:45,RUN,1000,0,142,1,1,4,Connected
2026-10-07 18:46:46,RUN,1000,0,142,1,1,4,Connected
2026-10-07 18:46:46,RUN,1000,0,142,1,1,4,Connected
2026-10-07 18:46:47,RUN,1000,0,142,1,1,4,Connected
2026-10-07 18:46:47,RUN,1000,0,142,1,1,4,Connected
2026-10-07 18:46:48,RUN,1000,0,142,1,1,4,Connected
2026-10-07 18:46:48,RUN,1000,0,142,1,1,4,Connected
2026-10-07 18:46:49,RUN,1000,0,142,1,1,4,Connected
2026-10-07 18:46:49,RUN,1000,0,142,1,1,4,Connected
2026-10-07 18:46:50,RUN,1000,0,142,1,1,4,Connected
2026-10-07 18:46:50,RUN,1000,0,142,1,1,4,Connected
2026-10-07 18:46:51,RUN,1000,0,142,1,1,4,Connected
2026-10-07 18:46:51,RUN,1000,0,142,1,1,4,Connected
2026-10-07 18:46:52,RUN,1000,0,142,1,1,4,Connected
2026-10-07 18:46:52,RUN,1000,0,142,1,1,4,Connected
2026-10-07 18:46:53,RUN,1000,0,142,1,1,4,Connected
2026-10-07 18:46:53,RUN,1000,0,142,1,1,4,Connected
2026-10-07 18:46:54,RUN,1000,0,142,1,1,4,Connected
2026-10-07 18:46:54,RUN,1000,0,142,1,1,4,Connected
2026-10-07 18:46:55,RUN,1000,0,142,1,1,4,Connected
2026-10-07 18:46:55,RUN,1000,0,142,1,1,4,Connected
2026-10-07 18:46:56,RUN,1000,0,142,1,1,4,Connected
2026-10-07 18:46:56,RUN,1000,0,142,1,1,4,Connected
2026-10-07 18:46:57,RUN,1000,0,142,1,1,4,Connected
2026-10-07 18:46:57,RUN,1000,0,142,1,1,4,Connected
2026-10-07 18:46:58,RUN,1000,0,142,1,1,4,Connected
2026-10-07 18:46:58,RUN,1000,0,142,1,1,4,Connected
2026-10-07 18:46:59,RUN,1000,0,142,1,1,4,Connected
2026-10-07 18:46:59,RUN,1000,0,142,1,1,4,Connected
2026-10-07 18:47:00,RUN,1000,0,142,1,1,4,Connected
2026-10-07 18:47:01,RUN,1000,0,142,1,1,4,Connected
2026-10-07 18:47:01,RUN,1000,0,142,1,1,4,Connected
2026-10-07 18:47:02,RUN,1000,0,142,1,1,4,Connected
2026-10-07 18:47:02,RUN,1000,0,142,1,1,4,Connected
2026-10-07 18:47:03,RUN,1000,0,142,1,1,4,Connected
2026-10-07 18:47:03,RUN,1000,0,142,1,1,4,Connected
2026-10-07 18:47:04,RUN,1000,0,142,1,1,4,Connected
2026-10-07 18:47:04,RUN,1000,0,142,1,1,4,Connected
2026-10-07 18:47:05,RUN,1000,0,142,1,1,4,Connected
2026-10-07 18:47:05,RUN,1000,0,142,1,1,4,Connected
2026-10-07 18:47:06,RUN,1000,0,142,1,1,4,Connected
2026-10-07 18:47:06,RUN,1000,0,142,1,1,4,Connected
2026-10-07 18:47:07,RUN,1000,0,142,1,1,4,Connected
2026-10-07 18:47:07,RUN,1000,0,142,1,1,4,Connected
2026-10-07 18:47:08,RUN,1000,0,142,1,1,4,Connected
2026-10-07 18:47:08,RUN,1000,0,142,1,1,4,Connected
2026-10-07 18:47:09,RUN,1000,0,142,1,1,4,Connected
2026-10-07 18:47:09,RUN,1000,0,142,1,1,4,Connected
2026-10-07 18:47:10,RUN,1000,0,142,1,1,4,Connected
2026-10-07 18:47:10,RUN,1000,0,142,1,1,4,Connected
2026-10-07 18:47:11,RUN,1000,0,142,1,1,4,Connected
2026-10-07 18:47:11,RUN,1000,0,142,1,1,4,Connected
2026-10-07 18:47:12,RUN,1000,0,142,1,1,4,Connected
2026-10-07 18:47:12,RUN,1000,0,142,1,1,4,Connected
2026-10-07 18:47:13,RUN,1000,0,142,1,1,4,Connected
2026-10-07 18:47:13,RUN,1000,0,142,1,1,4,Connected
2026-10-07 18:47:14,RUN,1000,0,142,1,1,4,Connected
2026-10-07 18:47:14,RUN,1000,0,142,1,1,4,Connected
2026-10-07 18:47:15,RUN,1000,0,142,1,1,4,Connected
2026-10-07 18:47:15,RUN,1000,0,142,1,1,4,Connected
2026-10-07 18:47:16,RUN,1000,0,142,1,1,4,Connected
2026-10-07 18:47:16,RUN,1000,0,142,1,1,4,Connected
2026-10-07 18:47:17,RUN,1000,0,142,1,1,4,Connected
2026-10-07 18:47:17,RUN,1000,0,142,1,1,4,Connected
2026-10-07 18:47:18,RUN,1000,0,142,1,1,4,Connected
2026-10-07 18:47:18,RUN,1000,0,142,1,1,4,Connected
2026-10-07 18:47:19,RUN,1000,0,142,1,1,4,Connected
2026-10-07 18:47:19,RUN,1000,0,142,1,1,4,Connected
2026-10-07 18:47:20,RUN,1000,0,142,1,1,4,Connected
2026-10-07 18:47:20,RUN,1000,0,142,1,1,4,Connected
2026-10-07 18:47:21,RUN,1000,0,142,1,1,4,Connected
2026-10-07 18:47:21,RUN,1000,0,142,1,1,4,Connected
2026-10-07 18:47:22,RUN,1000,0,142,1,1,4,Connected
2026-10-07 18:47:22,RUN,1000,0,142,1,1,4,Connected
2026-10-07 18:47:23,RUN,1000,0,142,1,1,4,Connected
2026-10-07 18:47:23,RUN,1000,0,142,1,1,4,Connected
2026-10-07 18:47:24,RUN,1000,0,142,1,1,4,Connected
2026-10-07 18:47:24,RUN,1000,0,142,1,1,4,Connected
2026-10-07 18:47:25,RUN,1000,0,142,1,1,4,Connected
2026-10-07 18:47:25,RUN,1000,0,142,1,1,4,Connected
2026-10-07 18:47:26,RUN,1000,0,142,1,1,4,Connected
2026-10-07 18:47:26,RUN,1000,0,142,1,1,4,Connected
2026-10-07 18:47:27,RUN,1000,0,142,1,1,4,Connected
2026-10-07 18:47:27,RUN,1000,0,142,1,1,4,Connected
2026-10-07 18:47:28,RUN,1000,0,142,1,1,4,Connected
2026-10-07 18:47:28,RUN,1000,0,142,1,1,4,Connected
2026-10-07 18:47:29,RUN,1000,0,142,1,1,4,Connected
2026-10-07 18:47:29,RUN,1000,0,142,1,1,4,Connected
2026-10-07 18:47:30,RUN,1000,0,142,1,1,4,Connected
2026-10-07 18:47:30,RUN,1000,0,142,1,1,4,Connected
2026-10-07 18:47:31,RUN,1000,0,142,1,1,4,Connected
2026-10-07 18:47:32,RUN,1000,0,142,1,1,4,Connected
2026-10-07 18:47:32,RUN,1000,0,142,1,1,4,Connected
2026-10-07 18:47:33,RUN,1000,0,142,1,1,4,Connected
2026-10-07 18:47:33,RUN,1000,0,142,1,1,4,Connected
2026-10-07 18:47:34,RUN,1000,0,142,1,1,4,Connected
2026-10-07 18:47:34,RUN,1000,0,142,1,1,4,Connected
2026-10-07 18:47:35,RUN,1000,0,142,1,1,4,Connected
2026-10-07 18:47:35,RUN,1000,0,142,1,1,4,Connected
2026-10-07 18:47:36,RUN,1000,0,142,1,1,4,Connected
2026-10-07 18:47:36,RUN,1000,0,142,1,1,4,Connected
2026-10-07 18:47:37,RUN,1000,0,142,1,1,4,Connected
2026-10-07 18:47:37,RUN,1000,0,142,1,1,4,Connected
2026-10-07 18:47:38,RUN,1000,0,142,1,1,4,Connected
2026-10-07 18:47:38,RUN,1000,0,142,1,1,4,Connected
2026-10-07 18:47:39,RUN,1000,0,142,1,1,4,Connected
2026-10-07 18:47:39,RUN,1000,0,142,1,1,4,Connected
2026-10-07 18:47:40,RUN,1000,0,142,1,1,4,Connected
2026-10-07 18:47:40,RUN,1000,0,142,1,1,4,Connected
2026-10-07 18:47:41,RUN,1000,0,142,1,1,4,Connected
2026-10-07 18:47:41,RUN,1000,0,142,1,1,4,Connected
2026-10-07 18:47:42,RUN,1000,0,142,1,1,4,Connected
2026-10-07 18:47:42,RUN,1000,0,142,1,1,4,Connected
2026-10-07 18:47:43,RUN,1000,0,142,1,1,4,Connected
2026-10-07 18:47:43,RUN,1000,0,142,1,1,4,Connected
2026-10-07 18:47:44,RUN,1000,0,142,1,1,4,Connected
2026-10-07 18:47:44,RUN,1000,0,142,1,1,4,Connected
2026-10-07 18:47:45,RUN,1000,0,142,1,1,4,Connected
2026-10-07 18:47:45,RUN,1000,0,142,1,1,4,Connected
2026-10-07 18:47:46,RUN,1000,0,142,1,1,4,Connected
2026-10-07 18:47:46,RUN,1000,0,142,1,1,4,Connected
2026-10-07 18:47:47,RUN,1000,0,142,1,1,4,Connected
2026-10-07 18:47:47,RUN,1000,0,142,1,1,4,Connected
2026-10-07 18:47:48,RUN,1000,0,142,1,1,4,Connected
2026-10-07 18:47:48,RUN,1000,0,142,1,1,4,Connected
2026-10-07 18:47:49,RUN,1000,0,142,1,1,4,Connected
2026-10-07 18:47:49,RUN,1000,0,142,1,1,4,Connected
2026-10-07 18:47:50,RUN,1000,0,142,1,1,4,Connected
2026-10-07 18:47:50,RUN,1000,0,142,1,1,4,Connected
2026-10-07 18:47:51,RUN,1000,0,142,1,1,4,Connected
2026-10-07 18:47:51,RUN,1000,0,142,1,1,4,Connected
2026-10-07 18:47:52,RUN,1000,0,142,1,1,4,Connected
2026-10-07 18:47:52,RUN,1000,0,142,1,1,4,Connected
2026-10-07 18:47:53,RUN,1000,0,142,1,1,4,Connected
2026-10-07 18:47:53,RUN,1000,0,142,1,1,4,Connected
2026-10-07 18:47:54,RUN,1000,0,142,1,1,4,Connected
2026-10-07 18:47:54,RUN,1000,0,142,1,1,4,Connected
2026-10-07 18:47:55,RUN,1000,0,142,1,1,4,Connected
2026-10-07 18:47:55,RUN,1000,0,142,1,1,4,Connected
2026-10-07 18:47:56,RUN,1000,0,142,1,1,4,Connected
2026-10-07 18:47:56,RUN,1000,0,142,1,1,4,Connected
2026-10-07 18:47:57,RUN,1000,0,142,1,1,4,Connected
2026-10-07 18:47:57,RUN,1000,0,142,1,1,4,Connected
2026-10-07 18:47:58,RUN,1000,0,142,1,1,4,Connected
2026-10-07 18:47:58,RUN,1000,0,142,1,1,4,Connected
2026-10-07 18:47:59,RUN,1000,0,142,1,1,4,Connected
2026-10-07 18:47:59,RUN,1000,0,142,1,1,4,Connected
2026-10-07 18:48:00,RUN,1000,0,142,1,1,4,Connected
2026-10-07 18:48:01,RUN,1000,0,142,1,1,4,Connected
2026-10-07 18:48:01,RUN,1000,0,142,1,1,4,Connected
2026-10-07 18:48:02,RUN,1000,0,142,1,1,4,Connected
2026-10-07 18:48:02,RUN,1000,0,142,1,1,4,Connected
2026-10-07 18:48:03,RUN,1000,0,142,1,1,4,Connected
2026-10-07 18:48:03,RUN,1000,0,142,1,1,4,Connected
2026-10-07 18:48:04,RUN,1000,0,142,1,1,4,Connected
2026-10-07 18:48:04,RUN,1000,0,142,1,1,4,Connected
2026-10-07 18:48:05,RUN,1000,0,142,1,1,4,Connected
2026-10-07 18:48:05,RUN,1000,0,142,1,1,4,Connected
2026-10-07 18:48:06,RUN,1000,0,142,1,1,4,Connected
2026-10-07 18:48:06,RUN,1000,0,142,1,1,4,Connected
2026-10-07 18:48:07,RUN,1000,0,142,1,1,4,Connected
2026-10-07 18:48:07,RUN,1000,0,142,1,1,4,Connected
2026-10-07 18:48:08,RUN,1000,0,142,1,1,4,Connected
2026-10-07 18:48:08,RUN,1000,0,142,1,1,4,Connected
2026-10-07 18:48:09,RUN,1000,0,142,1,1,4,Connected
2026-10-07 18:48:09,RUN,1000,0,142,1,1,4,Connected
2026-10-07 18:48:10,RUN,1000,0,142,1,1,4,Connected
2026-10-07 18:48:10,RUN,1000,0,142,1,1,4,Connected
2026-10-07 18:48:11,RUN,1000,0,142,1,1,4,Connected
2026-10-07 18:48:11,RUN,1000,0,142,1,1,4,Connected
2026-10-07 18:48:12,RUN,1000,0,142,1,1,4,Connected
2026-10-07 18:48:12,RUN,1000,0,142,1,1,4,Connected
2026-10-07 18:48:13,RUN,1000,0,142,1,1,4,Connected
2026-10-07 18:48:13,RUN,1000,0,142,1,1,4,Connected
2026-10-07 18:48:14,RUN,1000,0,142,1,1,4,Connected
2026-10-07 18:48:14,RUN,1000,0,142,1,1,4,Connected
2026-10-07 18:48:15,RUN,1000,0,142,1,1,4,Connected
2026-10-07 18:48:15,RUN,1000,0,142,1,1,4,Connected
2026-10-07 18:48:16,RUN,1000,0,142,1,1,4,Connected
2026-10-07 18:48:16,RUN,1000,0,142,1,1,4,Connected
2026-10-07 18:48:17,RUN,1000,0,142,1,1,4,Connected
2026-10-07 18:48:17,RUN,1000,0,142,1,1,4,Connected
2026-10-07 18:48:18,RUN,1000,0,142,1,1,4,Connected
2026-10-07 18:48:18,RUN,1000,0,142,1,1,4,Connected
2026-10-07 18:48:19,RUN,1000,0,142,1,1,4,Connected
2026-10-07 18:48:19,RUN,1000,0,142,1,1,4,Connected
2026-10-07 18:48:20,RUN,1000,0,142,1,1,4,Connected
2026-10-07 18:48:20,RUN,1000,0,142,1,1,4,Connected
2026-10-07 18:48:21,RUN,1000,0,142,1,1,4,Connected
2026-10-07 18:48:21,RUN,1000,0,142,1,1,4,Connected
2026-10-07 18:48:22,RUN,1000,0,142,1,1,4,Connected
2026-10-07 18:48:22,RUN,1000,0,142,1,1,4,Connected
2026-10-07 18:48:23,RUN,1000,0,142,1,1,4,Connected
2026-10-07 18:48:23,RUN,1000,0,142,1,1,4,Connected
2026-10-07 18:48:24,RUN,1000,0,142,1,1,4,Connected
2026-10-07 18:48:24,RUN,1000,0,142,1,1,4,Connected
2026-10-07 18:48:25,RUN,1000,0,142,1,1,4,Connected
2026-10-07 18:48:25,RUN,1000,0,142,1,1,4,Connected
2026-10-07 18:48:26,RUN,1000,0,142,1,1,4,Connected
2026-10-07 18:48:26,RUN,1000,0,142,1,1,4,Connected
2026-10-07 18:48:27,RUN,1000,0,142,1,1,4,Connected
2026-10-07 18:48:27,RUN,1000,0,142,1,1,4,Connected
2026-10-07 18:48:28,RUN,1000,0,142,1,1,4,Connected
2026-10-07 18:48:28,RUN,1000,0,142,1,1,4,Connected
2026-10-07 18:48:29,RUN,1000,0,142,1,1,4,Connected
2026-10-07 18:48:29,RUN,1000,0,142,1,1,4,Connected
2026-10-07 18:48:30,RUN,1000,0,142,1,1,4,Connected
2026-10-07 18:48:30,RUN,1000,0,142,1,1,4,Connected
2026-10-07 18:48:31,RUN,1000,0,142,1,1,4,Connected
2026-10-07 18:48:31,RUN,1000,0,142,1,1,4,Connected
2026-10-07 18:48:32,RUN,1000,0,142,1,1,4,Connected
2026-10-07 18:48:32,RUN,1000,0,142,1,1,4,Connected
2026-10-07 18:48:33,RUN,1000,0,142,1,1,4,Connected
2026-10-07 18:48:33,RUN,1000,0,142,1,1,4,Connected
2026-10-07 18:48:34,RUN,1000,0,142,1,1,4,Connected
2026-10-07 18:48:34,RUN,1000,0,142,1,1,4,Connected
2026-10-07 18:48:35,RUN,1000,0,142,1,1,4,Connected
2026-10-07 18:48:35,RUN,1000,0,142,1,1,4,Connected
2026-10-07 18:48:36,RUN,1000,0,142,1,1,4,Connected
2026-10-07 18:48:36,RUN,1000,0,142,1,1,4,Connected
2026-10-07 18:48:37,RUN,1000,0,142,1,1,4,Connected
2026-10-07 18:48:37,RUN,1000,0,142,1,1,4,Connected
2026-10-07 18:48:38,RUN,1000,0,142,1,1,4,Connected
2026-10-07 18:48:38,RUN,1000,0,142,1,1,4,Connected
2026-10-07 18:48:39,RUN,1000,0,142,1,1,4,Connected
2026-10-07 18:48:39,RUN,1000,0,142,1,1,4,Connected
2026-10-07 18:48:40,RUN,1000,0,142,1,1,4,Connected
2026-10-07 18:48:40,RUN,1000,0,142,1,1,4,Connected
2026-10-07 18:48:41,RUN,1000,0,142,1,1,4,Connected
2026-10-07 18:48:41,RUN,1000,0,142,1,1,4,Connected
2026-10-07 18:48:42,RUN,1000,0,142,1,1,4,Connected
2026-10-07 18:48:42,RUN,1000,0,142,1,1,4,Connected
2026-10-07 18:48:43,RUN,1000,0,142,1,1,4,Connected
2026-10-07 18:48:43,RUN,1000,0,142,1,1,4,Connected
2026-10-07 18:48:44,RUN,1000,0,142,1,1,4,Connected
2026-10-07 18:48:44,RUN,1000,0,142,1,1,4,Connected
2026-10-07 18:48:45,RUN,1000,0,142,1,1,4,Connected
2026-10-07 18:48:45,RUN,1000,0,142,1,1,4,Connected
2026-10-07 18:48:46,RUN,1000,0,142,1,1,4,Connected
2026-10-07 18:48:46,RUN,1000,0,142,1,1,4,Connected
2026-10-07 18:48:47,RUN,1000,0,142,1,1,4,Connected
2026-10-07 18:48:47,RUN,1000,0,142,1,1,4,Connected
2026-10-07 18:48:48,RUN,1000,0,142,1,1,4,Connected
2026-10-07 18:48:48,RUN,1000,0,142,1,1,4,Connected
2026-10-07 18:48:49,RUN,1000,0,142,1,1,4,Connected
2026-10-07 18:48:49,RUN,1000,0,142,1,1,4,Connected
2026-10-07 18:48:50,RUN,1000,0,142,1,1,4,Connected
2026-10-07 18:48:50,RUN,1000,0,142,1,1,4,Connected
2026-10-07 18:48:51,RUN,1000,0,142,1,1,4,Connected
2026-10-07 18:48:51,RUN,1000,0,142,1,1,4,Connected
2026-10-07 18:48:52,RUN,1000,0,142,1,1,4,Connected
2026-10-07 18:48:52,RUN,1000,0,142,1,1,4,Connected
2026-10-07 18:48:53,RUN,1000,0,142,1,1,4,Connected
2026-10-07 18:48:53,RUN,1000,0,142,1,1,4,Connected
2026-10-07 18:48:54,RUN,1000,0,142,1,1,4,Connected
2026-10-07 18:48:54,RUN,1000,0,142,1,1,4,Connected
2026-10-07 18:48:55,RUN,1000,0,142,1,1,4,Connected
2026-10-07 18:48:55,RUN,1000,0,142,1,1,4,Connected
2026-10-07 18:48:56,RUN,1000,0,142,1,1,4,Connected
2026-10-07 18:48:56,RUN,1000,0,142,1,1,4,Connected
2026-10-07 18:48:57,RUN,1000,0,142,1,1,4,Connected
2026-10-07 18:48:57,RUN,1000,0,142,1,1,4,Connected
2026-10-07 18:48:58,RUN,1000,0,142,1,1,4,Connected
2026-10-07 18:48:58,RUN,1000,0,142,1,1,4,Connected
2026-10-07 18:48:59,RUN,1000,0,142,1,1,4,Connected
2026-10-07 18:48:59,RUN,1000,0,142,1,1,4,Connected
2026-10-07 18:49:00,RUN,1000,0,142,1,1,4,Connected
2026-10-07 18:49:00,RUN,1000,0,142,1,1,4,Connected
2026-10-07 18:49:01,RUN,1000,0,142,1,1,4,Connected
2026-10-07 18:49:01,RUN,1000,0,142,1,1,4,Connected
2026-10-07 18:49:02,RUN,1000,0,142,1,1,4,Connected
2026-10-07 18:49:02,RUN,1000,0,142,1,1,4,Connected
2026-10-07 18:49:03,RUN,1000,0,142,1,1,4,Connected
2026-10-07 18:49:03,RUN,1000,0,142,1,1,4,Connected
2026-10-07 18:49:04,RUN,1000,0,142,1,1,4,Connected
2026-10-07 18:49:04,RUN,1000,0,142,1,1,4,Connected
2026-10-07 18:49:05,RUN,1000,0,142,1,1,4,Connected
2026-10-07 18:49:05,RUN,1000,0,142,1,1,4,Connected
2026-10-07 18:49:06,RUN,1000,0,142,1,1,4,Connected
2026-10-07 18:49:06,RUN,1000,0,142,1,1,4,Connected
2026-10-07 18:49:07,RUN,1000,0,142,1,1,4,Connected
2026-10-07 18:49:07,RUN,1000,0,142,1,1,4,Connected
2026-10-07 18:49:08,RUN,1000,0,142,1,1,4,Connected
2026-10-07 18:49:08,RUN,1000,0,142,1,1,4,Connected
2026-10-07 18:49:09,RUN,1000,0,142,1,1,4,Connected
2026-10-07 18:49:09,RUN,1000,0,142,1,1,4,Connected
2026-10-07 18:49:10,RUN,1000,0,142,1,1,4,Connected
2026-10-07 18:49:10,RUN,1000,0,142,1,1,4,Connected
2026-10-07 18:49:11,RUN,1000,0,142,1,1,4,Connected
2026-10-07 18:49:11,RUN,1000,0,142,1,1,4,Connected
2026-10-07 18:49:12,RUN,1000,0,142,1,1,4,Connected
2026-10-07 18:49:12,RUN,1000,0,142,1,1,4,Connected
2026-10-07 18:49:13,RUN,1000,0,142,1,1,4,Connected
2026-10-07 18:49:13,RUN,1000,0,142,1,1,4,Connected
2026-10-07 18:49:14,RUN,1000,0,142,1,1,4,Connected
2026-10-07 18:49:14,RUN,1000,0,142,1,1,4,Connected
2026-10-07 18:49:15,RUN,1000,0,142,1,1,4,Connected
2026-10-07 18:49:15,RUN,1000,0,142,1,1,4,Connected
2026-10-07 18:49:16,RUN,1000,0,142,1,1,4,Connected
2026-10-07 18:49:16,RUN,1000,0,142,1,1,4,Connected
2026-10-07 18:49:17,RUN,1000,0,142,1,1,4,Connected
2026-10-07 18:49:17,RUN,1000,0,142,1,1,4,Connected
2026-10-07 18:49:18,RUN,1000,0,142,1,1,4,Connected
2026-10-07 18:49:18,RUN,1000,0,142,1,1,4,Connected
2026-10-07 18:49:19,RUN,1000,0,142,1,1,4,Connected
2026-10-07 18:49:19,RUN,1000,0,142,1,1,4,Connected
2026-10-07 18:49:20,RUN,1000,0,142,1,1,4,Connected
2026-10-07 18:49:20,RUN,1000,0,142,1,1,4,Connected
2026-10-07 18:49:21,RUN,1000,0,142,1,1,4,Connected
2026-10-07 18:49:21,RUN,1000,0,142,1,1,4,Connected
2026-10-07 18:49:22,RUN,1000,0,142,1,1,4,Connected
2026-10-07 18:49:22,RUN,1000,0,142,1,1,4,Connected
2026-10-07 18:49:23,RUN,1000,0,142,1,1,4,Connected
2026-10-07 18:49:23,RUN,1000,0,142,1,1,4,Connected
2026-10-07 18:49:24,RUN,1000,0,142,1,1,4,Connected
2026-10-07 18:49:24,RUN,1000,0,142,1,1,4,Connected
2026-10-07 18:49:25,RUN,1000,0,142,1,1,4,Connected
2026-10-07 18:49:25,RUN,1000,0,142,1,1,4,Connected
2026-10-07 18:49:26,RUN,1000,0,142,1,1,4,Connected
2026-10-07 18:49:26,RUN,1000,0,142,1,1,4,Connected
2026-10-07 18:49:27,RUN,1000,0,142,1,1,4,Connected
2026-10-07 18:49:27,RUN,1000,0,142,1,1,4,Connected
2026-10-07 18:49:28,RUN,1000,0,142,1,1,4,Connected
2026-10-07 18:49:28,RUN,1000,0,142,1,1,4,Connected
2026-10-07 18:49:29,RUN,1000,0,142,1,1,4,Connected
2026-10-07 18:49:29,RUN,1000,0,142,1,1,4,Connected
2026-10-07 18:49:30,RUN,1000,0,142,1,1,4,Connected
2026-10-07 18:49:30,RUN,1000,0,142,1,1,4,Connected
2026-10-07 18:49:31,RUN,1000,0,142,1,1,4,Connected
2026-10-07 18:49:31,RUN,1000,0,142,1,1,4,Connected
2026-10-07 18:49:32,RUN,1000,0,142,1,1,4,Connected
2026-10-07 18:49:32,RUN,1000,0,142,1,1,4,Connected
2026-10-07 18:49:33,RUN,1000,0,142,1,1,4,Connected
2026-10-07 18:49:33,RUN,1000,0,142,1,1,4,Connected
2026-10-07 18:49:34,RUN,1000,0,142,1,1,4,Connected
2026-10-07 18:49:34,RUN,1000,0,142,1,1,4,Connected
2026-10-07 18:49:35,RUN,1000,0,142,1,1,4,Connected
2026-10-07 18:49:35,RUN,1000,0,142,1,1,4,Connected
2026-10-07 18:49:36,RUN,1000,0,142,1,1,4,Connected
2026-10-07 18:49:36,RUN,1000,0,142,1,1,4,Connected
2026-10-07 18:49:37,RUN,1000,0,142,1,1,4,Connected
2026-10-07 18:54:26,,0,0,0,0,0,2,Disconnected
2026-10-07 18:54:36,,0,0,0,0,0,2,Disconnected
2026-10-07 18:54:46,,0,0,0,0,0,2,Disconnected
2026-10-07 18:54:56,,0,0,0,0,0,2,Disconnected
2026-10-07 18:55:06,,0,0,0,0,0,2,Disconnected
2026-10-07 18:55:16,,0,0,0,0,0,2,Disconnected
2026-10-07 18:55:26,,0,0,0,0,0,2,Disconnected
2026-10-07 18:55:36,,0,0,0,0,0,3,Disconnected
2026-10-07 18:55:46,,0,0,0,0,0,3,Disconnected
2026-10-07 18:55:56,,0,0,0,0,0,3,Disconnected
2026-10-07 18:56:06,,0,0,0,0,0,3,Disconnected
2026-10-07 18:56:16,,0,0,0,0,0,3,Disconnected
2026-10-07 18:56:26,,0,0,0,0,0,3,Disconnected
2026-10-07 18:56:36,,0,0,0,0,0,3,Disconnected
2026-10-07 18:56:46,,0,0,0,0,0,3,Disconnected
2026-10-07 18:56:56,,0,0,0,0,0,3,Disconnected
2026-10-07 18:57:06,,0,0,0,0,0,3,Disconnected
2026-10-07 18:57:16,,0,0,0,0,0,3,Disconnected
2026-10-07 18:57:26,,0,0,0,0,0,3,Disconnected
2026-10-07 18:57:36,,0,0,0,0,0,3,Disconnected
2026-10-07 18:57:46,,0,0,0,0,0,3,Disconnected
2026-10-07 18:57:56,,0,0,0,0,0,3,Disconnected
2026-10-07 18:58:06,,0,0,0,0,0,3,Disconnected
2026-10-07 19:00:15,,0,0,0,0,0,2,Disconnected
2026-10-07 19:00:16,,0,0,0,0,0,2,Disconnected
2026-10-07 19:00:17,,0,0,0,0,0,2,Disconnected
2026-10-07 19:00:18,,0,0,0,0,0,2,Disconnected
2026-10-07 19:00:19,,0,0,0,0,0,2,Disconnected
2026-10-07 19:00:20,,0,0,0,0,0,2,Disconnected
2026-10-07 19:00:21,,0,0,0,0,0,2,Disconnected
2026-10-07 19:00:22,,0,0,0,0,0,3,Disconnected
2026-10-07 19:00:23,,0,0,0,0,0,3,Disconnected
2026-10-07 19:00:24,,0,0,0,0,0,3,Disconnected
2026-10-07 19:00:25,,0,0,0,0,0,3,Disconnected
2026-10-08 10:50:51,RUN,0,0,0,0,0,2,Disconnected
2026-10-08 10:50:51,RUN,0,0,0,0,0,2,Disconnected
2026-10-08 10:50:51,RUN,0,0,0,0,0,2,Disconnected
2026-10-08 10:50:51,RUN,0,0,0,0,0,2,Disconnected
2026-10-08 10:50:51,RUN,0,0,0,0,1,5,Disconnected
2026-10-08 10:50:51,RUN,0,0,0,0,1,5,Disconnected
2026-10-08 10:50:51,RUN,0,0,0,0,1,5,Disconnected
2026-10-08 10:50:51,RUN,0,0,0,0,1,5,Disconnected
2026-10-08 10:50:51,RUN,0,0,0,0,1,5,Disconnected
2026-10-08 10:50:51,RUN,0,0,0,0,1,5,Disconnected
2026-10-08 10:50:51,RUN,0,0,0,0,1,5,Disconnected
2026-10-08 10:50:51,RUN,0,0,0,0,1,5,Disconnected
2026-10-08 10:50:51,RUN,0,0,0,0,1,5,Disconnected
2026-10-08 10:50:51,RUN,0,0,0,0,1,5,Disconnected
2026-10-08 10:50:51,RUN,0,0,0,0,1,5,Disconnected
2026-10-08 10:50:51,RUN,0,0,0,0,1,5,Disconnected
2026-10-08 10:50:51,RUN,0,0,0,0,1,5,Disconnected
2026-10-08 10:50:51,RUN,0,0,0,0,1,5,Disconnected
2026-10-08 10:50:51,RUN,0,0,0,0,1,5,Disconnected
2026-10-08 10:50:51,RUN,0,0,0,0,1,5,Disconnected
2026-10-08 10:50:51,RUN,0,0,0,0,1,5,Disconnected
2026-10-08 10:50:51,RUN,0,0,0,0,1,5,Disconnected
2026-10-08 10:50:51,RUN,0,0,0,0,1,5,Disconnected
2026-10-08 10:50:51,RUN,0,0,0,0,1,5,Disconnected
2026-10-08 10:50:51,RUN,0,0,0,0,1,5,Disconnected
2026-10-08 10:50:51,RUN,0,0,0,0,1,5,Disconnected
2026-10-08 10:50:51,RUN,0,0,0,0,1,5,Disconnected
2026-10-08 10:50:51,RUN,0,0,0,0,1,5,Disconnected
2026-10-08 10:50:51,RUN,0,0,0,0,1,5,Disconnected
2026-10-08 10:50:51,RUN,0,0,0,0,1,5,Disconnected
2026-10-08 10:50:51,RUN,0,0,0,0,1,5,Disconnected
2026-10-08 10:50:51,RUN,0,0,0,0,1,5,Disconnected
2026-10-08 10:50:51,RUN,0,0,0,0,1,5,Disconnected
2026-10-08 10:50:52,RUN,0,0,0,0,1,5,Disconnected
2026-10-08 10:50:52,RUN,0,0,0,0,1,5,Disconnected
2026-10-08 10:50:52,RUN,0,0,0,0,1,5,Disconnected
2026-10-08 10:50:52,RUN,0,0,0,0,1,5,Disconnected
2026-10-08 10:50:52,RUN,0,0,0,0,1,5,Disconnected
2026-10-08 10:50:52,RUN,0,0,0,0,1,5,Disconnected
2026-10-08 10:50:52,RUN,0,0,0,0,1,5,Disconnected
2026-10-08 10:50:52,RUN,0,0,0,0,1,5,Disconnected
2026-10-08 10:50:52,RUN,0,0,0,0,1,5,Disconnected
2026-10-08 10:50:52,RUN,0,0,0,0,1,5,Disconnected
2026-10-08 10:50:52,RUN,0,0,0,0,1,5,Disconnected
2026-10-08 10:50:52,RUN,0,0,0,0,1,5,Disconnected
2026-10-08 10:50:52,RUN,0,0,0,0,1,5,Disconnected
2026-10-08 10:50:52,RUN,0,0,0,0,1,5,Disconnected
2026-10-08 10:50:52,RUN,0,0,0,0,1,5,Disconnected
2026-10-08 10:50:52,RUN,0,0,0,0,1,5,Disconnected
2026-10-08 10:50:52,RUN,0,0,0,0,1,5,Disconnected
2026-10-08 10:50:52,RUN,0,0,0,0,1,5,Disconnected
2026-10-08 10:50:52,RUN,0,0,0,0,1,5,Disconnected
2026-10-08 10:50:52,RUN,0,0,0,0,1,5,Disconnected
2026-10-08 10:50:52,RUN,0,0,0,0,1,5,Disconnected
2026-10-08 10:50:52,RUN,0,0,0,0,1,5,Disconnected
2026-10-08 10:50:52,RUN,0,0,0,0,1,5,Disconnected
2026-10-08 10:50:52,RUN,0,0,0,0,1,5,Disconnected
2026-10-08 10:50:52,RUN,0,0,0,0,1,5,Disconnected
2026-10-08 10:50:52,RUN,0,0,0,0,1,5,Disconnected
2026-10-08 10:50:52,RUN,0,0,0,0,1,5,Disconnected
2026-10-08 10:50:52,RUN,0,0,0,0,1,5,Disconnected
2026-10-08 10:50:52,RUN,0,0,0,0,1,5,Disconnected
2026-10-08 10:50:52,RUN,0,0,0,0,1,5,Disconnected
2026-10-08 10:50:52,RUN,0,0,0,0,1,5,Disconnected
2026-10-08 10:50:52,RUN,0,0,0,0,1,5,Disconnected
2026-10-08 10:50:52,RUN,0,0,0,0,1,5,Disconnected
2026-10-08 10:50:52,RUN,0,0,0,0,1,5,Disconnected
2026-10-08 10:50:52,RUN,0,0,0,0,1,5,Disconnected
2026-10-08 10:50:52,RUN,0,0,0,0,1,5,Disconnected
2026-10-08 10:50:52,RUN,0,0,0,0,1,5,Disconnected
2026-10-08 10:50:52,RUN,0,0,0,0,1,5,Disconnected
2026-10-08 10:50:52,RUN,0,0,0,0,1,5,Disconnected
2026-10-08 10:50:53,RUN,0,0,0,0,1,5,Disconnected
2026-10-08 10:50:53,RUN,0,0,0,0,1,5,Disconnected
2026-10-08 10:50:53,RUN,0,0,0,0,1,5,Disconnected
2026-10-08 10:50:53,RUN,0,0,0,0,1,5,Disconnected
2026-10-08 10:50:53,RUN,0,0,0,0,1,5,Disconnected
2026-10-08 10:50:53,RUN,0,0,0,0,1,5,Disconnected
2026-10-08 10:50:53,RUN,0,0,0,0,1,5,Disconnected
2026-10-08 10:50:53,RUN,0,0,0,0,1,5,Disconnected
2026-10-08 10:50:53,RUN,0,0,0,0,1,5,Disconnected
2026-10-08 10:50:53,RUN,0,0,0,0,1,5,Disconnected
2026-10-08 10:50:53,RUN,0,0,0,0,1,5,Disconnected
2026-10-08 10:50:53,RUN,0,0,0,0,1,5,Disconnected
2026-10-08 10:50:53,RUN,0,0,0,0,1,5,Disconnected
2026-10-08 10:50:53,RUN,0,0,0,0,1,5,Disconnected
2026-10-08 10:50:53,RUN,0,0,0,0,1,5,Disconnected
2026-10-08 10:50:53,RUN,0,0,0,0,1,5,Disconnected
2026-10-08 10:50:53,RUN,0,0,0,0,1,5,Disconnected
2026-10-08 10:50:53,RUN,0,0,0,0,1,5,Disconnected
2026-10-08 10:50:53,RUN,0,0,0,0,1,5,Disconnected
2026-10-08 10:50:53,RUN,0,0,0,0,1,5,Disconnected
2026-10-08 10:50:53,RUN,0,0,0,0,1,5,Disconnected
2026-10-08 10:50:53,RUN,0,0,0,0,1,5,Disconnected
2026-10-08 10:50:53,RUN,0,0,0,0,1,5,Disconnected
2026-10-08 10:50:53,RUN,0,0,0,0,1,5,Disconnected
2026-10-08 10:50:53,RUN,0,0,0,0,1,5,Disconnected
2026-10-08 10:50:53,RUN,0,0,0,0,1,5,Disconnected
2026-10-08 10:50:53,RUN,0,0,0,0,1,5,Disconnected
2026-10-08 10:50:53,RUN,0,0,0,0,1,5,Disconnected
2026-10-08 10:50:53,RUN,0,0,0,0,1,5,Disconnected
2026-10-08 10:50:53,RUN,0,0,0,0,1,5,Disconnected
2026-10-08 10:50:53,RUN,0,0,0,0,1,5,Disconnected
2026-10-08 10:50:53,RUN,0,0,0,0,1,5,Disconnected
2026-10-08 10:50:53,RUN,0,0,0,0,1,5,Disconnected
2026-10-08 10:50:53,RUN,0,0,0,0,1,5,Disconnected
2026-10-08 10:50:53,RUN,0,0,0,0,1,5,Disconnected
2026-10-08 10:50:53,RUN,0,0,0,0,1,5,Disconnected
2026-10-08 10:50:53,RUN,0,0,0,0,1,5,Disconnected
2026-10-08 10:50:53,RUN,0,0,0,0,1,5,Disconnected
2026-10-08 10:50:53,RUN,0,0,0,0,1,5,Disconnected
2026-10-08 10:50:53,RUN,0,0,0,0,1,5,Disconnected
2026-10-08 10:50:53,RUN,0,0,0,0,1,5,Disconnected
2026-10-08 10:50:53,RUN,0,0,0,0,1,5,Disconnected
2026-10-08 10:50:53,RUN,0,0,0,0,1,5,Disconnected
2026-10-08 10:50:53,RUN,0,0,0,0,1,5,Disconnected
2026-10-08 10:50:53,RUN,0,0,0,0,1,5,Disconnected
2026-10-08 10:50:53,RUN,0,0,0,0,1,5,Disconnected
2026-10-08 10:50:53,RUN,0,0,0,0,1,5,Disconnected
2026-10-08 10:50:53,RUN,0,0,0,0,1,5,Disconnected
2026-10-08 10:50:54,RUN,0,0,0,0,1,5,Disconnected
2026-10-08 10:50:54,RUN,0,0,0,0,1,5,Disconnected
2026-10-08 10:50:54,RUN,0,0,0,0,1,5,Disconnected
2026-10-08 10:50:54,RUN,0,0,0,0,1,5,Disconnected
2026-10-08 10:50:54,RUN,0,0,0,0,1,5,Disconnected
2026-10-08 10:50:54,RUN,0,0,0,0,1,5,Disconnected
2026-10-08 10:50:54,RUN,0,0,0,0,1,5,Disconnected
2026-10-08 10:50:54,RUN,0,0,0,0,1,5,Disconnected
2026-10-08 10:50:54,RUN,0,0,0,0,1,5,Disconnected
2026-10-08 10:50:54,RUN,0,0,0,0,1,5,Disconnected
2026-10-08 10:50:54,RUN,0,0,0,0,1,5,Disconnected
2026-10-08 10:50:54,RUN,0,0,0,0,1,5,Disconnected
2026-10-08 10:50:54,RUN,0,0,0,0,1,5,Disconnected
2026-10-08 10:50:54,RUN,0,0,0,0,1,5,Disconnected
2026-10-08 10:50:54,RUN,0,0,0,0,1,5,Disconnected
2026-10-08 10:50:54,RUN,0,0,0,0,1,5,Disconnected
2026-10-08 10:50:54,RUN,0,0,0,0,1,5,Disconnected
2026-10-08 10:50:54,RUN,0,0,0,0,1,5,Disconnected
2026-10-08 10:50:54,RUN,0,0,0,0,1,5,Disconnected
2026-10-08 10:50:54,RUN,0,0,0,0,1,5,Disconnected
2026-10-08 10:50:54,RUN,0,0,0,0,1,5,Disconnected
2026-10-08 10:50:54,RUN,0,0,0,0,1,5,Disconnected
2026-10-08 10:50:54,RUN,0,0,0,0,1,5,Disconnected
2026-10-08 10:50:54,RUN,0,0,0,0,1,5,Disconnected
2026-10-08 10:50:54,RUN,0,0,0,0,1,5,Disconnected
2026-10-08 10:50:54,RUN,0,0,0,0,1,5,Disconnected
2026-10-08 10:50:54,RUN,0,0,0,0,1,5,Disconnected
2026-10-08 10:50:54,RUN,0,0,0,0,1,5,Disconnected
2026-10-08 10:50:54,RUN,0,0,0,0,1,5,Disconnected
2026-10-08 10:50:54,RUN,0,0,0,0,1,5,Disconnected
2026-10-08 10:50:54,RUN,0,0,0,0,1,5,Disconnected
2026-10-08 10:50:54,RUN,0,0,0,0,1,5,Disconnected
2026-10-08 10:50:54,RUN,0,0,0,0,1,5,Disconnected
2026-10-08 10:50:54,RUN,0,0,0,0,1,5,Disconnected
2026-10-08 10:50:54,RUN,0,0,0,0,1,5,Disconnected
2026-10-08 10:50:54,RUN,0,0,0,0,1,5,Disconnected
2026-10-08 10:50:55,RUN,0,0,0,0,1,5,Disconnected
2026-10-08 10:50:55,RUN,0,0,0,0,1,5,Disconnected
2026-10-08 10:50:55,RUN,0,0,0,0,1,5,Disconnected
2026-10-08 10:50:55,RUN,0,0,0,0,1,5,Disconnected
2026-10-08 10:50:55,RUN,0,0,0,0,1,5,Disconnected
2026-10-08 10:50:55,RUN,0,0,0,0,1,5,Disconnected
2026-10-08 10:50:55,RUN,0,0,0,0,1,5,Disconnected
2026-10-08 10:50:55,RUN,0,0,0,0,1,5,Disconnected
2026-10-08 10:50:55,RUN,0,0,0,0,1,5,Disconnected
2026-10-08 10:50:55,RUN,0,0,0,0,1,5,Disconnected
2026-10-08 10:50:55,RUN,0,0,0,0,1,5,Disconnected
2026-10-08 10:50:55,RUN,0,0,0,0,1,5,Disconnected
2026-10-08 10:50:55,RUN,0,0,0,0,1,5,Disconnected
2026-10-08 10:50:55,RUN,0,0,0,0,1,5,Disconnected
2026-10-08 10:50:55,RUN,0,0,0,0,1,5,Disconnected
2026-10-08 10:50:55,RUN,0,0,0,0,1,5,Disconnected
2026-10-08 10:50:55,RUN,0,0,0,0,1,5,Disconnected
2026-10-08 10:50:55,RUN,0,0,0,0,1,5,Disconnected
2026-10-08 10:50:55,RUN,0,0,0,0,1,5,Disconnected
2026-10-08 10:50:55,RUN,0,0,0,0,1,5,Disconnected
2026-10-08 10:50:55,RUN,0,0,0,0,1,5,Disconnected
2026-10-08 10:50:55,RUN,0,0,0,0,1,5,Disconnected
2026-10-08 10:50:55,RUN,0,0,0,0,1,5,Disconnected
2026-10-08 10:50:55,RUN,0,0,0,0,1,5,Disconnected
2026-10-08 10:50:55,RUN,0,0,0,0,1,5,Disconnected
2026-10-08 10:50:55,RUN,0,0,0,0,1,5,Disconnected
2026-10-08 10:50:55,RUN,0,0,0,0,1,5,Disconnected
2026-10-08 10:50:55,RUN,0,0,0,0,1,5,Disconnected
2026-10-08 10:50:55,RUN,0,0,0,0,1,5,Disconnected
2026-10-08 10:50:55,RUN,0,0,0,0,1,5,Disconnected
2026-10-08 10:50:55,RUN,0,0,0,0,1,5,Disconnected
2026-10-08 10:50:55,RUN,0,0,0,0,1,5,Disconnected
2026-10-08 10:50:55,RUN,0,0,0,0,1,5,Disconnected
2026-10-08 10:50:55,RUN,0,0,0,0,1,5,Disconnected
2026-10-08 10:50:55,RUN,0,0,0,0,1,5,Disconnected
2026-10-08 10:50:55,RUN,0,0,0,0,1,5,Disconnected
2026-10-08 10:50:55,RUN,0,0,0,0,1,5,Disconnected
2026-10-08 10:50:55,RUN,0,0,0,0,1,5,Disconnected
2026-10-08 10:50:55,RUN,0,0,0,0,1,5,Disconnected
2026-10-08 10:50:56,RUN,0,0,0,0,1,5,Disconnected
2026-10-08 10:50:56,RUN,0,0,0,0,1,5,Disconnected
2026-10-08 10:50:56,RUN,0,0,0,0,1,5,Disconnected
2026-10-08 10:50:56,RUN,0,0,0,0,1,5,Disconnected
2026-10-08 10:50:56,RUN,0,0,0,0,1,5,Disconnected
2026-10-08 10:50:56,RUN,0,0,0,0,1,5,Disconnected
2026-10-08 10:50:56,RUN,0,0,0,0,1,5,Disconnected
2026-10-08 10:50:56,RUN,0,0,0,0,1,5,Disconnected
2026-10-08 10:50:56,RUN,0,0,0,0,1,5,Disconnected
2026-10-08 10:50:56,RUN,0,0,0,0,1,5,Disconnected
2026-10-08 10:50:56,RUN,0,0,0,0,1,5,Disconnected
2026-10-08 10:50:56,RUN,0,0,0,0,1,5,Disconnected
2026-10-08 10:50:56,RUN,0,0,0,0,1,5,Disconnected
2026-10-08 10:50:56,RUN,0,0,0,0,1,5,Disconnected
2026-10-08 10:50:56,RUN,0,0,0,0,1,5,Disconnected
2026-10-08 10:50:56,RUN,0,0,0,0,1,5,Disconnected
2026-10-08 10:50:56,RUN,0,0,0,0,1,5,Disconnected
2026-10-08 10:50:56,RUN,0,0,0,0,1,5,Disconnected
2026-10-08 10:50:56,RUN,0,0,0,0,1,5,Disconnected
2026-10-08 10:50:56,RUN,0,0,0,0,1,5,Disconnected
2026-10-08 10:50:56,RUN,0,0,0,0,1,5,Disconnected
2026-10-08 10:50:56,RUN,0,0,0,0,1,5,Disconnected
2026-10-08 10:50:56,RUN,0,0,0,0,1,5,Disconnected
2026-10-08 10:50:56,RUN,0,0,0,0,1,5,Disconnected
2026-10-08 10:50:56,RUN,0,0,0,0,1,5,Disconnected
2026-10-08 10:50:56,RUN,0,0,0,0,1,5,Disconnected
2026-10-08 10:50:56,RUN,0,0,0,0,1,5,Disconnected
2026-10-08 10:50:56,RUN,0,0,0,0,1,5,Disconnected
2026-10-08 10:50:56,RUN,0,0,0,0,1,5,Disconnected
2026-10-08 10:50:56,RUN,0,0,0,0,1,5,Disconnected
2026-10-08 10:50:56,RUN,0,0,0,0,1,5,Disconnected
2026-10-08 10:50:56,RUN,0,0,0,0,1,5,Disconnected
2026-10-08 10:50:56,RUN,0,0,0,0,1,5,Disconnected
2026-10-08 10:50:56,RUN,0,0,0,0,1,5,Disconnected
2026-10-08 10:50:56,RUN,0,0,0,0,1,5,Disconnected
2026-10-08 10:50:56,RUN,0,0,0,0,1,5,Disconnected
2026-10-08 10:50:56,RUN,0,0,0,0,1,5,Disconnected
2026-10-08 10:50:57,RUN,0,0,0,0,1,5,Disconnected
2026-10-08 10:50:57,RUN,0,0,0,0,1,5,Disconnected
2026-10-08 10:50:57,RUN,0,0,0,0,1,5,Disconnected
2026-10-08 10:50:57,RUN,0,0,0,0,1,5,Disconnected
2026-10-08 10:50:57,RUN,0,0,0,0,1,5,Disconnected
2026-10-08 10:50:57,RUN,0,0,0,0,1,5,Disconnected
2026-10-08 10:50:57,RUN,0,0,0,0,1,5,Disconnected
2026-10-08 10:50:57,RUN,0,0,0,0,1,5,Disconnected
2026-10-08 10:50:57,RUN,0,0,0,0,1,5,Disconnected
2026-10-08 10:50:57,RUN,0,0,0,0,1,5,Disconnected
2026-10-08 10:50:57,RUN,0,0,0,0,1,5,Disconnected
2026-10-08 10:50:57,RUN,0,0,0,0,1,5,Disconnected
2026-10-08 10:50:57,RUN,0,0,0,0,1,5,Disconnected
2026-10-08 10:50:57,RUN,0,0,0,0,1,5,Disconnected
2026-10-08 10:50:57,RUN,0,0,0,0,1,5,Disconnected
2026-10-08 10:50:57,RUN,0,0,0,0,1,5,Disconnected
2026-10-08 10:50:57,RUN,0,0,0,0,1,5,Disconnected
2026-10-08 10:50:57,RUN,0,0,0,0,1,5,Disconnected
2026-10-08 10:50:57,RUN,0,0,0,0,1,5,Disconnected
2026-10-08 10:50:57,RUN,0,0,0,0,1,5,Disconnected
2026-10-08 10:50:57,RUN,0,0,0,0,1,5,Disconnected
2026-10-08 10:50:58,RUN,0,0,0,0,1,5,Disconnected
2026-10-08 10:50:58,RUN,0,0,0,0,1,5,Disconnected
2026-10-08 10:50:58,RUN,0,0,0,0,1,5,Disconnected
2026-10-08 10:50:58,RUN,0,0,0,0,1,5,Disconnected
2026-10-08 10:50:58,RUN,0,0,0,0,1,5,Disconnected
2026-10-08 10:50:58,RUN,0,0,0,0,1,5,Disconnected
2026-10-08 10:50:58,RUN,0,0,0,0,1,5,Disconnected
2026-10-08 10:50:58,RUN,0,0,0,0,1,5,Disconnected
2026-10-08 10:50:58,RUN,0,0,0,0,1,5,Disconnected
2026-10-08 10:50:58,RUN,0,0,0,0,1,5,Disconnected
2026-10-08 10:50:58,RUN,0,0,0,0,1,5,Disconnected
2026-10-08 10:50:58,RUN,0,0,0,0,1,5,Disconnected
2026-10-08 10:50:58,RUN,0,0,0,0,1,5,Disconnected
2026-10-08 10:50:58,RUN,0,0,0,0,1,5,Disconnected
2026-10-08 10:50:58,RUN,0,0,0,0,1,5,Disconnected
2026-10-08 10:50:58,RUN,0,0,0,0,1,5,Disconnected
2026-10-08 10:50:58,RUN,0,0,0,0,1,5,Disconnected
2026-10-08 10:50:58,RUN,0,0,0,0,1,5,Disconnected
2026-10-08 10:50:58,RUN,0,0,0,0,1,5,Disconnected
2026-10-08 10:50:58,RUN,0,0,0,0,1,5,Disconnected
2026-10-08 10:50:58,RUN,0,0,0,0,1,5,Disconnected
2026-10-08 10:50:58,RUN,0,0,0,0,1,5,Disconnected
2026-10-08 10:50:59,RUN,0,0,0,0,1,5,Disconnected
2026-10-08 10:50:59,RUN,0,0,0,0,1,5,Disconnected
2026-10-08 10:50:59,RUN,0,0,0,0,1,5,Disconnected
2026-10-08 10:50:59,RUN,0,0,0,0,1,5,Disconnected
2026-10-08 10:50:59,RUN,0,0,0,0,1,5,Disconnected
2026-10-08 10:50:59,RUN,0,0,0,0,1,5,Disconnected
2026-10-08 10:50:59,RUN,0,0,0,0,1,5,Disconnected
2026-10-08 10:50:59,RUN,0,0,0,0,1,5,Disconnected
2026-10-08 10:50:59,RUN,0,0,0,0,1,5,Disconnected
2026-10-08 10:50:59,RUN,0,0,0,0,1,5,Disconnected
2026-10-08 10:50:59,RUN,0,0,0,0,1,5,Disconnected
2026-10-08 10:50:59,RUN,0,0,0,0,1,5,Disconnected
2026-10-08 10:50:59,RUN,0,0,0,0,1,5,Disconnected
2026-10-08 10:50:59,RUN,0,0,0,0,1,5,Disconnected
2026-10-08 10:50:59,RUN,0,0,0,0,1,5,Disconnected
2026-10-08 10:50:59,RUN,0,0,0,0,1,5,Disconnected
2026-10-08 10:50:59,RUN,0,0,0,0,1,5,Disconnected
2026-10-08 10:50:59,RUN,0,0,0,0,1,5,Disconnected
2026-10-08 10:50:59,RUN,0,0,0,0,1,5,Disconnected
2026-10-08 10:50:59,RUN,0,0,0,0,1,5,Disconnected
2026-10-08 10:50:59,RUN,0,0,0,0,1,5,Disconnected
2026-10-08 10:50:59,RUN,0,0,0,0,1,5,Disconnected
2026-10-08 10:50:59,RUN,0,0,0,0,1,5,Disconnected
2026-10-08 10:50:59,RUN,0,0,0,0,1,5,Disconnected
2026-10-08 10:50:59,RUN,0,0,0,0,1,5,Disconnected
2026-10-08 10:50:59,RUN,0,0,0,0,1,5,Disconnected
2026-10-08 10:50:59,RUN,0,0,0,0,1,5,Disconnected
2026-10-08 10:50:59,RUN,0,0,0,0,1,5,Disconnected
2026-10-08 10:50:59,RUN,0,0,0,0,1,5,Disconnected
2026-10-08 10:50:59,RUN,0,0,0,0,1,5,Disconnected
2026-10-08 10:50:59,RUN,0,0,0,0,1,5,Disconnected
2026-10-08 10:50:59,RUN,0,0,0,0,1,5,Disconnected
2026-10-08 10:50:59,RUN,0,0,0,0,1,5,Disconnected
2026-10-08 10:50:59,RUN,0,0,0,0,1,5,Disconnected
2026-10-08 10:50:59,RUN,0,0,0,0,1,5,Disconnected
2026-10-08 10:50:59,RUN,0,0,0,0,1,5,Disconnected
2026-10-08 10:50:59,RUN,0,0,0,0,1,5,Disconnected
2026-10-08 10:51:00,RUN,0,0,0,0,1,5,Disconnected
2026-10-08 10:51:00,RUN,0,0,0,0,1,5,Disconnected
2026-10-08 10:51:00,RUN,0,0,0,0,1,5,Disconnected
2026-10-08 10:51:00,RUN,0,0,0,0,1,5,Disconnected
2026-10-08 10:51:00,RUN,0,0,0,0,1,5,Disconnected
2026-10-08 10:51:00,RUN,0,0,0,0,1,5,Disconnected
2026-10-08 10:51:00,RUN,0,0,0,0,1,5,Disconnected
2026-10-08 10:51:00,RUN,0,0,0,0,1,5,Disconnected
2026-10-08 10:51:00,RUN,0,0,0,0,1,5,Disconnected
2026-10-08 10:51:00,RUN,0,0,0,0,1,5,Disconnected
2026-10-08 10:51:00,RUN,0,0,0,0,1,5,Disconnected
2026-10-08 11:00:33,NO DATA,0,0,0,0,0,2,Disconnected
2026-10-08 11:00:34,RUN,0,0,35,1,0,1,Connected
2026-10-08 11:00:34,RUN,0,0,35,1,0,1,Connected
2026-10-08 11:00:34,RUN,0,0,35,1,0,1,Connected
2026-10-08 11:00:34,RUN,0,0,35,1,0,1,Connected
2026-10-08 11:00:34,RUN,0,0,35,1,1,5,Connected
2026-10-08 11:00:35,RUN,0,0,35,1,1,5,Connected
2026-10-08 11:00:35,RUN,0,0,35,1,1,5,Connected
2026-10-08 11:00:35,RUN,0,0,35,1,1,5,Connected
2026-10-08 11:00:35,RUN,0,0,35,1,1,5,Connected
2026-10-08 11:00:35,RUN,0,0,35,1,1,5,Connected
2026-10-08 11:00:36,RUN,0,0,35,1,1,5,Connected
2026-10-08 11:00:36,RUN,0,0,35,1,1,5,Connected
2026-10-08 11:00:36,RUN,0,0,35,1,1,5,Connected
2026-10-08 11:00:36,RUN,0,0,35,1,1,5,Connected
2026-10-08 11:00:36,RUN,0,0,35,1,1,5,Connected
2026-10-08 11:00:37,RUN,0,0,35,1,1,5,Connected
2026-10-08 11:00:37,RUN,0,0,35,1,1,5,Connected
2026-10-08 11:00:37,RUN,0,0,35,1,1,5,Connected
2026-10-08 11:00:37,RUN,0,0,35,1,1,5,Connected
2026-10-08 11:00:37,RUN,0,0,35,1,1,5,Connected
2026-10-08 11:00:38,RUN,0,0,35,1,1,5,Connected
2026-10-08 11:00:38,RUN,0,0,35,1,1,5,Connected
2026-10-08 11:00:38,RUN,0,0,35,1,1,5,Connected
2026-10-08 11:00:38,RUN,0,0,35,1,1,5,Connected
2026-10-08 11:00:38,RUN,0,0,35,1,1,5,Connected
2026-10-08 11:00:39,RUN,0,0,35,1,1,5,Connected
2026-10-08 11:00:39,RUN,0,0,35,1,1,5,Connected
2026-10-08 11:00:39,RUN,0,0,35,1,1,5,Connected
2026-10-08 11:00:39,RUN,0,0,35,1,1,5,Connected
2026-10-08 11:00:39,RUN,0,0,35,1,1,5,Connected
2026-10-08 11:00:40,RUN,0,0,35,1,1,5,Connected
2026-10-08 11:00:40,RUN,0,0,35,1,1,5,Connected
2026-10-08 11:00:40,RUN,0,0,35,1,1,5,Connected
2026-10-08 11:00:40,RUN,0,0,35,1,1,5,Connected
2026-10-08 11:00:40,RUN,0,0,35,1,1,5,Connected
2026-10-08 11:00:41,RUN,0,0,35,1,1,5,Connected
2026-10-08 11:00:41,RUN,0,0,35,1,1,5,Connected
2026-10-08 11:00:41,RUN,0,0,35,1,1,5,Connected
2026-10-08 11:00:41,RUN,0,0,35,1,1,5,Connected
2026-10-08 11:00:41,RUN,0,0,35,1,1,5,Connected
2026-10-08 11:00:42,RUN,0,0,35,1,1,5,Connected
2026-10-08 11:00:42,RUN,0,0,35,1,1,5,Connected
2026-10-08 11:00:42,RUN,0,0,35,1,1,5,Connected
2026-10-08 11:00:42,RUN,0,0,35,1,1,5,Connected
2026-10-08 11:00:42,RUN,0,0,35,1,1,5,Connected
2026-10-08 11:00:43,RUN,0,0,35,1,1,5,Connected
2026-10-08 11:00:43,RUN,0,0,35,1,1,5,Connected
2026-10-08 11:00:43,RUN,0,0,35,1,1,5,Connected
2026-10-08 11:00:43,RUN,23300,0,111,1,0,1,Connected
2026-10-08 11:00:43,RUN,11800,0,228,1,0,1,Connected
2026-10-08 11:00:44,RUN,17100,0,105,1,0,1,Connected
2026-10-08 11:00:44,RUN,2900,0,80,1,0,1,Connected
2026-10-08 11:00:44,RUN,0,0,35,1,0,1,Connected
2026-10-08 12:43:10,NO DATA,0,0,0,0,0,2,Disconnected
2026-10-08 12:43:10,NO DATA,0,0,0,0,0,2,Disconnected
2026-10-08 12:43:10,NO DATA,0,0,0,0,0,2,Disconnected
2026-10-08 12:43:10,NO DATA,0,0,0,0,0,2,Disconnected
2026-10-08 12:43:10,NO DATA,0,0,0,0,0,2,Disconnected
2026-10-08 12:43:10,NO DATA,0,0,0,0,0,2,Disconnected
2026-10-08 12:43:10,NO DATA,0,0,0,0,0,2,Disconnected
2026-10-08 12:43:10,NO DATA,0,0,0,0,0,3,Disconnected
2026-10-08 12:43:11,NO DATA,0,0,0,0,0,3,Disconnected
2026-10-08 12:43:11,NO DATA,0,0,0,0,0,3,Disconnected
2026-10-08 12:43:11,NO DATA,0,0,0,0,0,3,Disconnected
2026-10-08 12:43:11,NO DATA,0,0,0,0,0,3,Disconnected
2026-10-08 12:43:11,NO DATA,0,0,0,0,0,3,Disconnected
2026-10-08 12:43:11,NO DATA,0,0,0,0,0,3,Disconnected
2026-10-08 12:43:11,NO DATA,0,0,0,0,0,3,Disconnected
2026-10-08 12:43:11,NO DATA,0,0,0,0,0,3,Disconnected
2026-10-08 12:43:11,NO DATA,0,0,0,0,0,3,Disconnected
2026-10-08 12:43:11,NO DATA,0,0,0,0,0,3,Disconnected
2026-10-08 12:43:12,NO DATA,0,0,0,0,0,3,Disconnected
2026-10-08 12:43:12,NO DATA,0,0,0,0,0,3,Disconnected
2026-10-08 12:43:12,NO DATA,0,0,0,0,0,3,Disconnected
2026-10-08 12:43:12,NO DATA,0,0,0,0,0,3,Disconnected
2026-10-08 12:43:12,NO DATA,0,0,0,0,0,3,Disconnected
2026-10-08 12:43:12,NO DATA,0,0,0,0,0,3,Disconnected
2026-10-08 12:43:12,NO DATA,0,0,0,0,0,3,Disconnected
2026-10-08 12:43:12,NO DATA,0,0,0,0,0,3,Disconnected
2026-10-08 12:43:12,NO DATA,0,0,0,0,0,3,Disconnected
2026-10-08 12:43:12,NO DATA,0,0,0,0,0,3,Disconnected
2026-10-08 12:43:13,NO DATA,0,0,0,0,0,3,Disconnected
2026-10-08 12:43:13,NO DATA,0,0,0,0,0,3,Disconnected
2026-10-08 12:43:13,NO DATA,0,0,0,0,0,3,Disconnected
2026-10-08 12:43:13,NO DATA,0,0,0,0,0,3,Disconnected
2026-10-08 12:43:13,NO DATA,0,0,0,0,0,3,Disconnected
2026-10-08 12:43:13,NO DATA,0,0,0,0,0,3,Disconnected
2026-10-08 12:43:13,NO DATA,0,0,0,0,0,3,Disconnected
2026-10-08 12:43:13,NO DATA,0,0,0,0,0,3,Disconnected
2026-10-08 12:43:13,NO DATA,0,0,0,0,0,3,Disconnected
2026-10-08 12:43:13,NO DATA,0,0,0,0,0,3,Disconnected
2026-10-08 12:43:14,NO DATA,0,0,0,0,0,3,Disconnected
2026-10-08 12:43:14,NO DATA,0,0,0,0,0,3,Disconnected
2026-10-08 12:43:14,NO DATA,0,0,0,0,0,3,Disconnected
2026-10-08 12:43:14,NO DATA,0,0,0,0,0,3,Disconnected
2026-10-08 12:43:14,NO DATA,0,0,0,0,0,3,Disconnected
2026-10-08 12:43:14,NO DATA,0,0,0,0,0,3,Disconnected
2026-10-08 12:43:14,NO DATA,0,0,0,0,0,3,Disconnected
2026-10-08 12:43:14,NO DATA,0,0,0,0,0,3,Disconnected
2026-10-08 12:43:14,NO DATA,0,0,0,0,0,3,Disconnected
2026-10-08 12:43:14,NO DATA,0,0,0,0,0,3,Disconnected
2026-10-08 12:43:15,NO DATA,0,0,0,0,0,3,Disconnected
2026-10-08 12:43:15,NO DATA,0,0,0,0,0,3,Disconnected
2026-10-08 12:43:15,NO DATA,0,0,0,0,0,3,Disconnected
2026-10-08 12:43:15,NO DATA,0,0,0,0,0,3,Disconnected
2026-10-08 12:43:15,NO DATA,0,0,0,0,0,3,Disconnected
2026-10-08 12:43:15,NO DATA,0,0,0,0,0,3,Disconnected
2026-10-08 12:43:15,NO DATA,0,0,0,0,0,3,Disconnected
2026-10-08 12:43:15,NO DATA,0,0,0,0,0,3,Disconnected
2026-10-08 12:43:15,NO DATA,0,0,0,0,0,3,Disconnected
2026-10-08 12:43:15,NO DATA,0,0,0,0,0,3,Disconnected
2026-10-08 12:43:16,NO DATA,0,0,0,0,0,3,Disconnected
2026-10-08 12:43:16,NO DATA,0,0,0,0,0,3,Disconnected
2026-10-08 12:43:16,NO DATA,0,0,0,0,0,3,Disconnected
2026-10-08 12:43:16,NO DATA,0,0,0,0,0,3,Disconnected
2026-10-08 12:43:16,NO DATA,0,0,0,0,0,3,Disconnected
2026-10-08 12:43:16,NO DATA,0,0,0,0,0,3,Disconnected
2026-10-08 12:43:16,NO DATA,0,0,0,0,0,3,Disconnected
2026-10-08 12:43:16,NO DATA,0,0,0,0,0,3,Disconnected
2026-10-08 12:43:16,NO DATA,0,0,0,0,0,3,Disconnected
2026-10-08 12:43:16,NO DATA,0,0,0,0,0,3,Disconnected
2026-10-08 12:43:17,NO DATA,0,0,0,0,0,3,Disconnected
2026-10-08 12:43:17,NO DATA,0,0,0,0,0,3,Disconnected
2026-10-08 12:43:17,NO DATA,0,0,0,0,0,3,Disconnected
2026-10-08 12:43:17,NO DATA,0,0,0,0,0,3,Disconnected
2026-10-08 12:43:17,NO DATA,0,0,0,0,0,3,Disconnected
2026-10-08 12:43:17,NO DATA,0,0,0,0,0,3,Disconnected
2026-10-08 12:43:17,NO DATA,0,0,0,0,0,3,Disconnected
2026-10-08 12:43:17,NO DATA,0,0,0,0,0,3,Disconnected
2026-10-08 12:43:17,NO DATA,0,0,0,0,0,3,Disconnected
2026-10-08 12:43:17,NO DATA,0,0,0,0,0,3,Disconnected
2026-10-08 12:43:18,NO DATA,0,0,0,0,0,3,Disconnected
2026-10-08 12:43:18,NO DATA,0,0,0,0,0,3,Disconnected
2026-10-08 12:43:18,NO DATA,0,0,0,0,0,3,Disconnected
2026-10-08 12:43:18,NO DATA,0,0,0,0,0,3,Disconnected
2026-10-08 12:43:18,NO DATA,0,0,0,0,0,3,Disconnected
2026-10-08 12:43:18,NO DATA,0,0,0,0,0,3,Disconnected
2026-10-08 12:43:18,NO DATA,0,0,0,0,0,3,Disconnected
2026-10-08 12:43:18,NO DATA,0,0,0,0,0,3,Disconnected
2026-10-08 12:43:18,NO DATA,0,0,0,0,0,3,Disconnected
2026-10-08 12:43:18,NO DATA,0,0,0,0,0,3,Disconnected
2026-10-08 12:43:19,NO DATA,0,0,0,0,0,3,Disconnected
2026-10-08 12:43:19,NO DATA,0,0,0,0,0,3,Disconnected
2026-10-08 12:43:19,NO DATA,0,0,0,0,0,3,Disconnected
2026-10-08 12:43:19,NO DATA,0,0,0,0,0,3,Disconnected
2026-10-08 12:43:19,NO DATA,0,0,0,0,0,3,Disconnected
2026-10-08 12:43:19,NO DATA,0,0,0,0,0,3,Disconnected
2026-10-08 12:43:19,NO DATA,0,0,0,0,0,3,Disconnected
2026-10-08 12:43:19,NO DATA,0,0,0,0,0,3,Disconnected
2026-10-08 12:43:19,NO DATA,0,0,0,0,0,3,Disconnected
2026-10-08 12:43:19,NO DATA,0,0,0,0,0,3,Disconnected
2026-10-08 12:43:20,NO DATA,0,0,0,0,0,3,Disconnected
2026-10-08 12:43:20,NO DATA,0,0,0,0,0,3,Disconnected
2026-10-08 12:43:20,NO DATA,0,0,0,0,0,3,Disconnected
2026-10-08 12:43:20,NO DATA,0,0,0,0,0,3,Disconnected
2026-10-08 12:43:20,NO DATA,0,0,0,0,0,3,Disconnected
2026-10-08 13:10:21,NO DATA,0,0,0,0,0,3,Disconnected
2026-10-08 13:10:21,NO DATA,0,0,0,0,0,3,Disconnected
2026-10-08 13:10:21,NO DATA,0,0,0,0,0,3,Disconnected
2026-10-08 13:10:21,NO DATA,0,0,0,0,0,3,Disconnected
2026-10-08 13:10:22,NO DATA,0,0,0,0,0,3,Disconnected
2026-10-08 13:10:22,NO DATA,0,0,0,0,0,3,Disconnected
2026-10-08 13:10:22,NO DATA,0,0,0,0,0,3,Disconnected
2026-10-08 13:10:22,NO DATA,0,0,0,0,0,3,Disconnected
2026-10-08 13:10:22,NO DATA,0,0,0,0,0,3,Disconnected
2026-10-08 13:10:22,NO DATA,0,0,0,0,0,3,Disconnected
2026-10-08 13:10:22,NO DATA,0,0,0,0,0,3,Disconnected
2026-10-08 13:10:22,NO DATA,0,0,0,0,0,3,Disconnected
2026-10-08 13:10:22,NO DATA,0,0,0,0,0,3,Disconnected
2026-10-08 13:10:22,NO DATA,0,0,0,0,0,3,Disconnected
2026-10-08 13:10:23,NO DATA,0,0,0,0,0,3,Disconnected
2026-10-08 13:10:23,NO DATA,0,0,0,0,0,3,Disconnected
2026-10-08 13:10:23,NO DATA,0,0,0,0,0,3,Disconnected
2026-10-08 13:10:23,NO DATA,0,0,0,0,0,3,Disconnected
2026-10-08 13:10:23,NO DATA,0,0,0,0,0,3,Disconnected
2026-10-08 13:10:23,NO DATA,0,0,0,0,0,3,Disconnected
2026-10-08 13:10:23,NO DATA,0,0,0,0,0,3,Disconnected
2026-10-08 13:10:23,NO DATA,0,0,0,0,0,3,Disconnected
2026-10-08 13:10:23,NO DATA,0,0,0,0,0,3,Disconnected
2026-10-08 13:10:23,NO DATA,0,0,0,0,0,3,Disconnected
2026-10-08 13:10:24,NO DATA,0,0,0,0,0,3,Disconnected
2026-10-08 13:10:24,NO DATA,0,0,0,0,0,3,Disconnected
2026-10-08 13:10:24,NO DATA,0,0,0,0,0,3,Disconnected
2026-10-08 13:10:24,NO DATA,0,0,0,0,0,3,Disconnected
2026-10-08 13:10:24,NO DATA,0,0,0,0,0,3,Disconnected
2026-10-08 13:10:24,NO DATA,0,0,0,0,0,3,Disconnected
2026-10-08 13:10:24,NO DATA,0,0,0,0,0,3,Disconnected
2026-10-08 13:10:24,NO DATA,0,0,0,0,0,3,Disconnected
2026-10-08 13:10:24,NO DATA,0,0,0,0,0,3,Disconnected
2026-10-08 13:10:24,NO DATA,0,0,0,0,0,3,Disconnected
2026-10-08 13:10:25,NO DATA,0,0,0,0,0,3,Disconnected
2026-10-08 13:10:25,NO DATA,0,0,0,0,0,3,Disconnected
2026-10-08 13:10:25,NO DATA,0,0,0,0,0,3,Disconnected
2026-10-08 13:10:25,NO DATA,0,0,0,0,0,3,Disconnected
2026-10-08 13:10:25,NO DATA,0,0,0,0,0,3,Disconnected
2026-10-08 13:10:25,NO DATA,0,0,0,0,0,3,Disconnected
2026-10-08 13:10:25,NO DATA,0,0,0,0,0,3,Disconnected
2026-10-08 13:10:25,NO DATA,0,0,0,0,0,3,Disconnected
2026-10-08 13:10:25,NO DATA,0,0,0,0,0,3,Disconnected
2026-10-08 13:10:25,NO DATA,0,0,0,0,0,3,Disconnected
2026-10-08 13:10:26,NO DATA,0,0,0,0,0,3,Disconnected
2026-10-08 13:10:26,NO DATA,0,0,0,0,0,3,Disconnected
2026-10-08 13:10:26,NO DATA,0,0,0,0,0,3,Disconnected
2026-10-08 13:10:26,NO DATA,0,0,0,0,0,3,Disconnected
2026-10-08 13:10:26,NO DATA,0,0,0,0,0,3,Disconnected
2026-10-08 13:10:26,NO DATA,0,0,0,0,0,3,Disconnected
2026-10-08 13:10:26,NO DATA,0,0,0,0,0,3,Disconnected
2026-10-08 13:10:26,NO DATA,0,0,0,0,0,3,Disconnected
2026-10-08 13:10:26,NO DATA,0,0,0,0,0,3,Disconnected
2026-10-08 13:10:26,NO DATA,0,0,0,0,0,3,Disconnected
2026-10-08 13:10:27,NO DATA,0,0,0,0,0,3,Disconnected
2026-10-08 13:10:27,NO DATA,0,0,0,0,0,3,Disconnected
2026-10-08 13:10:27,NO DATA,0,0,0,0,0,3,Disconnected
2026-10-08 13:10:27,NO DATA,0,0,0,0,0,3,Disconnected
2026-10-08 13:10:27,NO DATA,0,0,0,0,0,3,Disconnected
2026-10-08 13:10:27,NO DATA,0,0,0,0,0,3,Disconnected
2026-10-08 13:10:27,NO DATA,0,0,0,0,0,3,Disconnected
2026-10-08 13:10:27,NO DATA,0,0,0,0,0,3,Disconnected
2026-10-08 13:10:27,NO DATA,0,0,0,0,0,3,Disconnected
2026-10-08 13:10:27,NO DATA,0,0,0,0,0,3,Disconnected
2026-10-08 13:10:28,NO DATA,0,0,0,0,0,3,Disconnected
2026-10-08 13:10:28,NO DATA,0,0,0,0,0,3,Disconnected
2026-10-08 13:10:28,NO DATA,0,0,0,0,0,3,Disconnected
2026-10-08 13:10:28,NO DATA,0,0,0,0,0,3,Disconnected
2026-10-08 13:10:28,NO DATA,0,0,0,0,0,3,Disconnected
2026-10-08 13:10:28,NO DATA,0,0,0,0,0,3,Disconnected
2026-10-08 13:10:28,NO DATA,0,0,0,0,0,3,Disconnected
2026-10-08 13:10:28,NO DATA,0,0,0,0,0,3,Disconnected
2026-10-08 13:10:28,NO DATA,0,0,0,0,0,3,Disconnected
2026-10-08 13:10:28,NO DATA,0,0,0,0,0,3,Disconnected
2026-10-08 13:10:29,NO DATA,0,0,0,0,0,3,Disconnected
2026-10-08 13:10:29,NO DATA,0,0,0,0,0,3,Disconnected
2026-10-08 13:10:29,NO DATA,0,0,0,0,0,3,Disconnected
2026-10-08 13:10:29,NO DATA,0,0,0,0,0,3,Disconnected
2026-10-08 13:10:29,NO DATA,0,0,0,0,0,3,Disconnected
2026-10-08 13:10:29,NO DATA,0,0,0,0,0,3,Disconnected
2026-10-08 13:10:29,NO DATA,0,0,0,0,0,3,Disconnected
2026-10-08 13:10:29,NO DATA,0,0,0,0,0,3,Disconnected
2026-10-08 13:10:29,NO DATA,0,0,0,0,0,3,Disconnected
2026-10-08 13:10:29,NO DATA,0,0,0,0,0,3,Disconnected
2026-10-08 13:10:30,NO DATA,0,0,0,0,0,3,Disconnected
2026-10-08 13:10:30,NO DATA,0,0,0,0,0,3,Disconnected
2026-10-08 13:10:30,NO DATA,0,0,0,0,0,3,Disconnected
2026-10-08 13:10:30,NO DATA,0,0,0,0,0,3,Disconnected
2026-10-08 13:10:30,NO DATA,0,0,0,0,0,3,Disconnected
2026-10-08 13:10:30,NO DATA,0,0,0,0,0,3,Disconnected
2026-10-08 13:10:30,NO DATA,0,0,0,0,0,3,Disconnected
2026-10-08 13:10:30,NO DATA,0,0,0,0,0,3,Disconnected
2026-10-08 13:10:30,NO DATA,0,0,0,0,0,3,Disconnected
2026-10-08 13:10:30,NO DATA,0,0,0,0,0,3,Disconnected
2026-10-08 13:10:31,NO DATA,0,0,0,0,0,3,Disconnected
2026-10-08 13:10:31,NO DATA,0,0,0,0,0,3,Disconnected
2026-10-08 13:10:31,NO DATA,0,0,0,0,0,3,Disconnected
2026-10-08 13:10:31,NO DATA,0,0,0,0,0,3,Disconnected
2026-10-08 13:10:31,NO DATA,0,0,0,0,0,3,Disconnected
2026-10-08 13:10:31,NO DATA,0,0,0,0,0,3,Disconnected
2026-10-08 13:10:31,NO DATA,0,0,0,0,0,3,Disconnected
2026-10-08 13:10:31,NO DATA,0,0,0,0,0,3,Disconnected
2026-10-08 13:10:31,NO DATA,0,0,0,0,0,3,Disconnected
2026-10-08 13:10:31,NO DATA,0,0,0,0,0,3,Disconnected
2026-10-08 13:10:32,NO DATA,0,0,0,0,0,3,Disconnected
2026-10-08 13:10:32,NO DATA,0,0,0,0,0,3,Disconnected
2026-10-08 13:10:32,NO DATA,0,0,0,0,0,3,Disconnected
2026-10-08 13:10:32,NO DATA,0,0,0,0,0,3,Disconnected
2026-10-08 13:10:32,NO DATA,0,0,0,0,0,3,Disconnected
2026-10-08 13:10:32,NO DATA,0,0,0,0,0,3,Disconnected
2026-10-08 13:10:32,NO DATA,0,0,0,0,0,3,Disconnected
2026-10-08 13:10:32,NO DATA,0,0,0,0,0,3,Disconnected
2026-10-08 13:10:32,NO DATA,0,0,0,0,0,3,Disconnected
2026-10-08 13:10:32,NO DATA,0,0,0,0,0,3,Disconnected
2026-10-08 13:10:33,NO DATA,0,0,0,0,0,3,Disconnected
2026-10-08 13:10:33,NO DATA,0,0,0,0,0,3,Disconnected
2026-10-08 13:10:33,NO DATA,0,0,0,0,0,3,Disconnected
2026-10-08 13:10:33,NO DATA,0,0,0,0,0,3,Disconnected
2026-10-08 13:10:33,NO DATA,0,0,0,0,0,3,Disconnected
2026-10-08 13:10:33,NO DATA,0,0,0,0,0,3,Disconnected
2026-10-08 13:10:33,NO DATA,0,0,0,0,0,3,Disconnected
2026-10-08 13:10:33,NO DATA,0,0,0,0,0,3,Disconnected
2026-10-08 13:10:33,NO DATA,0,0,0,0,0,3,Disconnected
2026-10-08 13:10:34,NO DATA,0,0,0,0,0,3,Disconnected
2026-10-08 13:10:34,NO DATA,0,0,0,0,0,3,Disconnected
2026-10-08 13:10:34,NO DATA,0,0,0,0,0,3,Disconnected
2026-10-08 13:10:34,NO DATA,0,0,0,0,0,3,Disconnected
2026-10-08 13:10:34,NO DATA,0,0,0,0,0,3,Disconnected
2026-10-08 13:10:34,NO DATA,0,0,0,0,0,3,Disconnected
2026-10-08 13:10:34,NO DATA,0,0,0,0,0,3,Disconnected
2026-10-08 13:10:34,NO DATA,0,0,0,0,0,3,Disconnected
2026-10-08 13:10:34,NO DATA,0,0,0,0,0,3,Disconnected
2026-10-08 13:10:34,NO DATA,0,0,0,0,0,3,Disconnected
2026-10-08 13:10:35,NO DATA,0,0,0,0,0,3,Disconnected
2026-10-08 13:10:35,NO DATA,0,0,0,0,0,3,Disconnected
2026-10-08 13:10:35,NO DATA,0,0,0,0,0,3,Disconnected
2026-10-08 13:10:35,NO DATA,0,0,0,0,0,3,Disconnected
2026-10-08 13:10:35,NO DATA,0,0,0,0,0,3,Disconnected
2026-10-08 13:10:35,NO DATA,0,0,0,0,0,3,Disconnected
2026-10-08 13:10:35,NO DATA,0,0,0,0,0,3,Disconnected
2026-10-08 13:10:35,NO DATA,0,0,0,0,0,3,Disconnected
2026-10-08 13:10:35,NO DATA,0,0,0,0,0,3,Disconnected
2026-10-08 13:10:35,NO DATA,0,0,0,0,0,3,Disconnected
2026-10-08 13:10:36,NO DATA,0,0,0,0,0,3,Disconnected
2026-10-08 13:10:36,NO DATA,0,0,0,0,0,3,Disconnected
2026-10-08 13:10:36,NO DATA,0,0,0,0,0,3,Disconnected
2026-10-08 13:10:36,NO DATA,0,0,0,0,0,3,Disconnected
2026-10-08 13:10:36,NO DATA,0,0,0,0,0,3,Disconnected
2026-10-08 13:10:36,NO DATA,0,0,0,0,0,3,Disconnected
2026-10-08 13:10:36,NO DATA,0,0,0,0,0,3,Disconnected
2026-10-08 13:10:36,NO DATA,0,0,0,0,0,3,Disconnected
2026-10-08 13:10:36,NO DATA,0,0,0,0,0,3,Disconnected
2026-10-08 13:10:36,NO DATA,0,0,0,0,0,3,Disconnected
2026-10-08 13:10:37,NO DATA,0,0,0,0,0,3,Disconnected
2026-10-08 13:10:37,NO DATA,0,0,0,0,0,3,Disconnected
2026-10-08 13:10:37,NO DATA,0,0,0,0,0,3,Disconnected
2026-10-08 13:10:37,NO DATA,0,0,0,0,0,3,Disconnected
2026-10-08 13:10:37,NO DATA,0,0,0,0,0,3,Disconnected
2026-10-08 13:10:37,NO DATA,0,0,0,0,0,3,Disconnected
2026-10-08 13:10:37,NO DATA,0,0,0,0,0,3,Disconnected
2026-10-08 13:10:37,NO DATA,0,0,0,0,0,3,Disconnected
2026-10-08 13:10:37,NO DATA,0,0,0,0,0,3,Disconnected
2026-10-08 13:10:37,NO DATA,0,0,0,0,0,3,Disconnected
2026-10-08 13:10:38,NO DATA,0,0,0,0,0,3,Disconnected
2026-10-08 13:10:38,NO DATA,0,0,0,0,0,3,Disconnected
2026-10-08 13:10:38,NO DATA,0,0,0,0,0,3,Disconnected
2026-10-08 13:10:38,NO DATA,0,0,0,0,0,3,Disconnected
2026-10-08 13:10:38,NO DATA,0,0,0,0,0,3,Disconnected
2026-10-08 13:10:38,NO DATA,0,0,0,0,0,3,Disconnected
2026-10-08 13:10:38,NO DATA,0,0,0,0,0,3,Disconnected
2026-10-08 13:10:38,NO DATA,0,0,0,0,0,3,Disconnected
2026-10-08 13:10:38,NO DATA,0,0,0,0,0,3,Disconnected
2026-10-08 13:10:38,NO DATA,0,0,0,0,0,3,Disconnected
2026-10-08 13:10:39,NO DATA,0,0,0,0,0,3,Disconnected
2026-10-08 13:10:39,NO DATA,0,0,0,0,0,3,Disconnected
2026-10-08 13:10:39,NO DATA,0,0,0,0,0,3,Disconnected
2026-10-08 13:10:39,NO DATA,0,0,0,0,0,3,Disconnected
2026-10-08 13:10:39,NO DATA,0,0,0,0,0,3,Disconnected
2026-10-08 13:10:39,NO DATA,0,0,0,0,0,3,Disconnected
2026-10-08 13:10:39,NO DATA,0,0,0,0,0,3,Disconnected
2026-10-08 13:10:39,NO DATA,0,0,0,0,0,3,Disconnected
2026-10-08 13:10:39,NO DATA,0,0,0,0,0,3,Disconnected
2026-10-08 13:10:39,NO DATA,0,0,0,0,0,3,Disconnected
2026-10-08 13:10:40,NO DATA,0,0,0,0,0,3,Disconnected
2026-10-08 13:10:40,NO DATA,0,0,0,0,0,3,Disconnected
2026-10-08 13:10:40,NO DATA,0,0,0,0,0,3,Disconnected
2026-10-08 13:10:40,NO DATA,0,0,0,0,0,3,Disconnected
2026-10-08 13:10:40,NO DATA,0,0,0,0,0,3,Disconnected
2026-10-08 13:10:40,NO DATA,0,0,0,0,0,3,Disconnected
2026-10-08 13:10:40,NO DATA,0,0,0,0,0,3,Disconnected
2026-10-08 13:10:40,NO DATA,0,0,0,0,0,3,Disconnected
2026-10-08 13:10:40,NO DATA,0,0,0,0,0,3,Disconnected
2026-10-08 13:10:40,NO DATA,0,0,0,0,0,3,Disconnected
2026-10-08 13:10:41,NO DATA,0,0,0,0,0,3,Disconnected
2026-10-08 13:10:41,NO DATA,0,0,0,0,0,3,Disconnected
2026-10-08 13:10:41,NO DATA,0,0,0,0,0,3,Disconnected
2026-10-08 13:10:41,NO DATA,0,0,0,0,0,3,Disconnected
2026-10-08 13:10:41,NO DATA,0,0,0,0,0,3,Disconnected
2026-10-08 13:10:41,NO DATA,0,0,0,0,0,3,Disconnected
2026-10-08 13:10:41,NO DATA,0,0,0,0,0,3,Disconnected
2026-10-08 13:10:41,NO DATA,0,0,0,0,0,3,Disconnected
2026-10-08 13:10:41,NO DATA,0,0,0,0,0,3,Disconnected
2026-10-08 13:10:41,NO DATA,0,0,0,0,0,3,Disconnected
2026-10-08 13:10:42,NO DATA,0,0,0,0,0,3,Disconnected
2026-10-08 13:10:42,NO DATA,0,0,0,0,0,3,Disconnected
2026-10-08 13:10:42,NO DATA,0,0,0,0,0,3,Disconnected
2026-10-08 13:10:42,NO DATA,0,0,0,0,0,3,Disconnected
2026-10-08 13:10:42,NO DATA,0,0,0,0,0,3,Disconnected
2026-10-08 13:10:42,NO DATA,0,0,0,0,0,3,Disconnected
2026-10-08 13:10:42,NO DATA,0,0,0,0,0,3,Disconnected
2026-10-08 13:10:42,NO DATA,0,0,0,0,0,3,Disconnected
2026-10-08 13:10:42,NO DATA,0,0,0,0,0,3,Disconnected
2026-10-08 13:10:42,NO DATA,0,0,0,0,0,3,Disconnected
2026-10-08 13:10:43,NO DATA,0,0,0,0,0,3,Disconnected
2026-10-08 13:10:43,NO DATA,0,0,0,0,0,3,Disconnected
2026-10-08 13:10:43,NO DATA,0,0,0,0,0,3,Disconnected
2026-10-08 13:10:43,NO DATA,0,0,0,0,0,3,Disconnected
2026-10-08 13:10:43,NO DATA,0,0,0,0,0,3,Disconnected
2026-10-08 13:10:43,NO DATA,0,0,0,0,0,3,Disconnected
2026-10-08 13:10:43,NO DATA,0,0,0,0,0,3,Disconnected
2026-10-08 13:10:43,NO DATA,0,0,0,0,0,3,Disconnected
2026-10-08 13:10:43,NO DATA,0,0,0,0,0,3,Disconnected
2026-10-08 13:10:43,NO DATA,0,0,0,0,0,3,Disconnected
2026-10-08 13:10:44,NO DATA,0,0,0,0,0,3,Disconnected
2026-10-08 13:10:44,NO DATA,0,0,0,0,0,3,Disconnected
2026-10-08 13:10:44,NO DATA,0,0,0,0,0,3,Disconnected
2026-10-08 13:10:44,NO DATA,0,0,0,0,0,3,Disconnected
2026-10-08 13:10:44,NO DATA,0,0,0,0,0,3,Disconnected
2026-10-08 13:10:44,NO DATA,0,0,0,0,0,3,Disconnected
2026-10-08 13:10:44,NO DATA,0,0,0,0,0,3,Disconnected
2026-10-08 13:10:44,NO DATA,0,0,0,0,0,3,Disconnected
2026-10-08 13:10:44,NO DATA,0,0,0,0,0,3,Disconnected
2026-10-08 13:10:44,NO DATA,0,0,0,0,0,3,Disconnected
2026-10-08 13:10:45,NO DATA,0,0,0,0,0,3,Disconnected
2026-10-08 13:10:45,NO DATA,0,0,0,0,0,3,Disconnected
2026-10-08 13:10:45,NO DATA,0,0,0,0,0,3,Disconnected
2026-10-08 13:10:45,NO DATA,0,0,0,0,0,3,Disconnected
2026-10-08 13:10:45,NO DATA,0,0,0,0,0,3,Disconnected
2026-10-08 13:10:45,NO DATA,0,0,0,0,0,3,Disconnected
2026-10-08 13:10:45,NO DATA,0,0,0,0,0,3,Disconnected
2026-10-08 13:10:45,NO DATA,0,0,0,0,0,3,Disconnected
2026-10-08 13:10:45,NO DATA,0,0,0,0,0,3,Disconnected
2026-10-08 13:10:45,NO DATA,0,0,0,0,0,3,Disconnected
2026-10-08 13:10:46,NO DATA,0,0,0,0,0,3,Disconnected
2026-10-08 13:10:46,NO DATA,0,0,0,0,0,3,Disconnected
2026-10-08 13:10:46,NO DATA,0,0,0,0,0,3,Disconnected
2026-10-08 13:10:46,NO DATA,0,0,0,0,0,3,Disconnected
2026-10-08 13:10:46,NO DATA,0,0,0,0,0,3,Disconnected
2026-10-08 13:10:46,NO DATA,0,0,0,0,0,3,Disconnected
2026-10-08 13:10:46,NO DATA,0,0,0,0,0,3,Disconnected
2026-10-08 13:10:46,NO DATA,0,0,0,0,0,3,Disconnected
2026-10-08 13:10:46,NO DATA,0,0,0,0,0,3,Disconnected
2026-10-08 13:10:46,NO DATA,0,0,0,0,0,3,Disconnected
2026-10-08 13:10:47,NO DATA,0,0,0,0,0,3,Disconnected
2026-10-08 13:10:47,NO DATA,0,0,0,0,0,3,Disconnected
2026-10-08 13:10:47,NO DATA,0,0,0,0,0,3,Disconnected
2026-10-08 13:10:47,NO DATA,0,0,0,0,0,3,Disconnected
2026-10-08 13:10:47,NO DATA,0,0,0,0,0,3,Disconnected
2026-10-08 13:10:47,NO DATA,0,0,0,0,0,3,Disconnected
2026-10-08 13:10:47,NO DATA,0,0,0,0,0,3,Disconnected
2026-10-08 13:10:47,NO DATA,0,0,0,0,0,3,Disconnected
2026-10-08 13:10:47,NO DATA,0,0,0,0,0,3,Disconnected
2026-10-08 13:10:47,NO DATA,0,0,0,0,0,3,Disconnected
2026-10-08 13:10:48,NO DATA,0,0,0,0,0,3,Disconnected
2026-10-08 13:10:48,NO DATA,0,0,0,0,0,3,Disconnected
2026-10-08 13:10:48,NO DATA,0,0,0,0,0,3,Disconnected
2026-10-08 13:10:48,NO DATA,0,0,0,0,0,3,Disconnected
2026-10-08 13:10:48,NO DATA,0,0,0,0,0,3,Disconnected
2026-10-08 13:10:48,NO DATA,0,0,0,0,0,3,Disconnected
2026-10-08 13:10:48,NO DATA,0,0,0,0,0,3,Disconnected
2026-10-08 13:10:48,NO DATA,0,0,0,0,0,3,Disconnected
2026-10-08 13:10:48,NO DATA,0,0,0,0,0,3,Disconnected
2026-10-08 13:10:48,NO DATA,0,0,0,0,0,3,Disconnected
2026-10-08 13:10:49,NO DATA,0,0,0,0,0,3,Disconnected
2026-10-08 13:10:49,NO DATA,0,0,0,0,0,3,Disconnected
2026-10-08 13:10:49,NO DATA,0,0,0,0,0,3,Disconnected
2026-10-08 13:10:49,NO DATA,0,0,0,0,0,3,Disconnected
2026-10-08 13:10:49,NO DATA,0,0,0,0,0,3,Disconnected
2026-10-08 13:10:49,NO DATA,0,0,0,0,0,3,Disconnected
2026-10-08 13:10:49,NO DATA,0,0,0,0,0,3,Disconnected
2026-10-08 13:10:49,NO DATA,0,0,0,0,0,3,Disconnected
2026-10-08 13:10:49,NO DATA,0,0,0,0,0,3,Disconnected
2026-10-08 13:10:49,NO DATA,0,0,0,0,0,3,Disconnected
2026-10-08 13:10:50,NO DATA,0,0,0,0,0,3,Disconnected
2026-10-08 13:10:50,NO DATA,0,0,0,0,0,3,Disconnected
2026-10-08 13:10:50,NO DATA,0,0,0,0,0,3,Disconnected
2026-10-08 13:10:50,NO DATA,0,0,0,0,0,3,Disconnected
2026-10-08 13:10:50,NO DATA,0,0,0,0,0,3,Disconnected
2026-10-08 13:10:50,NO DATA,0,0,0,0,0,3,Disconnected
2026-10-08 13:10:50,NO DATA,0,0,0,0,0,3,Disconnected
2026-10-08 13:10:50,NO DATA,0,0,0,0,0,3,Disconnected
2026-10-08 13:10:50,NO DATA,0,0,0,0,0,3,Disconnected
2026-10-08 13:10:50,NO DATA,0,0,0,0,0,3,Disconnected
2026-10-08 13:10:51,NO DATA,0,0,0,0,0,3,Disconnected
2026-10-08 13:10:51,NO DATA,0,0,0,0,0,3,Disconnected
2026-10-08 13:10:51,NO DATA,0,0,0,0,0,3,Disconnected
2026-10-08 13:10:51,NO DATA,0,0,0,0,0,3,Disconnected
2026-10-08 13:10:51,NO DATA,0,0,0,0,0,3,Disconnected
2026-10-08 13:10:51,NO DATA,0,0,0,0,0,3,Disconnected
2026-10-08 13:10:51,NO DATA,0,0,0,0,0,3,Disconnected
2026-10-08 13:10:51,NO DATA,0,0,0,0,0,3,Disconnected
2026-10-08 13:10:51,NO DATA,0,0,0,0,0,3,Disconnected
2026-10-08 13:10:51,NO DATA,0,0,0,0,0,3,Disconnected
2026-10-08 13:10:52,NO DATA,0,0,0,0,0,3,Disconnected
2026-10-08 13:10:52,NO DATA,0,0,0,0,0,3,Disconnected
2026-10-08 13:10:52,NO DATA,0,0,0,0,0,3,Disconnected
2026-10-08 13:10:52,NO DATA,0,0,0,0,0,3,Disconnected
2026-10-08 13:10:52,NO DATA,0,0,0,0,0,3,Disconnected
2026-10-08 13:10:52,NO DATA,0,0,0,0,0,3,Disconnected
2026-10-08 13:10:52,NO DATA,0,0,0,0,0,3,Disconnected
2026-10-08 13:10:52,NO DATA,0,0,0,0,0,3,Disconnected
2026-10-08 13:10:52,NO DATA,0,0,0,0,0,3,Disconnected
2026-10-08 13:10:52,NO DATA,0,0,0,0,0,3,Disconnected
2026-10-08 13:10:53,NO DATA,0,0,0,0,0,3,Disconnected
2026-10-08 13:10:53,NO DATA,0,0,0,0,0,3,Disconnected
2026-10-08 13:10:53,NO DATA,0,0,0,0,0,3,Disconnected
2026-10-08 13:10:53,NO DATA,0,0,0,0,0,3,Disconnected
2026-10-08 13:10:53,NO DATA,0,0,0,0,0,3,Disconnected
2026-10-08 13:10:53,NO DATA,0,0,0,0,0,3,Disconnected
2026-10-08 13:10:53,NO DATA,0,0,0,0,0,3,Disconnected
2026-10-08 13:10:53,NO DATA,0,0,0,0,0,3,Disconnected
2026-10-08 13:10:53,NO DATA,0,0,0,0,0,3,Disconnected
2026-10-08 13:10:53,NO DATA,0,0,0,0,0,3,Disconnected
2026-10-08 13:10:54,NO DATA,0,0,0,0,0,3,Disconnected
2026-10-08 13:10:54,NO DATA,0,0,0,0,0,3,Disconnected
2026-10-08 13:10:54,NO DATA,0,0,0,0,0,3,Disconnected
2026-10-08 13:10:54,NO DATA,0,0,0,0,0,3,Disconnected
2026-10-08 13:10:54,NO DATA,0,0,0,0,0,3,Disconnected
2026-10-08 13:10:54,NO DATA,0,0,0,0,0,3,Disconnected
2026-10-08 13:10:54,NO DATA,0,0,0,0,0,3,Disconnected
2026-10-08 13:10:54,NO DATA,0,0,0,0,0,3,Disconnected
2026-10-08 13:10:54,NO DATA,0,0,0,0,0,3,Disconnected
2026-10-08 13:10:54,NO DATA,0,0,0,0,0,3,Disconnected
2026-10-08 13:10:55,NO DATA,0,0,0,0,0,3,Disconnected
2026-10-08 13:10:55,NO DATA,0,0,0,0,0,3,Disconnected
2026-10-08 13:10:55,NO DATA,0,0,0,0,0,3,Disconnected
2026-10-08 13:10:55,NO DATA,0,0,0,0,0,3,Disconnected
2026-10-08 13:10:55,NO DATA,0,0,0,0,0,3,Disconnected
2026-10-08 13:10:55,NO DATA,0,0,0,0,0,3,Disconnected
2026-10-08 13:10:55,NO DATA,0,0,0,0,0,3,Disconnected
2026-10-08 13:10:55,NO DATA,0,0,0,0,0,3,Disconnected
2026-10-08 13:10:55,NO DATA,0,0,0,0,0,3,Disconnected
2026-10-08 13:10:55,NO DATA,0,0,0,0,0,3,Disconnected
2026-10-08 13:10:56,NO DATA,0,0,0,0,0,3,Disconnected
2026-10-08 13:10:56,NO DATA,0,0,0,0,0,3,Disconnected
2026-10-08 13:10:56,NO DATA,0,0,0,0,0,3,Disconnected
2026-10-08 13:10:56,NO DATA,0,0,0,0,0,3,Disconnected
2026-10-08 13:10:56,NO DATA,0,0,0,0,0,3,Disconnected
2026-10-08 13:10:56,NO DATA,0,0,0,0,0,3,Disconnected
2026-10-08 13:10:56,NO DATA,0,0,0,0,0,3,Disconnected
2026-10-08 13:10:56,NO DATA,0,0,0,0,0,3,Disconnected
2026-10-08 13:10:56,NO DATA,0,0,0,0,0,3,Disconnected
2026-10-08 13:10:56,NO DATA,0,0,0,0,0,3,Disconnected
2026-10-08 13:10:57,NO DATA,0,0,0,0,0,3,Disconnected
2026-10-08 13:10:57,NO DATA,0,0,0,0,0,3,Disconnected
2026-10-08 13:10:57,NO DATA,0,0,0,0,0,3,Disconnected
2026-10-08 13:10:57,NO DATA,0,0,0,0,0,3,Disconnected
2026-10-08 13:10:57,NO DATA,0,0,0,0,0,3,Disconnected
2026-10-08 13:10:57,NO DATA,0,0,0,0,0,3,Disconnected
2026-10-08 13:10:57,NO DATA,0,0,0,0,0,3,Disconnected
2026-10-08 13:10:57,NO DATA,0,0,0,0,0,3,Disconnected
2026-10-08 13:10:57,NO DATA,0,0,0,0,0,3,Disconnected
2026-10-08 13:10:57,NO DATA,0,0,0,0,0,3,Disconnected
2026-10-08 13:10:58,NO DATA,0,0,0,0,0,3,Disconnected
2026-10-08 13:10:58,NO DATA,0,0,0,0,0,3,Disconnected
2026-10-08 13:10:58,NO DATA,0,0,0,0,0,3,Disconnected
2026-10-08 13:10:58,NO DATA,0,0,0,0,0,3,Disconnected
2026-10-08 13:10:58,NO DATA,0,0,0,0,0,3,Disconnected
2026-10-08 13:10:58,NO DATA,0,0,0,0,0,3,Disconnected
2026-10-08 13:10:58,NO DATA,0,0,0,0,0,3,Disconnected
2026-10-08 13:10:58,NO DATA,0,0,0,0,0,3,Disconnected
2026-10-08 13:10:58,NO DATA,0,0,0,0,0,3,Disconnected
2026-10-08 13:10:58,NO DATA,0,0,0,0,0,3,Disconnected
2026-10-08 13:10:59,NO DATA,0,0,0,0,0,3,Disconnected
2026-10-08 13:10:59,NO DATA,0,0,0,0,0,3,Disconnected
2026-10-08 13:10:59,NO DATA,0,0,0,0,0,3,Disconnected
2026-10-08 13:10:59,NO DATA,0,0,0,0,0,3,Disconnected
2026-10-08 13:10:59,NO DATA,0,0,0,0,0,3,Disconnected
2026-10-08 13:10:59,NO DATA,0,0,0,0,0,3,Disconnected
2026-10-08 13:10:59,NO DATA,0,0,0,0,0,3,Disconnected
2026-10-08 13:10:59,NO DATA,0,0,0,0,0,3,Disconnected
2026-10-08 13:10:59,NO DATA,0,0,0,0,0,3,Disconnected
2026-10-08 13:10:59,NO DATA,0,0,0,0,0,3,Disconnected
2026-10-08 13:11:00,NO DATA,0,0,0,0,0,3,Disconnected
2026-10-08 13:11:00,NO DATA,0,0,0,0,0,3,Disconnected
2026-10-08 13:11:00,NO DATA,0,0,0,0,0,3,Disconnected
2026-10-08 13:11:00,NO DATA,0,0,0,0,0,3,Disconnected
2026-10-08 13:11:00,NO DATA,0,0,0,0,0,3,Disconnected
2026-10-08 13:11:00,NO DATA,0,0,0,0,0,3,Disconnected
2026-10-08 13:11:00,NO DATA,0,0,0,0,0,3,Disconnected
2026-10-08 13:11:00,NO DATA,0,0,0,0,0,3,Disconnected
2026-10-08 13:11:00,NO DATA,0,0,0,0,0,3,Disconnected
2026-10-08 13:11:00,NO DATA,0,0,0,0,0,3,Disconnected
2026-10-08 13:11:01,NO DATA,0,0,0,0,0,3,Disconnected
2026-10-08 13:11:01,NO DATA,0,0,0,0,0,3,Disconnected
2026-10-08 13:11:01,NO DATA,0,0,0,0,0,3,Disconnected
2026-10-08 13:11:01,NO DATA,0,0,0,0,0,3,Disconnected
2026-10-08 13:11:01,NO DATA,0,0,0,0,0,3,Disconnected
2026-10-08 13:11:01,NO DATA,0,0,0,0,0,3,Disconnected
2026-10-08 13:11:01,NO DATA,0,0,0,0,0,3,Disconnected
2026-10-08 13:11:01,NO DATA,0,0,0,0,0,3,Disconnected
2026-10-08 13:11:01,NO DATA,0,0,0,0,0,3,Disconnected
2026-10-08 13:11:01,NO DATA,0,0,0,0,0,3,Disconnected
2026-10-08 13:11:02,NO DATA,0,0,0,0,0,3,Disconnected
2026-10-08 13:11:02,NO DATA,0,0,0,0,0,3,Disconnected
2026-10-08 13:11:02,NO DATA,0,0,0,0,0,3,Disconnected
2026-10-08 13:11:02,NO DATA,0,0,0,0,0,3,Disconnected
2026-10-08 13:11:02,NO DATA,0,0,0,0,0,3,Disconnected
2026-10-08 13:11:02,NO DATA,0,0,0,0,0,3,Disconnected
2026-10-08 13:11:02,NO DATA,0,0,0,0,0,3,Disconnected
2026-10-08 13:11:02,NO DATA,0,0,0,0,0,3,Disconnected
2026-10-08 13:11:02,NO DATA,0,0,0,0,0,3,Disconnected
2026-10-08 13:11:02,NO DATA,0,0,0,0,0,3,Disconnected
2026-10-08 13:11:03,NO DATA,0,0,0,0,0,3,Disconnected
2026-10-08 13:11:03,NO DATA,0,0,0,0,0,3,Disconnected
2026-10-08 13:11:03,NO DATA,0,0,0,0,0,3,Disconnected
2026-10-08 13:11:03,NO DATA,0,0,0,0,0,3,Disconnected
2026-10-08 13:11:03,NO DATA,0,0,0,0,0,3,Disconnected
2026-10-08 13:11:03,NO DATA,0,0,0,0,0,3,Disconnected
2026-10-08 13:11:03,NO DATA,0,0,0,0,0,3,Disconnected
2026-10-08 13:11:03,NO DATA,0,0,0,0,0,3,Disconnected
2026-10-08 13:11:03,NO DATA,0,0,0,0,0,3,Disconnected
2026-10-08 13:11:03,NO DATA,0,0,0,0,0,3,Disconnected
2026-10-08 13:11:04,NO DATA,0,0,0,0,0,3,Disconnected
2026-10-08 13:11:04,NO DATA,0,0,0,0,0,3,Disconnected
2026-10-08 13:11:04,NO DATA,0,0,0,0,0,3,Disconnected
2026-10-08 13:11:04,NO DATA,0,0,0,0,0,3,Disconnected
2026-10-08 13:11:04,NO DATA,0,0,0,0,0,3,Disconnected
2026-10-08 13:11:04,NO DATA,0,0,0,0,0,3,Disconnected
2026-10-08 13:11:04,NO DATA,0,0,0,0,0,3,Disconnected
2026-10-08 13:11:04,NO DATA,0,0,0,0,0,3,Disconnected
2026-10-08 13:11:04,NO DATA,0,0,0,0,0,3,Disconnected
2026-10-08 13:11:04,NO DATA,0,0,0,0,0,3,Disconnected
2026-10-08 13:11:05,NO DATA,0,0,0,0,0,3,Disconnected
2026-10-08 13:11:05,NO DATA,0,0,0,0,0,3,Disconnected
2026-10-08 13:11:05,NO DATA,0,0,0,0,0,3,Disconnected
2026-10-08 13:11:05,NO DATA,0,0,0,0,0,3,Disconnected
2026-10-08 13:11:05,NO DATA,0,0,0,0,0,3,Disconnected
2026-10-08 13:11:05,NO DATA,0,0,0,0,0,3,Disconnected
2026-10-08 13:11:05,NO DATA,0,0,0,0,0,3,Disconnected
2026-10-08 13:11:05,NO DATA,0,0,0,0,0,3,Disconnected
2026-10-08 13:11:05,NO DATA,0,0,0,0,0,3,Disconnected
2026-10-08 13:11:05,NO DATA,0,0,0,0,0,3,Disconnected
2026-10-08 13:11:06,NO DATA,0,0,0,0,0,3,Disconnected
2026-10-08 13:11:06,NO DATA,0,0,0,0,0,3,Disconnected
2026-10-08 13:11:06,NO DATA,0,0,0,0,0,3,Disconnected
2026-10-08 13:11:06,NO DATA,0,0,0,0,0,3,Disconnected
2026-10-08 13:11:06,NO DATA,0,0,0,0,0,3,Disconnected
2026-10-08 13:11:06,NO DATA,0,0,0,0,0,3,Disconnected
2026-10-08 13:11:06,NO DATA,0,0,0,0,0,3,Disconnected
2026-10-08 13:11:06,NO DATA,0,0,0,0,0,3,Disconnected
2026-10-08 13:11:06,NO DATA,0,0,0,0,0,3,Disconnected
2026-10-08 13:11:06,NO DATA,0,0,0,0,0,3,Disconnected
2026-10-08 13:11:07,NO DATA,0,0,0,0,0,3,Disconnected
2026-10-08 13:11:07,NO DATA,0,0,0,0,0,3,Disconnected
2026-10-08 13:11:07,NO DATA,0,0,0,0,0,3,Disconnected
2026-10-08 13:11:07,NO DATA,0,0,0,0,0,3,Disconnected
2026-10-08 13:11:07,NO DATA,0,0,0,0,0,3,Disconnected
2026-10-08 13:11:07,NO DATA,0,0,0,0,0,3,Disconnected
2026-10-08 13:11:07,NO DATA,0,0,0,0,0,3,Disconnected
2026-10-08 13:11:07,NO DATA,0,0,0,0,0,3,Disconnected
2026-10-08 13:11:07,NO DATA,0,0,0,0,0,3,Disconnected
2026-10-08 13:11:07,NO DATA,0,0,0,0,0,3,Disconnected
2026-10-08 13:11:08,NO DATA,0,0,0,0,0,3,Disconnected
2026-10-08 13:11:08,NO DATA,0,0,0,0,0,3,Disconnected
2026-10-08 13:11:08,NO DATA,0,0,0,0,0,3,Disconnected
2026-10-08 13:11:08,NO DATA,0,0,0,0,0,3,Disconnected
2026-10-08 13:11:08,NO DATA,0,0,0,0,0,3,Disconnected
2026-10-08 13:11:08,NO DATA,0,0,0,0,0,3,Disconnected
2026-10-08 13:11:08,NO DATA,0,0,0,0,0,3,Disconnected
2026-10-08 13:11:08,NO DATA,0,0,0,0,0,3,Disconnected
2026-10-08 13:11:08,NO DATA,0,0,0,0,0,3,Disconnected
2026-10-08 13:11:08,NO DATA,0,0,0,0,0,3,Disconnected
2026-10-08 13:11:09,NO DATA,0,0,0,0,0,3,Disconnected
2026-10-08 13:11:09,NO DATA,0,0,0,0,0,3,Disconnected
2026-10-08 13:11:09,NO DATA,0,0,0,0,0,3,Disconnected
2026-10-08 13:11:09,NO DATA,0,0,0,0,0,3,Disconnected
2026-10-08 13:11:09,NO DATA,0,0,0,0,0,3,Disconnected
2026-10-08 13:11:09,NO DATA,0,0,0,0,0,3,Disconnected
2026-10-08 13:11:09,NO DATA,0,0,0,0,0,3,Disconnected
2026-10-08 13:11:09,NO DATA,0,0,0,0,0,3,Disconnected
2026-10-08 13:11:09,NO DATA,0,0,0,0,0,3,Disconnected
2026-10-08 13:11:09,NO DATA,0,0,0,0,0,3,Disconnected
2026-10-08 13:11:10,NO DATA,0,0,0,0,0,3,Disconnected
2026-10-08 13:11:10,NO DATA,0,0,0,0,0,3,Disconnected
2026-10-08 13:11:10,NO DATA,0,0,0,0,0,3,Disconnected
2026-10-08 13:11:10,NO DATA,0,0,0,0,0,3,Disconnected
2026-10-08 13:11:10,NO DATA,0,0,0,0,0,3,Disconnected
2026-10-08 13:11:10,NO DATA,0,0,0,0,0,3,Disconnected
2026-10-08 13:11:10,NO DATA,0,0,0,0,0,3,Disconnected
2026-10-08 13:11:10,NO DATA,0,0,0,0,0,3,Disconnected
2026-10-08 13:11:10,NO DATA,0,0,0,0,0,3,Disconnected
2026-10-08 13:11:10,NO DATA,0,0,0,0,0,3,Disconnected
2026-10-08 13:11:11,NO DATA,0,0,0,0,0,3,Disconnected
2026-10-08 13:11:11,NO DATA,0,0,0,0,0,3,Disconnected
2026-10-08 13:11:11,NO DATA,0,0,0,0,0,3,Disconnected
2026-10-08 13:11:11,NO DATA,0,0,0,0,0,3,Disconnected
2026-10-08 13:11:11,NO DATA,0,0,0,0,0,3,Disconnected
2026-10-08 13:11:11,NO DATA,0,0,0,0,0,3,Disconnected
2026-10-08 13:11:11,NO DATA,0,0,0,0,0,3,Disconnected
2026-10-08 13:11:11,NO DATA,0,0,0,0,0,3,Disconnected
2026-10-08 13:11:11,NO DATA,0,0,0,0,0,3,Disconnected
2026-10-08 13:11:11,NO DATA,0,0,0,0,0,3,Disconnected
2026-10-08 13:11:12,NO DATA,0,0,0,0,0,3,Disconnected
2026-10-08 13:11:12,NO DATA,0,0,0,0,0,3,Disconnected
2026-10-08 13:11:12,NO DATA,0,0,0,0,0,3,Disconnected
2026-10-08 13:11:12,NO DATA,0,0,0,0,0,3,Disconnected
2026-10-08 13:11:12,NO DATA,0,0,0,0,0,3,Disconnected
2026-10-08 13:11:12,NO DATA,0,0,0,0,0,3,Disconnected
2026-10-08 13:11:12,NO DATA,0,0,0,0,0,3,Disconnected
2026-10-08 13:11:12,NO DATA,0,0,0,0,0,3,Disconnected
2026-10-08 13:11:12,NO DATA,0,0,0,0,0,3,Disconnected
2026-10-08 13:11:12,NO DATA,0,0,0,0,0,3,Disconnected
2026-10-08 13:11:13,NO DATA,0,0,0,0,0,3,Disconnected
2026-10-08 13:11:13,NO DATA,0,0,0,0,0,3,Disconnected
2026-10-08 13:11:13,NO DATA,0,0,0,0,0,3,Disconnected
2026-10-08 13:11:13,NO DATA,0,0,0,0,0,3,Disconnected
2026-10-08 13:11:13,NO DATA,0,0,0,0,0,3,Disconnected
2026-10-08 13:11:13,NO DATA,0,0,0,0,0,3,Disconnected
2026-10-08 13:11:13,NO DATA,0,0,0,0,0,3,Disconnected
2026-10-08 13:11:13,NO DATA,0,0,0,0,0,3,Disconnected
2026-10-08 13:11:13,NO DATA,0,0,0,0,0,3,Disconnected
2026-10-08 13:11:13,NO DATA,0,0,0,0,0,3,Disconnected
2026-10-08 13:11:14,NO DATA,0,0,0,0,0,3,Disconnected
2026-10-08 13:11:14,NO DATA,0,0,0,0,0,3,Disconnected
2026-10-08 13:11:14,NO DATA,0,0,0,0,0,3,Disconnected
2026-10-08 13:11:14,NO DATA,0,0,0,0,0,3,Disconnected
2026-10-08 13:11:14,NO DATA,0,0,0,0,0,3,Disconnected
2026-10-08 13:11:14,NO DATA,0,0,0,0,0,3,Disconnected
2026-10-08 13:11:14,NO DATA,0,0,0,0,0,3,Disconnected
2026-10-08 13:11:14,NO DATA,0,0,0,0,0,3,Disconnected
2026-10-08 13:11:14,NO DATA,0,0,0,0,0,3,Disconnected
2026-10-08 13:11:14,NO DATA,0,0,0,0,0,3,Disconnected
2026-10-08 13:11:15,NO DATA,0,0,0,0,0,3,Disconnected
2026-10-08 13:11:15,NO DATA,0,0,0,0,0,3,Disconnected
2026-10-08 13:11:15,NO DATA,0,0,0,0,0,3,Disconnected
2026-10-08 13:11:15,NO DATA,0,0,0,0,0,3,Disconnected
2026-10-08 13:11:15,NO DATA,0,0,0,0,0,3,Disconnected
2026-10-08 13:11:15,NO DATA,0,0,0,0,0,3,Disconnected
2026-10-08 13:11:15,NO DATA,0,0,0,0,0,3,Disconnected
2026-10-08 13:11:15,NO DATA,0,0,0,0,0,3,Disconnected
2026-10-08 13:11:15,NO DATA,0,0,0,0,0,3,Disconnected
2026-10-08 13:11:15,NO DATA,0,0,0,0,0,3,Disconnected
2026-10-08 13:11:16,NO DATA,0,0,0,0,0,3,Disconnected
2026-10-08 13:11:16,NO DATA,0,0,0,0,0,3,Disconnected
2026-10-08 13:11:16,NO DATA,0,0,0,0,0,3,Disconnected
2026-10-08 13:11:16,NO DATA,0,0,0,0,0,3,Disconnected
2026-10-08 13:11:16,NO DATA,0,0,0,0,0,3,Disconnected
2026-10-08 13:11:16,NO DATA,0,0,0,0,0,3,Disconnected
2026-10-08 13:11:16,NO DATA,0,0,0,0,0,3,Disconnected
2026-10-08 13:11:16,NO DATA,0,0,0,0,0,3,Disconnected
2026-10-08 13:11:16,NO DATA,0,0,0,0,0,3,Disconnected
2026-10-08 13:11:16,NO DATA,0,0,0,0,0,3,Disconnected
2026-10-08 13:11:17,NO DATA,0,0,0,0,0,3,Disconnected
2026-10-08 13:11:17,NO DATA,0,0,0,0,0,3,Disconnected
2026-10-08 13:11:17,NO DATA,0,0,0,0,0,3,Disconnected
2026-10-08 13:11:17,NO DATA,0,0,0,0,0,3,Disconnected
2026-10-08 13:11:17,NO DATA,0,0,0,0,0,3,Disconnected
2026-10-08 13:11:17,NO DATA,0,0,0,0,0,3,Disconnected
2026-10-08 13:11:17,NO DATA,0,0,0,0,0,3,Disconnected
2026-10-08 13:11:17,NO DATA,0,0,0,0,0,3,Disconnected
2026-10-08 13:11:17,NO DATA,0,0,0,0,0,3,Disconnected
2026-10-08 13:11:17,NO DATA,0,0,0,0,0,3,Disconnected
2026-10-08 13:11:18,NO DATA,0,0,0,0,0,3,Disconnected
2026-10-08 13:11:18,NO DATA,0,0,0,0,0,3,Disconnected
2026-10-08 13:11:18,NO DATA,0,0,0,0,0,3,Disconnected
2026-10-08 13:11:18,NO DATA,0,0,0,0,0,3,Disconnected
2026-10-08 13:11:18,NO DATA,0,0,0,0,0,3,Disconnected
2026-10-08 13:11:18,NO DATA,0,0,0,0,0,3,Disconnected
2026-10-08 13:11:18,NO DATA,0,0,0,0,0,3,Disconnected
2026-10-08 13:11:18,NO DATA,0,0,0,0,0,3,Disconnected
2026-10-08 13:11:18,NO DATA,0,0,0,0,0,3,Disconnected
2026-10-08 13:11:18,NO DATA,0,0,0,0,0,3,Disconnected
2026-10-08 13:11:19,NO DATA,0,0,0,0,0,3,Disconnected
2026-10-08 13:11:19,NO DATA,0,0,0,0,0,3,Disconnected
2026-10-08 13:11:19,NO DATA,0,0,0,0,0,3,Disconnected
2026-10-08 13:11:19,NO DATA,0,0,0,0,0,3,Disconnected
2026-10-08 13:11:19,NO DATA,0,0,0,0,0,3,Disconnected
2026-10-08 13:11:19,NO DATA,0,0,0,0,0,3,Disconnected
2026-10-08 13:11:19,NO DATA,0,0,0,0,0,3,Disconnected
2026-10-08 13:11:19,NO DATA,0,0,0,0,0,3,Disconnected
2026-10-08 13:11:19,NO DATA,0,0,0,0,0,3,Disconnected
2026-10-08 13:11:19,NO DATA,0,0,0,0,0,3,Disconnected
2026-10-08 13:11:20,NO DATA,0,0,0,0,0,3,Disconnected
2026-10-08 13:11:20,NO DATA,0,0,0,0,0,3,Disconnected
2026-10-08 13:11:20,NO DATA,0,0,0,0,0,3,Disconnected
2026-10-08 13:11:20,NO DATA,0,0,0,0,0,3,Disconnected
2026-10-08 13:11:20,NO DATA,0,0,0,0,0,3,Disconnected
2026-10-08 13:11:20,NO DATA,0,0,0,0,0,3,Disconnected
2026-10-08 13:11:20,NO DATA,0,0,0,0,0,3,Disconnected
2026-10-08 13:11:20,NO DATA,0,0,0,0,0,3,Disconnected
2026-10-08 13:11:20,NO DATA,0,0,0,0,0,3,Disconnected
2026-10-08 13:11:20,NO DATA,0,0,0,0,0,3,Disconnected
2026-10-08 13:11:21,NO DATA,0,0,0,0,0,3,Disconnected
2026-10-08 13:11:21,NO DATA,0,0,0,0,0,3,Disconnected
2026-10-08 13:11:21,NO DATA,0,0,0,0,0,3,Disconnected
2026-10-08 13:11:21,NO DATA,0,0,0,0,0,3,Disconnected
2026-10-08 13:11:21,NO DATA,0,0,0,0,0,3,Disconnected
2026-10-08 13:11:21,NO DATA,0,0,0,0,0,3,Disconnected
2026-10-08 13:11:21,NO DATA,0,0,0,0,0,3,Disconnected
2026-10-08 13:11:21,NO DATA,0,0,0,0,0,3,Disconnected
2026-10-08 13:11:21,NO DATA,0,0,0,0,0,3,Disconnected
2026-10-08 13:11:21,NO DATA,0,0,0,0,0,3,Disconnected
2026-10-08 13:11:22,NO DATA,0,0,0,0,0,3,Disconnected
2026-10-08 13:11:22,NO DATA,0,0,0,0,0,3,Disconnected
2026-10-08 13:11:22,NO DATA,0,0,0,0,0,3,Disconnected
2026-10-08 13:11:22,NO DATA,0,0,0,0,0,3,Disconnected
2026-10-08 13:11:22,NO DATA,0,0,0,0,0,3,Disconnected
2026-10-08 13:11:22,NO DATA,0,0,0,0,0,3,Disconnected
2026-10-08 13:11:22,NO DATA,0,0,0,0,0,3,Disconnected
2026-10-08 13:11:22,NO DATA,0,0,0,0,0,3,Disconnected
2026-10-08 13:11:22,NO DATA,0,0,0,0,0,3,Disconnected
2026-10-08 13:11:22,NO DATA,0,0,0,0,0,3,Disconnected
2026-10-08 13:11:23,NO DATA,0,0,0,0,0,3,Disconnected
2026-10-08 13:11:23,NO DATA,0,0,0,0,0,3,Disconnected
2026-10-08 13:11:23,NO DATA,0,0,0,0,0,3,Disconnected
2026-10-08 13:11:23,NO DATA,0,0,0,0,0,3,Disconnected
2026-10-08 13:11:23,NO DATA,0,0,0,0,0,3,Disconnected
2026-10-08 13:11:23,NO DATA,0,0,0,0,0,3,Disconnected
2026-10-08 13:11:23,NO DATA,0,0,0,0,0,3,Disconnected
2026-10-08 13:11:23,NO DATA,0,0,0,0,0,3,Disconnected
2026-10-08 13:11:23,NO DATA,0,0,0,0,0,3,Disconnected
2026-10-08 13:11:23,NO DATA,0,0,0,0,0,3,Disconnected
2026-10-08 13:11:24,NO DATA,0,0,0,0,0,3,Disconnected
2026-10-08 13:11:24,NO DATA,0,0,0,0,0,3,Disconnected
2026-10-08 13:11:24,NO DATA,0,0,0,0,0,3,Disconnected
2026-10-08 13:11:24,NO DATA,0,0,0,0,0,3,Disconnected
2026-10-08 13:11:24,NO DATA,0,0,0,0,0,3,Disconnected
2026-10-08 13:11:24,NO DATA,0,0,0,0,0,3,Disconnected
2026-10-08 13:11:24,NO DATA,0,0,0,0,0,3,Disconnected
2026-10-08 13:11:24,NO DATA,0,0,0,0,0,3,Disconnected
2026-10-08 13:11:24,NO DATA,0,0,0,0,0,3,Disconnected
2026-10-08 13:11:24,NO DATA,0,0,0,0,0,3,Disconnected
2026-10-08 13:11:25,NO DATA,0,0,0,0,0,3,Disconnected
2026-10-08 13:11:25,NO DATA,0,0,0,0,0,3,Disconnected
2026-10-08 13:11:25,NO DATA,0,0,0,0,0,3,Disconnected
2026-10-08 13:11:25,NO DATA,0,0,0,0,0,3,Disconnected
2026-10-08 13:11:25,NO DATA,0,0,0,0,0,3,Disconnected
2026-10-08 13:11:25,NO DATA,0,0,0,0,0,3,Disconnected
2026-10-08 13:11:25,NO DATA,0,0,0,0,0,3,Disconnected
2026-10-08 13:11:25,NO DATA,0,0,0,0,0,3,Disconnected
2026-10-08 13:11:25,NO DATA,0,0,0,0,0,3,Disconnected
2026-10-08 13:11:25,NO DATA,0,0,0,0,0,3,Disconnected
2026-10-08 13:11:26,NO DATA,0,0,0,0,0,3,Disconnected
2026-10-08 13:11:26,NO DATA,0,0,0,0,0,3,Disconnected
2026-10-08 13:11:26,NO DATA,0,0,0,0,0,3,Disconnected
2026-10-08 13:11:26,NO DATA,0,0,0,0,0,3,Disconnected
2026-10-08 13:11:26,NO DATA,0,0,0,0,0,3,Disconnected
2026-10-08 13:11:26,NO DATA,0,0,0,0,0,3,Disconnected
2026-10-08 13:11:26,NO DATA,0,0,0,0,0,3,Disconnected
2026-10-08 13:11:26,NO DATA,0,0,0,0,0,3,Disconnected
2026-10-08 13:11:26,NO DATA,0,0,0,0,0,3,Disconnected
2026-10-08 13:11:27,NO DATA,0,0,0,0,0,3,Disconnected
2026-10-08 13:11:27,NO DATA,0,0,0,0,0,3,Disconnected
2026-10-08 13:11:27,NO DATA,0,0,0,0,0,3,Disconnected
2026-10-08 13:11:27,NO DATA,0,0,0,0,0,3,Disconnected
2026-10-08 13:11:27,NO DATA,0,0,0,0,0,3,Disconnected
2026-10-08 13:11:27,NO DATA,0,0,0,0,0,3,Disconnected
2026-10-08 13:11:27,NO DATA,0,0,0,0,0,3,Disconnected
2026-10-08 13:11:27,NO DATA,0,0,0,0,0,3,Disconnected
2026-10-08 13:11:27,NO DATA,0,0,0,0,0,3,Disconnected
2026-10-08 13:11:27,NO DATA,0,0,0,0,0,3,Disconnected
2026-10-08 13:11:28,NO DATA,0,0,0,0,0,3,Disconnected
2026-10-08 13:11:28,NO DATA,0,0,0,0,0,3,Disconnected
2026-10-08 13:11:28,NO DATA,0,0,0,0,0,3,Disconnected
2026-10-08 13:11:28,NO DATA,0,0,0,0,0,3,Disconnected
2026-10-08 13:11:28,NO DATA,0,0,0,0,0,3,Disconnected
2026-10-08 13:11:28,NO DATA,0,0,0,0,0,3,Disconnected
2026-10-08 13:11:28,NO DATA,0,0,0,0,0,3,Disconnected
2026-10-08 13:11:28,NO DATA,0,0,0,0,0,3,Disconnected
2026-10-08 13:11:28,NO DATA,0,0,0,0,0,3,Disconnected
2026-10-08 13:11:28,NO DATA,0,0,0,0,0,3,Disconnected
2026-10-08 13:11:29,NO DATA,0,0,0,0,0,3,Disconnected
2026-10-08 13:11:29,NO DATA,0,0,0,0,0,3,Disconnected
2026-10-08 13:11:29,NO DATA,0,0,0,0,0,3,Disconnected
2026-10-08 13:11:29,NO DATA,0,0,0,0,0,3,Disconnected
2026-10-08 13:11:29,NO DATA,0,0,0,0,0,3,Disconnected
2026-10-08 13:11:29,NO DATA,0,0,0,0,0,3,Disconnected
2026-10-08 13:11:29,NO DATA,0,0,0,0,0,3,Disconnected
2026-10-08 13:11:29,NO DATA,0,0,0,0,0,3,Disconnected
2026-10-08 13:11:29,NO DATA,0,0,0,0,0,3,Disconnected
2026-10-08 13:11:29,NO DATA,0,0,0,0,0,3,Disconnected
2026-10-08 13:11:30,NO DATA,0,0,0,0,0,3,Disconnected
2026-10-08 13:11:30,NO DATA,0,0,0,0,0,3,Disconnected
2026-10-08 13:11:30,NO DATA,0,0,0,0,0,3,Disconnected
2026-10-08 13:11:30,NO DATA,0,0,0,0,0,3,Disconnected
2026-10-08 13:11:30,NO DATA,0,0,0,0,0,3,Disconnected
2026-10-08 13:11:30,NO DATA,0,0,0,0,0,3,Disconnected
2026-10-08 13:11:30,NO DATA,0,0,0,0,0,3,Disconnected
2026-10-08 13:11:30,NO DATA,0,0,0,0,0,3,Disconnected
2026-10-08 13:11:30,NO DATA,0,0,0,0,0,3,Disconnected
2026-10-08 13:11:30,NO DATA,0,0,0,0,0,3,Disconnected
2026-10-08 13:11:31,NO DATA,0,0,0,0,0,3,Disconnected
2026-10-08 13:11:31,NO DATA,0,0,0,0,0,3,Disconnected
2026-10-08 13:11:31,NO DATA,0,0,0,0,0,3,Disconnected
2026-10-08 13:11:31,NO DATA,0,0,0,0,0,3,Disconnected
2026-10-08 13:11:31,NO DATA,0,0,0,0,0,3,Disconnected
2026-10-08 13:11:31,NO DATA,0,0,0,0,0,3,Disconnected
2026-10-08 13:11:31,NO DATA,0,0,0,0,0,3,Disconnected
2026-10-08 13:11:31,NO DATA,0,0,0,0,0,3,Disconnected
2026-10-08 13:11:31,NO DATA,0,0,0,0,0,3,Disconnected
2026-10-08 13:11:31,NO DATA,0,0,0,0,0,3,Disconnected
2026-10-08 13:11:32,NO DATA,0,0,0,0,0,3,Disconnected
2026-10-08 13:11:32,NO DATA,0,0,0,0,0,3,Disconnected
2026-10-08 13:11:32,NO DATA,0,0,0,0,0,3,Disconnected
2026-10-08 13:11:32,NO DATA,0,0,0,0,0,3,Disconnected
2026-10-08 13:11:32,NO DATA,0,0,0,0,0,3,Disconnected
2026-10-08 13:11:32,NO DATA,0,0,0,0,0,3,Disconnected
2026-10-08 13:11:32,NO DATA,0,0,0,0,0,3,Disconnected
2026-10-08 13:11:32,NO DATA,0,0,0,0,0,3,Disconnected
2026-10-08 13:11:32,NO DATA,0,0,0,0,0,3,Disconnected
2026-10-08 13:11:32,NO DATA,0,0,0,0,0,3,Disconnected
2026-10-08 13:11:33,NO DATA,0,0,0,0,0,3,Disconnected
2026-10-08 13:11:33,NO DATA,0,0,0,0,0,3,Disconnected
2026-10-08 13:11:33,NO DATA,0,0,0,0,0,3,Disconnected
2026-10-08 13:11:33,NO DATA,0,0,0,0,0,3,Disconnected
2026-10-08 13:11:33,NO DATA,0,0,0,0,0,3,Disconnected
2026-10-08 13:11:33,NO DATA,0,0,0,0,0,3,Disconnected
2026-10-08 13:11:33,NO DATA,0,0,0,0,0,3,Disconnected
2026-10-08 13:11:33,NO DATA,0,0,0,0,0,3,Disconnected
2026-10-08 13:11:33,NO DATA,0,0,0,0,0,3,Disconnected
2026-10-08 13:11:33,NO DATA,0,0,0,0,0,3,Disconnected
2026-10-08 13:11:34,NO DATA,0,0,0,0,0,3,Disconnected
2026-10-08 13:11:34,NO DATA,0,0,0,0,0,3,Disconnected
2026-10-08 13:11:34,NO DATA,0,0,0,0,0,3,Disconnected
2026-10-08 13:11:34,NO DATA,0,0,0,0,0,3,Disconnected
2026-10-08 13:11:34,NO DATA,0,0,0,0,0,3,Disconnected
2026-10-08 13:11:34,NO DATA,0,0,0,0,0,3,Disconnected
2026-10-08 13:11:34,NO DATA,0,0,0,0,0,3,Disconnected
2026-10-08 13:11:34,NO DATA,0,0,0,0,0,3,Disconnected
2026-10-08 13:11:34,NO DATA,0,0,0,0,0,3,Disconnected
2026-10-08 13:11:34,NO DATA,0,0,0,0,0,3,Disconnected
2026-10-08 13:11:35,NO DATA,0,0,0,0,0,3,Disconnected
2026-10-08 13:11:35,NO DATA,0,0,0,0,0,3,Disconnected
2026-10-08 13:11:35,NO DATA,0,0,0,0,0,3,Disconnected
2026-10-08 13:11:35,NO DATA,0,0,0,0,0,3,Disconnected
2026-10-08 13:11:35,NO DATA,0,0,0,0,0,3,Disconnected
2026-10-08 13:11:35,NO DATA,0,0,0,0,0,3,Disconnected
2026-10-08 13:11:35,NO DATA,0,0,0,0,0,3,Disconnected
2026-10-08 13:11:35,NO DATA,0,0,0,0,0,3,Disconnected
2026-10-08 13:11:35,NO DATA,0,0,0,0,0,3,Disconnected
2026-10-08 13:11:35,NO DATA,0,0,0,0,0,3,Disconnected
2026-10-08 13:11:36,NO DATA,0,0,0,0,0,3,Disconnected
2026-10-08 13:11:36,NO DATA,0,0,0,0,0,3,Disconnected
2026-10-08 13:11:36,NO DATA,0,0,0,0,0,3,Disconnected
2026-10-08 13:11:36,NO DATA,0,0,0,0,0,3,Disconnected
2026-10-08 13:11:36,NO DATA,0,0,0,0,0,3,Disconnected
2026-10-08 13:11:36,NO DATA,0,0,0,0,0,3,Disconnected
2026-10-08 13:11:36,NO DATA,0,0,0,0,0,3,Disconnected
2026-10-08 13:11:36,NO DATA,0,0,0,0,0,3,Disconnected
2026-10-08 13:11:36,NO DATA,0,0,0,0,0,3,Disconnected
2026-10-08 13:11:36,NO DATA,0,0,0,0,0,3,Disconnected
2026-10-08 13:11:37,NO DATA,0,0,0,0,0,3,Disconnected
2026-10-08 13:11:37,NO DATA,0,0,0,0,0,3,Disconnected
2026-10-08 13:11:37,NO DATA,0,0,0,0,0,3,Disconnected
2026-10-08 13:11:37,NO DATA,0,0,0,0,0,3,Disconnected
2026-10-08 13:11:37,NO DATA,0,0,0,0,0,3,Disconnected
2026-10-08 13:11:37,NO DATA,0,0,0,0,0,3,Disconnected
2026-10-08 13:11:37,NO DATA,0,0,0,0,0,3,Disconnected
2026-10-08 13:11:37,NO DATA,0,0,0,0,0,3,Disconnected
2026-10-08 13:11:37,NO DATA,0,0,0,0,0,3,Disconnected
2026-10-08 13:11:37,NO DATA,0,0,0,0,0,3,Disconnected
2026-10-08 13:11:38,NO DATA,0,0,0,0,0,3,Disconnected
2026-10-08 13:11:38,NO DATA,0,0,0,0,0,3,Disconnected
2026-10-08 13:11:38,NO DATA,0,0,0,0,0,3,Disconnected
2026-10-08 13:11:38,NO DATA,0,0,0,0,0,3,Disconnected
2026-10-08 13:11:38,NO DATA,0,0,0,0,0,3,Disconnected
2026-10-08 13:11:38,NO DATA,0,0,0,0,0,3,Disconnected
2026-10-08 13:11:38,NO DATA,0,0,0,0,0,3,Disconnected
2026-10-08 13:11:38,NO DATA,0,0,0,0,0,3,Disconnected
2026-10-08 13:11:38,NO DATA,0,0,0,0,0,3,Disconnected
2026-10-08 13:11:38,NO DATA,0,0,0,0,0,3,Disconnected
2026-10-08 13:11:39,NO DATA,0,0,0,0,0,3,Disconnected
2026-10-08 13:11:39,NO DATA,0,0,0,0,0,3,Disconnected
2026-10-08 13:11:39,NO DATA,0,0,0,0,0,3,Disconnected
2026-10-08 13:11:39,NO DATA,0,0,0,0,0,3,Disconnected
2026-10-08 13:11:39,NO DATA,0,0,0,0,0,3,Disconnected
2026-10-08 13:11:39,NO DATA,0,0,0,0,0,3,Disconnected
2026-10-08 13:11:39,NO DATA,0,0,0,0,0,3,Disconnected
2026-10-08 13:11:39,NO DATA,0,0,0,0,0,3,Disconnected
2026-10-08 13:11:39,NO DATA,0,0,0,0,0,3,Disconnected
2026-10-08 13:11:39,NO DATA,0,0,0,0,0,3,Disconnected
2026-10-08 13:11:40,NO DATA,0,0,0,0,0,3,Disconnected
2026-10-08 13:11:40,NO DATA,0,0,0,0,0,3,Disconnected
2026-10-08 13:11:40,NO DATA,0,0,0,0,0,3,Disconnected
2026-10-08 13:11:40,NO DATA,0,0,0,0,0,3,Disconnected
2026-10-08 13:11:40,NO DATA,0,0,0,0,0,3,Disconnected
2026-10-08 13:11:40,NO DATA,0,0,0,0,0,3,Disconnected
2026-10-08 13:11:40,NO DATA,0,0,0,0,0,3,Disconnected
2026-10-08 13:11:40,NO DATA,0,0,0,0,0,3,Disconnected
2026-10-08 13:11:40,NO DATA,0,0,0,0,0,3,Disconnected
2026-10-08 13:11:40,NO DATA,0,0,0,0,0,3,Disconnected
2026-10-08 13:11:41,NO DATA,0,0,0,0,0,3,Disconnected
2026-10-08 13:11:41,NO DATA,0,0,0,0,0,3,Disconnected
2026-10-08 13:11:41,NO DATA,0,0,0,0,0,3,Disconnected
2026-10-08 13:11:41,NO DATA,0,0,0,0,0,3,Disconnected
2026-10-08 13:11:41,NO DATA,0,0,0,0,0,3,Disconnected
2026-10-08 13:11:41,NO DATA,0,0,0,0,0,3,Disconnected
2026-10-08 13:11:41,NO DATA,0,0,0,0,0,3,Disconnected
2026-10-08 13:11:41,NO DATA,0,0,0,0,0,3,Disconnected
2026-10-08 13:11:41,NO DATA,0,0,0,0,0,3,Disconnected
2026-10-08 13:11:41,NO DATA,0,0,0,0,0,3,Disconnected
2026-10-08 13:11:42,NO DATA,0,0,0,0,0,3,Disconnected
2026-10-08 13:11:42,NO DATA,0,0,0,0,0,3,Disconnected
2026-10-08 13:11:42,NO DATA,0,0,0,0,0,3,Disconnected
2026-10-08 13:11:42,NO DATA,0,0,0,0,0,3,Disconnected
2026-10-08 13:11:42,NO DATA,0,0,0,0,0,3,Disconnected
2026-10-08 13:11:42,NO DATA,0,0,0,0,0,3,Disconnected
2026-10-08 13:11:42,NO DATA,0,0,0,0,0,3,Disconnected
2026-10-08 13:11:42,NO DATA,0,0,0,0,0,3,Disconnected
2026-10-08 13:11:42,NO DATA,0,0,0,0,0,3,Disconnected
2026-10-08 13:11:42,NO DATA,0,0,0,0,0,3,Disconnected
2026-10-08 13:11:43,NO DATA,0,0,0,0,0,3,Disconnected
2026-10-08 13:11:43,NO DATA,0,0,0,0,0,3,Disconnected
2026-10-08 13:11:43,NO DATA,0,0,0,0,0,3,Disconnected
2026-10-08 13:11:43,NO DATA,0,0,0,0,0,3,Disconnected
2026-10-08 13:11:43,NO DATA,0,0,0,0,0,3,Disconnected
2026-10-08 13:11:43,NO DATA,0,0,0,0,0,3,Disconnected
2026-10-08 13:11:43,NO DATA,0,0,0,0,0,3,Disconnected
2026-10-08 13:11:43,NO DATA,0,0,0,0,0,3,Disconnected
2026-10-08 13:11:43,NO DATA,0,0,0,0,0,3,Disconnected
2026-10-08 13:11:43,NO DATA,0,0,0,0,0,3,Disconnected
2026-10-08 13:11:44,NO DATA,0,0,0,0,0,3,Disconnected
2026-10-08 13:11:44,NO DATA,0,0,0,0,0,3,Disconnected
2026-10-08 13:11:44,NO DATA,0,0,0,0,0,3,Disconnected
2026-10-08 13:11:44,NO DATA,0,0,0,0,0,3,Disconnected
2026-10-08 13:11:44,NO DATA,0,0,0,0,0,3,Disconnected
2026-10-08 13:11:44,NO DATA,0,0,0,0,0,3,Disconnected
2026-10-08 13:11:44,NO DATA,0,0,0,0,0,3,Disconnected
2026-10-08 13:11:44,NO DATA,0,0,0,0,0,3,Disconnected
2026-10-08 13:11:44,NO DATA,0,0,0,0,0,3,Disconnected
2026-10-08 13:11:44,NO DATA,0,0,0,0,0,3,Disconnected
2026-10-08 13:11:45,NO DATA,0,0,0,0,0,3,Disconnected
2026-10-08 13:11:45,NO DATA,0,0,0,0,0,3,Disconnected
2026-10-08 13:11:45,NO DATA,0,0,0,0,0,3,Disconnected
2026-10-08 13:11:45,NO DATA,0,0,0,0,0,3,Disconnected
2026-10-08 13:11:45,NO DATA,0,0,0,0,0,3,Disconnected
2026-10-08 13:11:45,NO DATA,0,0,0,0,0,3,Disconnected
2026-10-08 13:11:45,NO DATA,0,0,0,0,0,3,Disconnected
2026-10-08 13:11:45,NO DATA,0,0,0,0,0,3,Disconnected
2026-10-08 13:11:45,NO DATA,0,0,0,0,0,3,Disconnected
2026-10-08 13:11:45,NO DATA,0,0,0,0,0,3,Disconnected
2026-10-08 13:11:46,NO DATA,0,0,0,0,0,3,Disconnected
2026-10-08 13:11:46,NO DATA,0,0,0,0,0,3,Disconnected
2026-10-08 13:11:46,NO DATA,0,0,0,0,0,3,Disconnected
2026-10-08 13:11:46,NO DATA,0,0,0,0,0,3,Disconnected
2026-10-08 13:11:46,NO DATA,0,0,0,0,0,3,Disconnected
2026-10-08 13:11:46,NO DATA,0,0,0,0,0,3,Disconnected
2026-10-08 13:11:46,NO DATA,0,0,0,0,0,3,Disconnected
2026-10-08 13:11:46,NO DATA,0,0,0,0,0,3,Disconnected
2026-10-08 13:11:46,NO DATA,0,0,0,0,0,3,Disconnected
2026-10-08 13:11:46,NO DATA,0,0,0,0,0,3,Disconnected
2026-10-08 13:11:47,NO DATA,0,0,0,0,0,3,Disconnected
2026-10-08 13:11:47,NO DATA,0,0,0,0,0,3,Disconnected
2026-10-08 13:11:47,NO DATA,0,0,0,0,0,3,Disconnected
2026-10-08 13:11:47,NO DATA,0,0,0,0,0,3,Disconnected
2026-10-08 13:11:47,NO DATA,0,0,0,0,0,3,Disconnected
2026-10-08 13:11:47,NO DATA,0,0,0,0,0,3,Disconnected
2026-10-08 13:11:47,NO DATA,0,0,0,0,0,3,Disconnected
2026-10-08 13:11:47,NO DATA,0,0,0,0,0,3,Disconnected
2026-10-08 13:11:47,NO DATA,0,0,0,0,0,3,Disconnected
2026-10-08 13:11:47,NO DATA,0,0,0,0,0,3,Disconnected
2026-10-08 13:11:48,NO DATA,0,0,0,0,0,3,Disconnected
2026-10-08 13:11:48,NO DATA,0,0,0,0,0,3,Disconnected
2026-10-08 13:11:48,NO DATA,0,0,0,0,0,3,Disconnected
2026-10-08 13:11:48,NO DATA,0,0,0,0,0,3,Disconnected
2026-10-08 13:11:48,NO DATA,0,0,0,0,0,3,Disconnected
2026-10-08 13:11:48,NO DATA,0,0,0,0,0,3,Disconnected
2026-10-08 13:11:48,NO DATA,0,0,0,0,0,3,Disconnected
2026-10-08 13:11:48,NO DATA,0,0,0,0,0,3,Disconnected
2026-10-08 13:11:48,NO DATA,0,0,0,0,0,3,Disconnected
2026-10-08 13:11:48,NO DATA,0,0,0,0,0,3,Disconnected
2026-10-08 13:11:49,NO DATA,0,0,0,0,0,3,Disconnected
2026-10-08 13:11:49,NO DATA,0,0,0,0,0,3,Disconnected
2026-10-08 13:11:49,NO DATA,0,0,0,0,0,3,Disconnected
2026-10-08 13:11:49,NO DATA,0,0,0,0,0,3,Disconnected
2026-10-08 13:11:49,NO DATA,0,0,0,0,0,3,Disconnected
2026-10-08 13:11:49,NO DATA,0,0,0,0,0,3,Disconnected
2026-10-08 13:11:49,NO DATA,0,0,0,0,0,3,Disconnected
2026-10-08 13:11:49,NO DATA,0,0,0,0,0,3,Disconnected
2026-10-08 13:11:49,NO DATA,0,0,0,0,0,3,Disconnected
2026-10-08 13:11:49,NO DATA,0,0,0,0,0,3,Disconnected
2026-10-08 13:11:50,NO DATA,0,0,0,0,0,3,Disconnected
2026-10-08 13:11:50,NO DATA,0,0,0,0,0,3,Disconnected
2026-10-08 13:11:50,NO DATA,0,0,0,0,0,3,Disconnected
2026-10-08 13:11:50,NO DATA,0,0,0,0,0,3,Disconnected
2026-10-08 13:11:50,NO DATA,0,0,0,0,0,3,Disconnected
2026-10-08 13:11:50,NO DATA,0,0,0,0,0,3,Disconnected
2026-10-08 13:11:50,NO DATA,0,0,0,0,0,3,Disconnected
2026-10-08 13:11:50,NO DATA,0,0,0,0,0,3,Disconnected
2026-10-08 13:11:50,NO DATA,0,0,0,0,0,3,Disconnected
2026-10-08 13:11:50,NO DATA,0,0,0,0,0,3,Disconnected
2026-10-08 13:11:51,NO DATA,0,0,0,0,0,3,Disconnected
2026-10-08 13:11:51,NO DATA,0,0,0,0,0,3,Disconnected
2026-10-08 13:11:51,NO DATA,0,0,0,0,0,3,Disconnected
2026-10-08 13:11:51,NO DATA,0,0,0,0,0,3,Disconnected
2026-10-08 13:11:51,NO DATA,0,0,0,0,0,3,Disconnected
2026-10-08 13:11:51,NO DATA,0,0,0,0,0,3,Disconnected
2026-10-08 13:11:51,NO DATA,0,0,0,0,0,3,Disconnected
2026-10-08 13:11:51,NO DATA,0,0,0,0,0,3,Disconnected
2026-10-08 13:11:51,NO DATA,0,0,0,0,0,3,Disconnected
2026-10-08 13:11:51,NO DATA,0,0,0,0,0,3,Disconnected
2026-10-08 13:11:52,NO DATA,0,0,0,0,0,3,Disconnected
2026-10-08 13:11:52,NO DATA,0,0,0,0,0,3,Disconnected
2026-10-08 13:11:52,NO DATA,0,0,0,0,0,3,Disconnected
2026-10-08 13:11:52,NO DATA,0,0,0,0,0,3,Disconnected
2026-10-08 13:11:52,NO DATA,0,0,0,0,0,3,Disconnected
2026-10-08 13:11:52,NO DATA,0,0,0,0,0,3,Disconnected
2026-10-08 13:11:52,NO DATA,0,0,0,0,0,3,Disconnected
2026-10-08 13:11:52,NO DATA,0,0,0,0,0,3,Disconnected
2026-10-08 13:11:52,NO DATA,0,0,0,0,0,3,Disconnected
2026-10-08 13:11:52,NO DATA,0,0,0,0,0,3,Disconnected
2026-10-08 13:11:53,NO DATA,0,0,0,0,0,3,Disconnected
2026-10-08 13:11:53,NO DATA,0,0,0,0,0,3,Disconnected
2026-10-08 13:11:53,NO DATA,0,0,0,0,0,3,Disconnected
2026-10-08 13:11:53,NO DATA,0,0,0,0,0,3,Disconnected
2026-10-08 13:11:53,NO DATA,0,0,0,0,0,3,Disconnected
2026-10-08 13:11:53,NO DATA,0,0,0,0,0,3,Disconnected
2026-10-08 13:11:53,NO DATA,0,0,0,0,0,3,Disconnected
2026-10-08 13:11:53,NO DATA,0,0,0,0,0,3,Disconnected
2026-10-08 13:11:53,NO DATA,0,0,0,0,0,3,Disconnected
2026-10-08 13:11:53,NO DATA,0,0,0,0,0,3,Disconnected
2026-10-08 13:11:54,NO DATA,0,0,0,0,0,3,Disconnected
2026-10-08 13:11:54,NO DATA,0,0,0,0,0,3,Disconnected
2026-10-08 13:11:54,NO DATA,0,0,0,0,0,3,Disconnected
2026-10-08 13:11:54,NO DATA,0,0,0,0,0,3,Disconnected
2026-10-08 13:11:54,NO DATA,0,0,0,0,0,3,Disconnected
2026-10-08 13:11:54,NO DATA,0,0,0,0,0,3,Disconnected
2026-10-08 13:11:54,NO DATA,0,0,0,0,0,3,Disconnected
2026-10-08 13:11:54,NO DATA,0,0,0,0,0,3,Disconnected
2026-10-08 13:11:54,NO DATA,0,0,0,0,0,3,Disconnected
2026-10-08 13:11:54,NO DATA,0,0,0,0,0,3,Disconnected
2026-10-08 13:11:55,NO DATA,0,0,0,0,0,3,Disconnected
2026-10-08 13:11:55,NO DATA,0,0,0,0,0,3,Disconnected
2026-10-08 13:11:55,NO DATA,0,0,0,0,0,3,Disconnected
2026-10-08 13:11:55,NO DATA,0,0,0,0,0,3,Disconnected
2026-10-08 13:11:55,NO DATA,0,0,0,0,0,3,Disconnected
2026-10-08 13:11:55,NO DATA,0,0,0,0,0,3,Disconnected
2026-10-08 13:11:55,NO DATA,0,0,0,0,0,3,Disconnected
2026-10-08 13:11:55,NO DATA,0,0,0,0,0,3,Disconnected
2026-10-08 13:11:55,NO DATA,0,0,0,0,0,3,Disconnected
2026-10-08 13:11:55,NO DATA,0,0,0,0,0,3,Disconnected
2026-10-08 13:11:56,NO DATA,0,0,0,0,0,3,Disconnected
2026-10-08 13:11:56,NO DATA,0,0,0,0,0,3,Disconnected
2026-10-08 13:11:56,NO DATA,0,0,0,0,0,3,Disconnected
2026-10-08 13:11:56,NO DATA,0,0,0,0,0,3,Disconnected
2026-10-08 13:11:56,NO DATA,0,0,0,0,0,3,Disconnected
2026-10-08 13:11:56,NO DATA,0,0,0,0,0,3,Disconnected
2026-10-08 13:11:56,NO DATA,0,0,0,0,0,3,Disconnected
2026-10-08 13:11:56,NO DATA,0,0,0,0,0,3,Disconnected
2026-10-08 13:11:56,NO DATA,0,0,0,0,0,3,Disconnected
2026-10-08 13:11:56,NO DATA,0,0,0,0,0,3,Disconnected
2026-10-08 13:11:57,NO DATA,0,0,0,0,0,3,Disconnected
2026-10-08 13:11:57,NO DATA,0,0,0,0,0,3,Disconnected
2026-10-08 13:11:57,NO DATA,0,0,0,0,0,3,Disconnected
2026-10-08 13:11:57,NO DATA,0,0,0,0,0,3,Disconnected
2026-10-08 13:11:57,NO DATA,0,0,0,0,0,3,Disconnected
2026-10-08 13:11:57,NO DATA,0,0,0,0,0,3,Disconnected
2026-10-08 13:11:57,NO DATA,0,0,0,0,0,3,Disconnected
2026-10-08 13:11:57,NO DATA,0,0,0,0,0,3,Disconnected
2026-10-08 13:11:57,NO DATA,0,0,0,0,0,3,Disconnected
2026-10-08 13:11:57,NO DATA,0,0,0,0,0,3,Disconnected
2026-10-08 13:11:58,NO DATA,0,0,0,0,0,3,Disconnected
2026-10-08 13:11:58,NO DATA,0,0,0,0,0,3,Disconnected
2026-10-08 13:11:58,NO DATA,0,0,0,0,0,3,Disconnected
2026-10-08 13:11:58,NO DATA,0,0,0,0,0,3,Disconnected
2026-10-08 13:11:58,NO DATA,0,0,0,0,0,3,Disconnected
2026-10-08 13:11:58,NO DATA,0,0,0,0,0,3,Disconnected
2026-10-08 13:11:58,NO DATA,0,0,0,0,0,3,Disconnected
2026-10-08 13:11:58,NO DATA,0,0,0,0,0,3,Disconnected
2026-10-08 13:11:58,NO DATA,0,0,0,0,0,3,Disconnected
2026-10-08 13:11:58,NO DATA,0,0,0,0,0,3,Disconnected
2026-10-08 13:11:59,NO DATA,0,0,0,0,0,3,Disconnected
2026-10-08 13:11:59,NO DATA,0,0,0,0,0,3,Disconnected
2026-10-08 13:11:59,NO DATA,0,0,0,0,0,3,Disconnected
2026-10-08 13:11:59,NO DATA,0,0,0,0,0,3,Disconnected
2026-10-08 13:11:59,NO DATA,0,0,0,0,0,3,Disconnected
2026-10-08 13:11:59,NO DATA,0,0,0,0,0,3,Disconnected
2026-10-08 13:11:59,NO DATA,0,0,0,0,0,3,Disconnected
2026-10-08 13:11:59,NO DATA,0,0,0,0,0,3,Disconnected
2026-10-08 13:11:59,NO DATA,0,0,0,0,0,3,Disconnected
2026-10-08 13:11:59,NO DATA,0,0,0,0,0,3,Disconnected
2026-10-08 13:12:00,NO DATA,0,0,0,0,0,3,Disconnected
2026-10-08 13:12:00,NO DATA,0,0,0,0,0,3,Disconnected
2026-10-08 13:12:00,NO DATA,0,0,0,0,0,3,Disconnected
2026-10-08 13:12:00,NO DATA,0,0,0,0,0,3,Disconnected
2026-10-08 13:12:00,NO DATA,0,0,0,0,0,3,Disconnected
2026-10-08 13:12:00,NO DATA,0,0,0,0,0,3,Disconnected
2026-10-08 13:12:00,NO DATA,0,0,0,0,0,3,Disconnected
2026-10-08 13:12:00,NO DATA,0,0,0,0,0,3,Disconnected
2026-10-08 13:12:00,NO DATA,0,0,0,0,0,3,Disconnected
2026-10-08 13:12:00,NO DATA,0,0,0,0,0,3,Disconnected
2026-10-08 13:12:01,NO DATA,0,0,0,0,0,3,Disconnected
2026-10-08 13:12:01,NO DATA,0,0,0,0,0,3,Disconnected
2026-10-08 13:12:01,NO DATA,0,0,0,0,0,3,Disconnected
2026-10-08 13:12:01,NO DATA,0,0,0,0,0,3,Disconnected
2026-10-08 13:12:01,NO DATA,0,0,0,0,0,3,Disconnected
2026-10-08 13:12:01,NO DATA,0,0,0,0,0,3,Disconnected
2026-10-08 13:12:01,NO DATA,0,0,0,0,0,3,Disconnected
2026-10-08 13:12:01,NO DATA,0,0,0,0,0,3,Disconnected
2026-10-08 13:12:01,NO DATA,0,0,0,0,0,3,Disconnected
2026-10-08 13:12:01,NO DATA,0,0,0,0,0,3,Disconnected
2026-10-08 13:12:02,NO DATA,0,0,0,0,0,3,Disconnected
2026-10-08 13:12:02,NO DATA,0,0,0,0,0,3,Disconnected
2026-10-08 13:12:02,NO DATA,0,0,0,0,0,3,Disconnected
2026-10-08 13:12:02,NO DATA,0,0,0,0,0,3,Disconnected
2026-10-08 13:12:02,NO DATA,0,0,0,0,0,3,Disconnected
2026-10-08 13:12:02,NO DATA,0,0,0,0,0,3,Disconnected
2026-10-08 13:12:02,NO DATA,0,0,0,0,0,3,Disconnected
2026-10-08 13:12:02,NO DATA,0,0,0,0,0,3,Disconnected
2026-10-08 13:12:02,NO DATA,0,0,0,0,0,3,Disconnected
2026-10-08 13:12:02,NO DATA,0,0,0,0,0,3,Disconnected
2026-10-08 13:12:03,NO DATA,0,0,0,0,0,3,Disconnected
2026-10-08 13:12:03,NO DATA,0,0,0,0,0,3,Disconnected
2026-10-08 13:12:03,NO DATA,0,0,0,0,0,3,Disconnected
2026-10-08 13:12:03,NO DATA,0,0,0,0,0,3,Disconnected
2026-10-08 13:12:03,NO DATA,0,0,0,0,0,3,Disconnected
2026-10-08 13:12:03,NO DATA,0,0,0,0,0,3,Disconnected
2026-10-08 13:12:03,NO DATA,0,0,0,0,0,3,Disconnected
2026-10-08 13:12:03,NO DATA,0,0,0,0,0,3,Disconnected
2026-10-08 13:12:03,NO DATA,0,0,0,0,0,3,Disconnected
2026-10-08 13:12:03,NO DATA,0,0,0,0,0,3,Disconnected
2026-10-08 13:12:04,NO DATA,0,0,0,0,0,3,Disconnected
2026-10-08 13:12:04,NO DATA,0,0,0,0,0,3,Disconnected
2026-10-08 13:12:04,NO DATA,0,0,0,0,0,3,Disconnected
2026-10-08 13:12:04,NO DATA,0,0,0,0,0,3,Disconnected
2026-10-08 13:12:04,NO DATA,0,0,0,0,0,3,Disconnected
2026-10-08 13:12:04,NO DATA,0,0,0,0,0,3,Disconnected
2026-10-08 13:12:04,NO DATA,0,0,0,0,0,3,Disconnected
2026-10-08 13:12:04,NO DATA,0,0,0,0,0,3,Disconnected
2026-10-08 13:12:04,NO DATA,0,0,0,0,0,3,Disconnected
2026-10-08 13:12:04,NO DATA,0,0,0,0,0,3,Disconnected
2026-10-08 13:12:05,NO DATA,0,0,0,0,0,3,Disconnected
2026-10-08 13:12:05,NO DATA,0,0,0,0,0,3,Disconnected
2026-10-08 13:12:05,NO DATA,0,0,0,0,0,3,Disconnected
2026-10-08 13:12:05,NO DATA,0,0,0,0,0,3,Disconnected
2026-10-08 13:12:05,NO DATA,0,0,0,0,0,3,Disconnected
2026-10-08 13:12:05,NO DATA,0,0,0,0,0,3,Disconnected
2026-10-08 13:12:05,NO DATA,0,0,0,0,0,3,Disconnected
2026-10-08 13:12:05,NO DATA,0,0,0,0,0,3,Disconnected
2026-10-08 13:12:05,NO DATA,0,0,0,0,0,3,Disconnected
2026-10-08 13:12:05,NO DATA,0,0,0,0,0,3,Disconnected
2026-10-08 13:12:06,NO DATA,0,0,0,0,0,3,Disconnected
2026-10-08 13:12:06,NO DATA,0,0,0,0,0,3,Disconnected
2026-10-08 13:12:06,NO DATA,0,0,0,0,0,3,Disconnected
2026-10-08 13:12:06,NO DATA,0,0,0,0,0,3,Disconnected
2026-10-08 13:12:06,NO DATA,0,0,0,0,0,3,Disconnected
2026-10-08 13:12:06,NO DATA,0,0,0,0,0,3,Disconnected
2026-10-08 13:12:06,NO DATA,0,0,0,0,0,3,Disconnected
2026-10-08 13:12:06,NO DATA,0,0,0,0,0,3,Disconnected
2026-10-08 13:12:06,NO DATA,0,0,0,0,0,3,Disconnected
2026-10-08 13:12:06,NO DATA,0,0,0,0,0,3,Disconnected
2026-10-08 13:12:07,NO DATA,0,0,0,0,0,3,Disconnected
2026-10-08 13:12:07,NO DATA,0,0,0,0,0,3,Disconnected
2026-10-08 13:12:07,NO DATA,0,0,0,0,0,3,Disconnected
2026-10-08 13:12:07,NO DATA,0,0,0,0,0,3,Disconnected
2026-10-08 13:12:07,NO DATA,0,0,0,0,0,3,Disconnected
2026-10-08 13:12:07,NO DATA,0,0,0,0,0,3,Disconnected
2026-10-08 13:12:07,NO DATA,0,0,0,0,0,3,Disconnected
2026-10-08 13:12:07,NO DATA,0,0,0,0,0,3,Disconnected
2026-10-08 13:12:07,NO DATA,0,0,0,0,0,3,Disconnected
2026-10-08 13:12:07,NO DATA,0,0,0,0,0,3,Disconnected
2026-10-08 13:12:08,NO DATA,0,0,0,0,0,3,Disconnected
2026-10-08 13:12:08,NO DATA,0,0,0,0,0,3,Disconnected
2026-10-08 13:12:08,NO DATA,0,0,0,0,0,3,Disconnected
2026-10-08 13:12:08,NO DATA,0,0,0,0,0,3,Disconnected
2026-10-08 13:12:08,NO DATA,0,0,0,0,0,3,Disconnected
2026-10-08 13:12:08,NO DATA,0,0,0,0,0,3,Disconnected
2026-10-08 13:12:08,NO DATA,0,0,0,0,0,3,Disconnected
2026-10-08 13:12:08,NO DATA,0,0,0,0,0,3,Disconnected
2026-10-08 13:12:08,NO DATA,0,0,0,0,0,3,Disconnected
2026-10-08 13:12:08,NO DATA,0,0,0,0,0,3,Disconnected
2026-10-08 13:12:09,NO DATA,0,0,0,0,0,3,Disconnected
2026-10-08 13:12:09,NO DATA,0,0,0,0,0,3,Disconnected
2026-10-08 13:12:09,NO DATA,0,0,0,0,0,3,Disconnected
2026-10-08 13:12:09,NO DATA,0,0,0,0,0,3,Disconnected
2026-10-08 13:12:09,NO DATA,0,0,0,0,0,3,Disconnected
2026-10-08 13:12:09,NO DATA,0,0,0,0,0,3,Disconnected
2026-10-08 13:12:09,NO DATA,0,0,0,0,0,3,Disconnected
2026-10-08 13:12:09,NO DATA,0,0,0,0,0,3,Disconnected
2026-10-08 13:12:09,NO DATA,0,0,0,0,0,3,Disconnected
2026-10-08 13:12:09,NO DATA,0,0,0,0,0,3,Disconnected
2026-10-08 13:12:10,NO DATA,0,0,0,0,0,3,Disconnected
2026-10-08 13:12:10,NO DATA,0,0,0,0,0,3,Disconnected
2026-10-08 13:12:10,NO DATA,0,0,0,0,0,3,Disconnected
2026-10-08 13:12:10,NO DATA,0,0,0,0,0,3,Disconnected
2026-10-08 13:12:10,NO DATA,0,0,0,0,0,3,Disconnected
2026-10-08 13:12:10,NO DATA,0,0,0,0,0,3,Disconnected
2026-10-08 13:12:10,NO DATA,0,0,0,0,0,3,Disconnected
2026-10-08 13:12:10,NO DATA,0,0,0,0,0,3,Disconnected
2026-10-08 13:12:10,NO DATA,0,0,0,0,0,3,Disconnected
2026-10-08 13:12:10,NO DATA,0,0,0,0,0,3,Disconnected
2026-10-08 13:12:11,NO DATA,0,0,0,0,0,3,Disconnected
2026-10-08 13:12:11,NO DATA,0,0,0,0,0,3,Disconnected
2026-10-08 13:12:11,NO DATA,0,0,0,0,0,3,Disconnected
2026-10-08 13:12:11,NO DATA,0,0,0,0,0,3,Disconnected
2026-10-08 13:12:11,NO DATA,0,0,0,0,0,3,Disconnected
2026-10-08 13:12:11,NO DATA,0,0,0,0,0,3,Disconnected
2026-10-08 13:12:11,NO DATA,0,0,0,0,0,3,Disconnected
2026-10-08 13:12:11,NO DATA,0,0,0,0,0,3,Disconnected
2026-10-08 13:12:11,NO DATA,0,0,0,0,0,3,Disconnected
2026-10-08 13:12:11,NO DATA,0,0,0,0,0,3,Disconnected
2026-10-08 13:12:12,NO DATA,0,0,0,0,0,3,Disconnected
2026-10-08 13:12:12,NO DATA,0,0,0,0,0,3,Disconnected
2026-10-08 13:12:12,NO DATA,0,0,0,0,0,3,Disconnected
2026-10-08 13:12:12,NO DATA,0,0,0,0,0,3,Disconnected
2026-10-08 13:12:12,NO DATA,0,0,0,0,0,3,Disconnected
2026-10-08 13:12:12,NO DATA,0,0,0,0,0,3,Disconnected
2026-10-08 13:12:12,NO DATA,0,0,0,0,0,3,Disconnected
2026-10-08 13:12:12,NO DATA,0,0,0,0,0,3,Disconnected
2026-10-08 13:12:12,NO DATA,0,0,0,0,0,3,Disconnected
2026-10-08 13:12:12,NO DATA,0,0,0,0,0,3,Disconnected
2026-10-08 13:12:13,NO DATA,0,0,0,0,0,3,Disconnected
2026-10-08 13:12:13,NO DATA,0,0,0,0,0,3,Disconnected
2026-10-08 13:12:13,NO DATA,0,0,0,0,0,3,Disconnected
2026-10-08 13:12:13,NO DATA,0,0,0,0,0,3,Disconnected
2026-10-08 13:12:13,NO DATA,0,0,0,0,0,3,Disconnected
2026-10-08 13:12:13,NO DATA,0,0,0,0,0,3,Disconnected
2026-10-08 13:12:13,NO DATA,0,0,0,0,0,3,Disconnected
2026-10-08 13:12:13,NO DATA,0,0,0,0,0,3,Disconnected
2026-10-08 13:12:13,NO DATA,0,0,0,0,0,3,Disconnected
2026-10-08 13:12:13,NO DATA,0,0,0,0,0,3,Disconnected
2026-10-08 13:12:14,NO DATA,0,0,0,0,0,3,Disconnected
2026-10-08 13:12:14,NO DATA,0,0,0,0,0,3,Disconnected
2026-10-08 13:12:14,NO DATA,0,0,0,0,0,3,Disconnected
2026-10-08 13:12:14,NO DATA,0,0,0,0,0,3,Disconnected
2026-10-08 13:12:14,NO DATA,0,0,0,0,0,3,Disconnected
2026-10-08 13:12:14,NO DATA,0,0,0,0,0,3,Disconnected
2026-10-08 13:12:14,NO DATA,0,0,0,0,0,3,Disconnected
2026-10-08 13:12:14,NO DATA,0,0,0,0,0,3,Disconnected
2026-10-08 13:12:14,NO DATA,0,0,0,0,0,3,Disconnected
2026-10-08 13:12:14,NO DATA,0,0,0,0,0,3,Disconnected
2026-10-08 13:12:15,NO DATA,0,0,0,0,0,3,Disconnected
2026-10-08 13:12:15,NO DATA,0,0,0,0,0,3,Disconnected
2026-10-08 13:12:15,NO DATA,0,0,0,0,0,3,Disconnected
2026-10-08 13:12:15,NO DATA,0,0,0,0,0,3,Disconnected
2026-10-08 13:12:15,NO DATA,0,0,0,0,0,3,Disconnected
2026-10-08 13:12:15,NO DATA,0,0,0,0,0,3,Disconnected
2026-10-08 13:12:15,NO DATA,0,0,0,0,0,3,Disconnected
2026-10-08 13:12:15,NO DATA,0,0,0,0,0,3,Disconnected
2026-10-08 13:12:15,NO DATA,0,0,0,0,0,3,Disconnected
2026-10-08 13:12:15,NO DATA,0,0,0,0,0,3,Disconnected
2026-10-08 13:12:16,NO DATA,0,0,0,0,0,3,Disconnected
2026-10-08 13:12:16,NO DATA,0,0,0,0,0,3,Disconnected
2026-10-08 13:12:16,NO DATA,0,0,0,0,0,3,Disconnected
2026-10-08 13:12:16,NO DATA,0,0,0,0,0,3,Disconnected
2026-10-08 13:12:16,NO DATA,0,0,0,0,0,3,Disconnected
2026-10-08 13:12:16,NO DATA,0,0,0,0,0,3,Disconnected
2026-10-08 13:12:16,NO DATA,0,0,0,0,0,3,Disconnected
2026-10-08 13:12:16,NO DATA,0,0,0,0,0,3,Disconnected
2026-10-08 13:12:16,NO DATA,0,0,0,0,0,3,Disconnected
2026-10-08 13:12:16,NO DATA,0,0,0,0,0,3,Disconnected
2026-10-08 13:12:17,NO DATA,0,0,0,0,0,3,Disconnected
2026-10-08 13:12:17,NO DATA,0,0,0,0,0,3,Disconnected
2026-10-08 13:12:17,NO DATA,0,0,0,0,0,3,Disconnected
2026-10-08 13:12:17,NO DATA,0,0,0,0,0,3,Disconnected
2026-10-08 13:12:17,NO DATA,0,0,0,0,0,3,Disconnected
2026-10-08 13:12:17,NO DATA,0,0,0,0,0,3,Disconnected
2026-10-08 13:12:17,NO DATA,0,0,0,0,0,3,Disconnected
2026-10-08 13:12:17,NO DATA,0,0,0,0,0,3,Disconnected
2026-10-08 13:12:17,NO DATA,0,0,0,0,0,3,Disconnected
2026-10-08 13:12:17,NO DATA,0,0,0,0,0,3,Disconnected
2026-10-08 13:12:18,NO DATA,0,0,0,0,0,3,Disconnected
2026-10-08 13:12:18,NO DATA,0,0,0,0,0,3,Disconnected
2026-10-08 13:12:18,NO DATA,0,0,0,0,0,3,Disconnected
2026-10-08 13:12:18,NO DATA,0,0,0,0,0,3,Disconnected
2026-10-08 13:12:18,NO DATA,0,0,0,0,0,3,Disconnected
2026-10-08 13:12:18,NO DATA,0,0,0,0,0,3,Disconnected
2026-10-08 13:12:18,NO DATA,0,0,0,0,0,3,Disconnected
2026-10-08 13:12:18,NO DATA,0,0,0,0,0,3,Disconnected
2026-10-08 13:12:18,NO DATA,0,0,0,0,0,3,Disconnected
2026-10-08 13:12:18,NO DATA,0,0,0,0,0,3,Disconnected
2026-10-08 13:12:19,NO DATA,0,0,0,0,0,3,Disconnected
2026-10-08 13:12:19,NO DATA,0,0,0,0,0,3,Disconnected
2026-10-08 13:12:19,NO DATA,0,0,0,0,0,3,Disconnected
2026-10-08 13:12:19,NO DATA,0,0,0,0,0,3,Disconnected
2026-10-08 13:12:19,NO DATA,0,0,0,0,0,3,Disconnected
2026-10-08 13:12:19,NO DATA,0,0,0,0,0,3,Disconnected
2026-10-08 13:12:19,NO DATA,0,0,0,0,0,3,Disconnected
2026-10-08 13:12:19,NO DATA,0,0,0,0,0,3,Disconnected
2026-10-08 13:12:19,NO DATA,0,0,0,0,0,3,Disconnected
2026-10-08 13:12:19,NO DATA,0,0,0,0,0,3,Disconnected
2026-10-08 13:12:20,NO DATA,0,0,0,0,0,3,Disconnected
2026-10-08 13:12:20,NO DATA,0,0,0,0,0,3,Disconnected
2026-10-08 13:12:20,NO DATA,0,0,0,0,0,3,Disconnected
2026-10-08 13:12:20,NO DATA,0,0,0,0,0,3,Disconnected
2026-10-08 13:12:20,NO DATA,0,0,0,0,0,3,Disconnected
2026-10-08 13:12:20,NO DATA,0,0,0,0,0,3,Disconnected
2026-10-08 13:12:20,NO DATA,0,0,0,0,0,3,Disconnected
2026-10-08 13:12:20,NO DATA,0,0,0,0,0,3,Disconnected
2026-10-08 13:12:20,NO DATA,0,0,0,0,0,3,Disconnected
2026-10-08 13:12:20,NO DATA,0,0,0,0,0,3,Disconnected
2026-10-08 13:12:21,NO DATA,0,0,0,0,0,3,Disconnected
2026-10-08 13:12:21,NO DATA,0,0,0,0,0,3,Disconnected
2026-10-08 13:12:21,NO DATA,0,0,0,0,0,3,Disconnected
2026-10-08 13:12:21,NO DATA,0,0,0,0,0,3,Disconnected
2026-10-08 13:12:21,NO DATA,0,0,0,0,0,3,Disconnected
2026-10-08 13:12:21,NO DATA,0,0,0,0,0,3,Disconnected
2026-10-08 13:12:21,NO DATA,0,0,0,0,0,3,Disconnected
2026-10-08 13:12:21,NO DATA,0,0,0,0,0,3,Disconnected
2026-10-08 13:12:21,NO DATA,0,0,0,0,0,3,Disconnected
2026-10-08 13:12:21,NO DATA,0,0,0,0,0,3,Disconnected
2026-10-08 13:12:22,NO DATA,0,0,0,0,0,3,Disconnected
2026-10-08 13:12:22,NO DATA,0,0,0,0,0,3,Disconnected
2026-10-08 13:12:22,NO DATA,0,0,0,0,0,3,Disconnected
2026-10-08 13:12:22,NO DATA,0,0,0,0,0,3,Disconnected
2026-10-08 13:12:22,NO DATA,0,0,0,0,0,3,Disconnected
2026-10-08 13:12:22,NO DATA,0,0,0,0,0,3,Disconnected
2026-10-08 13:12:22,NO DATA,0,0,0,0,0,3,Disconnected
2026-10-08 13:12:22,NO DATA,0,0,0,0,0,3,Disconnected
2026-10-08 13:12:22,NO DATA,0,0,0,0,0,3,Disconnected
2026-10-08 13:12:22,NO DATA,0,0,0,0,0,3,Disconnected
2026-10-08 13:12:23,NO DATA,0,0,0,0,0,3,Disconnected
2026-10-08 13:12:23,NO DATA,0,0,0,0,0,3,Disconnected
2026-10-08 13:12:23,NO DATA,0,0,0,0,0,3,Disconnected
2026-10-08 13:12:23,NO DATA,0,0,0,0,0,3,Disconnected
2026-10-08 13:12:23,NO DATA,0,0,0,0,0,3,Disconnected
2026-10-08 13:12:23,NO DATA,0,0,0,0,0,3,Disconnected
2026-10-08 13:12:23,NO DATA,0,0,0,0,0,3,Disconnected
2026-10-08 13:12:23,NO DATA,0,0,0,0,0,3,Disconnected
2026-10-08 13:12:23,NO DATA,0,0,0,0,0,3,Disconnected
2026-10-08 13:12:23,NO DATA,0,0,0,0,0,3,Disconnected
2026-10-08 13:12:24,NO DATA,0,0,0,0,0,3,Disconnected
2026-10-08 13:12:24,NO DATA,0,0,0,0,0,3,Disconnected
2026-10-08 13:12:24,NO DATA,0,0,0,0,0,3,Disconnected
2026-10-08 13:12:24,NO DATA,0,0,0,0,0,3,Disconnected
2026-10-08 13:12:24,NO DATA,0,0,0,0,0,3,Disconnected
2026-10-08 13:12:24,NO DATA,0,0,0,0,0,3,Disconnected
2026-10-08 13:12:24,NO DATA,0,0,0,0,0,3,Disconnected
2026-10-08 13:12:24,NO DATA,0,0,0,0,0,3,Disconnected
2026-10-08 13:12:24,NO DATA,0,0,0,0,0,3,Disconnected
2026-10-08 13:12:24,NO DATA,0,0,0,0,0,3,Disconnected
2026-10-08 13:12:25,NO DATA,0,0,0,0,0,3,Disconnected
2026-10-08 13:12:25,NO DATA,0,0,0,0,0,3,Disconnected
2026-10-08 13:12:25,NO DATA,0,0,0,0,0,3,Disconnected
2026-10-08 13:12:25,NO DATA,0,0,0,0,0,3,Disconnected
2026-10-08 13:12:25,NO DATA,0,0,0,0,0,3,Disconnected
2026-10-08 13:12:25,NO DATA,0,0,0,0,0,3,Disconnected
2026-10-08 13:12:25,NO DATA,0,0,0,0,0,3,Disconnected
2026-10-08 13:12:25,NO DATA,0,0,0,0,0,3,Disconnected
2026-10-08 13:12:25,NO DATA,0,0,0,0,0,3,Disconnected
2026-10-08 13:12:25,NO DATA,0,0,0,0,0,3,Disconnected
2026-10-08 13:12:26,NO DATA,0,0,0,0,0,3,Disconnected
2026-10-08 13:12:26,NO DATA,0,0,0,0,0,3,Disconnected
2026-10-08 13:12:26,NO DATA,0,0,0,0,0,3,Disconnected
2026-10-08 13:12:26,NO DATA,0,0,0,0,0,3,Disconnected
2026-10-08 13:12:26,NO DATA,0,0,0,0,0,3,Disconnected
2026-10-08 13:12:26,NO DATA,0,0,0,0,0,3,Disconnected
2026-10-08 13:12:26,NO DATA,0,0,0,0,0,3,Disconnected
2026-10-08 13:12:26,NO DATA,0,0,0,0,0,3,Disconnected
2026-10-08 13:12:26,NO DATA,0,0,0,0,0,3,Disconnected
2026-10-08 13:12:26,NO DATA,0,0,0,0,0,3,Disconnected
2026-10-08 13:12:27,NO DATA,0,0,0,0,0,3,Disconnected
2026-10-08 13:12:27,NO DATA,0,0,0,0,0,3,Disconnected
2026-10-08 13:12:27,NO DATA,0,0,0,0,0,3,Disconnected
2026-10-08 13:12:27,NO DATA,0,0,0,0,0,3,Disconnected
2026-10-08 13:12:27,NO DATA,0,0,0,0,0,3,Disconnected
2026-10-08 13:12:27,NO DATA,0,0,0,0,0,3,Disconnected
2026-10-08 13:12:27,NO DATA,0,0,0,0,0,3,Disconnected
2026-10-08 13:12:27,NO DATA,0,0,0,0,0,3,Disconnected
2026-10-08 13:12:27,NO DATA,0,0,0,0,0,3,Disconnected
2026-10-08 13:12:27,NO DATA,0,0,0,0,0,3,Disconnected
2026-10-08 13:12:28,NO DATA,0,0,0,0,0,3,Disconnected
2026-10-08 13:12:28,NO DATA,0,0,0,0,0,3,Disconnected
2026-10-08 13:12:28,NO DATA,0,0,0,0,0,3,Disconnected
2026-10-08 13:12:28,NO DATA,0,0,0,0,0,3,Disconnected
2026-10-08 13:12:28,NO DATA,0,0,0,0,0,3,Disconnected
2026-10-08 13:12:28,NO DATA,0,0,0,0,0,3,Disconnected
2026-10-08 13:12:28,NO DATA,0,0,0,0,0,3,Disconnected
2026-10-08 13:12:28,NO DATA,0,0,0,0,0,3,Disconnected
2026-10-08 13:12:28,NO DATA,0,0,0,0,0,3,Disconnected
2026-10-08 13:12:28,NO DATA,0,0,0,0,0,3,Disconnected
2026-10-08 13:12:29,NO DATA,0,0,0,0,0,3,Disconnected
2026-10-08 13:12:29,NO DATA,0,0,0,0,0,3,Disconnected
2026-10-08 13:12:29,NO DATA,0,0,0,0,0,3,Disconnected
2026-10-08 13:12:29,NO DATA,0,0,0,0,0,3,Disconnected
2026-10-08 13:12:29,NO DATA,0,0,0,0,0,3,Disconnected
2026-10-08 13:12:29,NO DATA,0,0,0,0,0,3,Disconnected
2026-10-08 13:12:29,NO DATA,0,0,0,0,0,3,Disconnected
2026-10-08 13:12:29,NO DATA,0,0,0,0,0,3,Disconnected
2026-10-08 13:12:29,NO DATA,0,0,0,0,0,3,Disconnected
2026-10-08 13:12:30,NO DATA,0,0,0,0,0,3,Disconnected
2026-10-08 13:12:30,NO DATA,0,0,0,0,0,3,Disconnected
2026-10-08 13:12:30,NO DATA,0,0,0,0,0,3,Disconnected
2026-10-08 13:12:30,NO DATA,0,0,0,0,0,3,Disconnected
2026-10-08 13:12:30,NO DATA,0,0,0,0,0,3,Disconnected
2026-10-08 13:12:30,NO DATA,0,0,0,0,0,3,Disconnected
2026-10-08 13:12:30,NO DATA,0,0,0,0,0,3,Disconnected
2026-10-08 13:12:30,NO DATA,0,0,0,0,0,3,Disconnected
2026-10-08 13:12:30,NO DATA,0,0,0,0,0,3,Disconnected
2026-10-08 13:12:30,NO DATA,0,0,0,0,0,3,Disconnected
2026-10-08 13:12:31,NO DATA,0,0,0,0,0,3,Disconnected
2026-10-08 13:12:31,NO DATA,0,0,0,0,0,3,Disconnected
2026-10-08 13:12:31,NO DATA,0,0,0,0,0,3,Disconnected
2026-10-08 13:12:31,NO DATA,0,0,0,0,0,3,Disconnected
2026-10-08 13:12:31,NO DATA,0,0,0,0,0,3,Disconnected
2026-10-08 13:12:31,NO DATA,0,0,0,0,0,3,Disconnected
2026-10-08 13:12:31,NO DATA,0,0,0,0,0,3,Disconnected
2026-10-08 13:12:31,NO DATA,0,0,0,0,0,3,Disconnected
2026-10-08 13:12:31,NO DATA,0,0,0,0,0,3,Disconnected
2026-10-08 13:12:31,NO DATA,0,0,0,0,0,3,Disconnected
2026-10-08 13:12:32,NO DATA,0,0,0,0,0,3,Disconnected
2026-10-08 13:12:32,NO DATA,0,0,0,0,0,3,Disconnected
2026-10-08 13:12:32,NO DATA,0,0,0,0,0,3,Disconnected
2026-10-08 13:12:32,NO DATA,0,0,0,0,0,3,Disconnected
2026-10-08 13:12:32,NO DATA,0,0,0,0,0,3,Disconnected
2026-10-08 13:12:32,NO DATA,0,0,0,0,0,3,Disconnected
2026-10-08 13:12:32,NO DATA,0,0,0,0,0,3,Disconnected
2026-10-08 13:12:32,NO DATA,0,0,0,0,0,3,Disconnected
2026-10-08 13:12:32,NO DATA,0,0,0,0,0,3,Disconnected
2026-10-08 13:12:32,NO DATA,0,0,0,0,0,3,Disconnected
2026-10-08 13:12:33,NO DATA,0,0,0,0,0,3,Disconnected
2026-10-08 13:12:33,NO DATA,0,0,0,0,0,3,Disconnected
2026-10-08 13:12:33,NO DATA,0,0,0,0,0,3,Disconnected
2026-10-08 13:12:33,NO DATA,0,0,0,0,0,3,Disconnected
2026-10-08 13:12:33,NO DATA,0,0,0,0,0,3,Disconnected
2026-10-08 13:12:33,NO DATA,0,0,0,0,0,3,Disconnected
2026-10-08 13:12:33,NO DATA,0,0,0,0,0,3,Disconnected
2026-10-08 13:12:33,NO DATA,0,0,0,0,0,3,Disconnected
2026-10-08 13:12:33,NO DATA,0,0,0,0,0,3,Disconnected
2026-10-08 13:12:33,NO DATA,0,0,0,0,0,3,Disconnected
2026-10-08 13:12:34,NO DATA,0,0,0,0,0,3,Disconnected
2026-10-08 13:12:34,NO DATA,0,0,0,0,0,3,Disconnected
2026-10-08 13:12:34,NO DATA,0,0,0,0,0,3,Disconnected
2026-10-08 13:12:34,NO DATA,0,0,0,0,0,3,Disconnected
2026-10-08 13:12:34,NO DATA,0,0,0,0,0,3,Disconnected
2026-10-08 13:12:34,NO DATA,0,0,0,0,0,3,Disconnected
2026-10-08 13:12:34,NO DATA,0,0,0,0,0,3,Disconnected
2026-10-08 13:12:34,NO DATA,0,0,0,0,0,3,Disconnected
2026-10-08 13:12:34,NO DATA,0,0,0,0,0,3,Disconnected
2026-10-08 13:12:34,NO DATA,0,0,0,0,0,3,Disconnected
2026-10-08 13:12:35,NO DATA,0,0,0,0,0,3,Disconnected
2026-10-08 13:12:35,NO DATA,0,0,0,0,0,3,Disconnected
2026-10-08 13:12:35,NO DATA,0,0,0,0,0,3,Disconnected
2026-10-08 13:12:35,NO DATA,0,0,0,0,0,3,Disconnected
2026-10-08 13:12:35,NO DATA,0,0,0,0,0,3,Disconnected
2026-10-08 13:12:35,NO DATA,0,0,0,0,0,3,Disconnected
2026-10-08 13:12:35,NO DATA,0,0,0,0,0,3,Disconnected
2026-10-08 13:12:35,NO DATA,0,0,0,0,0,3,Disconnected
2026-10-08 13:12:35,NO DATA,0,0,0,0,0,3,Disconnected
2026-10-08 13:12:35,NO DATA,0,0,0,0,0,3,Disconnected
2026-10-08 13:12:36,NO DATA,0,0,0,0,0,3,Disconnected
2026-10-08 13:12:36,NO DATA,0,0,0,0,0,3,Disconnected
2026-10-08 13:12:36,NO DATA,0,0,0,0,0,3,Disconnected
2026-10-08 13:12:36,NO DATA,0,0,0,0,0,3,Disconnected
2026-10-08 13:12:36,NO DATA,0,0,0,0,0,3,Disconnected
2026-10-08 13:12:36,NO DATA,0,0,0,0,0,3,Disconnected
2026-10-08 13:12:36,NO DATA,0,0,0,0,0,3,Disconnected
2026-10-08 13:12:36,NO DATA,0,0,0,0,0,3,Disconnected
2026-10-08 13:12:36,NO DATA,0,0,0,0,0,3,Disconnected
2026-10-08 13:12:36,NO DATA,0,0,0,0,0,3,Disconnected
2026-10-08 13:12:37,NO DATA,0,0,0,0,0,3,Disconnected
2026-10-08 13:12:37,NO DATA,0,0,0,0,0,3,Disconnected
2026-10-08 13:12:37,NO DATA,0,0,0,0,0,3,Disconnected
2026-10-08 13:12:37,NO DATA,0,0,0,0,0,3,Disconnected
2026-10-08 13:12:37,NO DATA,0,0,0,0,0,3,Disconnected
2026-10-08 13:12:37,NO DATA,0,0,0,0,0,3,Disconnected
2026-10-08 13:12:37,NO DATA,0,0,0,0,0,3,Disconnected
2026-10-08 13:12:37,NO DATA,0,0,0,0,0,3,Disconnected
2026-10-08 13:12:37,NO DATA,0,0,0,0,0,3,Disconnected
2026-10-08 13:12:37,NO DATA,0,0,0,0,0,3,Disconnected
2026-10-08 13:12:38,NO DATA,0,0,0,0,0,3,Disconnected
2026-10-08 13:12:38,NO DATA,0,0,0,0,0,3,Disconnected
2026-10-08 13:12:38,NO DATA,0,0,0,0,0,3,Disconnected
2026-10-08 13:12:38,NO DATA,0,0,0,0,0,3,Disconnected
2026-10-08 13:12:38,NO DATA,0,0,0,0,0,3,Disconnected
2026-10-08 13:12:38,NO DATA,0,0,0,0,0,3,Disconnected
2026-10-08 13:12:38,NO DATA,0,0,0,0,0,3,Disconnected
2026-10-08 13:12:38,NO DATA,0,0,0,0,0,3,Disconnected
2026-10-08 13:12:38,NO DATA,0,0,0,0,0,3,Disconnected
2026-10-08 13:12:38,NO DATA,0,0,0,0,0,3,Disconnected
2026-10-08 13:12:39,NO DATA,0,0,0,0,0,3,Disconnected
2026-10-08 13:12:39,NO DATA,0,0,0,0,0,3,Disconnected
2026-10-08 13:12:39,NO DATA,0,0,0,0,0,3,Disconnected
2026-10-08 13:12:39,NO DATA,0,0,0,0,0,3,Disconnected
2026-10-08 13:12:39,NO DATA,0,0,0,0,0,3,Disconnected
2026-10-08 13:12:39,NO DATA,0,0,0,0,0,3,Disconnected
2026-10-08 13:12:39,NO DATA,0,0,0,0,0,3,Disconnected
2026-10-08 13:12:39,NO DATA,0,0,0,0,0,3,Disconnected
2026-10-08 13:12:39,NO DATA,0,0,0,0,0,3,Disconnected
2026-10-08 13:12:39,NO DATA,0,0,0,0,0,3,Disconnected
2026-10-08 13:12:40,NO DATA,0,0,0,0,0,3,Disconnected
2026-10-08 13:12:40,NO DATA,0,0,0,0,0,3,Disconnected
2026-10-08 13:12:40,NO DATA,0,0,0,0,0,3,Disconnected
2026-10-08 13:12:40,NO DATA,0,0,0,0,0,3,Disconnected
2026-10-08 13:12:40,NO DATA,0,0,0,0,0,3,Disconnected
2026-10-08 13:12:40,NO DATA,0,0,0,0,0,3,Disconnected
2026-10-08 13:12:40,NO DATA,0,0,0,0,0,3,Disconnected
2026-10-08 13:12:40,NO DATA,0,0,0,0,0,3,Disconnected
2026-10-08 13:12:40,NO DATA,0,0,0,0,0,3,Disconnected
2026-10-08 13:12:40,NO DATA,0,0,0,0,0,3,Disconnected
2026-10-08 13:12:41,NO DATA,0,0,0,0,0,3,Disconnected
2026-10-08 13:12:41,NO DATA,0,0,0,0,0,3,Disconnected
2026-10-08 13:12:41,NO DATA,0,0,0,0,0,3,Disconnected
2026-10-08 13:12:41,NO DATA,0,0,0,0,0,3,Disconnected
2026-10-08 13:12:41,NO DATA,0,0,0,0,0,3,Disconnected
2026-10-08 13:12:41,NO DATA,0,0,0,0,0,3,Disconnected
2026-10-08 13:12:41,NO DATA,0,0,0,0,0,3,Disconnected
2026-10-08 13:12:41,NO DATA,0,0,0,0,0,3,Disconnected
2026-10-08 13:12:41,NO DATA,0,0,0,0,0,3,Disconnected
2026-10-08 13:12:41,NO DATA,0,0,0,0,0,3,Disconnected
2026-10-08 13:12:42,NO DATA,0,0,0,0,0,3,Disconnected
2026-10-08 13:12:42,NO DATA,0,0,0,0,0,3,Disconnected
2026-10-08 13:12:42,NO DATA,0,0,0,0,0,3,Disconnected
2026-10-08 13:12:42,NO DATA,0,0,0,0,0,3,Disconnected
2026-10-08 13:12:42,NO DATA,0,0,0,0,0,3,Disconnected
2026-10-08 13:12:42,NO DATA,0,0,0,0,0,3,Disconnected
2026-10-08 13:12:42,NO DATA,0,0,0,0,0,3,Disconnected
2026-10-08 13:12:42,NO DATA,0,0,0,0,0,3,Disconnected
2026-10-08 13:12:42,NO DATA,0,0,0,0,0,3,Disconnected
2026-10-08 13:12:42,NO DATA,0,0,0,0,0,3,Disconnected
2026-10-08 13:12:43,NO DATA,0,0,0,0,0,3,Disconnected
2026-10-08 13:12:43,NO DATA,0,0,0,0,0,3,Disconnected
2026-10-08 13:12:43,NO DATA,0,0,0,0,0,3,Disconnected
2026-10-08 13:12:43,NO DATA,0,0,0,0,0,3,Disconnected
2026-10-08 13:12:43,NO DATA,0,0,0,0,0,3,Disconnected
2026-10-08 13:12:43,NO DATA,0,0,0,0,0,3,Disconnected
2026-10-08 13:12:43,NO DATA,0,0,0,0,0,3,Disconnected
2026-10-08 13:12:43,NO DATA,0,0,0,0,0,3,Disconnected
2026-10-08 13:12:43,NO DATA,0,0,0,0,0,3,Disconnected
2026-10-08 13:12:43,NO DATA,0,0,0,0,0,3,Disconnected
2026-10-08 13:12:44,NO DATA,0,0,0,0,0,3,Disconnected
2026-10-08 13:12:44,NO DATA,0,0,0,0,0,3,Disconnected
2026-10-08 13:12:44,NO DATA,0,0,0,0,0,3,Disconnected
2026-10-08 13:12:44,NO DATA,0,0,0,0,0,3,Disconnected
2026-10-08 13:12:44,NO DATA,0,0,0,0,0,3,Disconnected
2026-10-08 13:12:44,NO DATA,0,0,0,0,0,3,Disconnected
2026-10-08 13:12:44,NO DATA,0,0,0,0,0,3,Disconnected
2026-10-08 13:12:44,NO DATA,0,0,0,0,0,3,Disconnected
2026-10-08 13:12:44,NO DATA,0,0,0,0,0,3,Disconnected
2026-10-08 13:12:44,NO DATA,0,0,0,0,0,3,Disconnected
2026-10-08 13:12:45,NO DATA,0,0,0,0,0,3,Disconnected
2026-10-08 13:12:45,NO DATA,0,0,0,0,0,3,Disconnected
2026-10-08 13:12:45,NO DATA,0,0,0,0,0,3,Disconnected
2026-10-08 13:12:45,NO DATA,0,0,0,0,0,3,Disconnected
2026-10-08 13:12:45,NO DATA,0,0,0,0,0,3,Disconnected
2026-10-08 13:12:45,NO DATA,0,0,0,0,0,3,Disconnected
2026-10-08 13:12:45,NO DATA,0,0,0,0,0,3,Disconnected
2026-10-08 13:12:45,NO DATA,0,0,0,0,0,3,Disconnected
2026-10-08 13:12:45,NO DATA,0,0,0,0,0,3,Disconnected
2026-10-08 13:12:45,NO DATA,0,0,0,0,0,3,Disconnected
2026-10-08 13:12:46,NO DATA,0,0,0,0,0,3,Disconnected
2026-10-08 13:12:46,NO DATA,0,0,0,0,0,3,Disconnected
2026-10-08 13:12:46,NO DATA,0,0,0,0,0,3,Disconnected
2026-10-08 13:12:46,NO DATA,0,0,0,0,0,3,Disconnected
2026-10-08 13:12:46,NO DATA,0,0,0,0,0,3,Disconnected
2026-10-08 13:12:46,NO DATA,0,0,0,0,0,3,Disconnected
2026-10-08 13:12:46,NO DATA,0,0,0,0,0,3,Disconnected
2026-10-08 13:12:46,NO DATA,0,0,0,0,0,3,Disconnected
2026-10-08 13:12:46,NO DATA,0,0,0,0,0,3,Disconnected
2026-10-08 13:12:46,NO DATA,0,0,0,0,0,3,Disconnected
2026-10-08 13:12:47,NO DATA,0,0,0,0,0,3,Disconnected
2026-10-08 13:12:47,NO DATA,0,0,0,0,0,3,Disconnected
2026-10-08 13:12:47,NO DATA,0,0,0,0,0,3,Disconnected
2026-10-08 13:12:47,NO DATA,0,0,0,0,0,3,Disconnected
2026-10-08 13:12:47,NO DATA,0,0,0,0,0,3,Disconnected
2026-10-08 13:12:47,NO DATA,0,0,0,0,0,3,Disconnected
2026-10-08 13:12:47,NO DATA,0,0,0,0,0,3,Disconnected
2026-10-08 13:12:47,NO DATA,0,0,0,0,0,3,Disconnected
2026-10-08 13:12:47,NO DATA,0,0,0,0,0,3,Disconnected
2026-10-08 13:12:47,NO DATA,0,0,0,0,0,3,Disconnected
2026-10-08 13:12:48,NO DATA,0,0,0,0,0,3,Disconnected
2026-10-08 13:12:48,NO DATA,0,0,0,0,0,3,Disconnected
2026-10-08 13:12:48,NO DATA,0,0,0,0,0,3,Disconnected
2026-10-08 13:12:48,NO DATA,0,0,0,0,0,3,Disconnected
2026-10-08 13:12:48,NO DATA,0,0,0,0,0,3,Disconnected
2026-10-08 13:12:48,NO DATA,0,0,0,0,0,3,Disconnected
2026-10-08 13:12:48,NO DATA,0,0,0,0,0,3,Disconnected
2026-10-08 13:12:48,NO DATA,0,0,0,0,0,3,Disconnected
2026-10-08 13:12:48,NO DATA,0,0,0,0,0,3,Disconnected
2026-10-08 13:12:48,NO DATA,0,0,0,0,0,3,Disconnected
2026-10-08 13:12:49,NO DATA,0,0,0,0,0,3,Disconnected
2026-10-08 13:12:49,NO DATA,0,0,0,0,0,3,Disconnected
2026-10-08 13:12:49,NO DATA,0,0,0,0,0,3,Disconnected
2026-10-08 13:12:49,NO DATA,0,0,0,0,0,3,Disconnected
2026-10-08 13:12:49,NO DATA,0,0,0,0,0,3,Disconnected
2026-10-08 13:12:49,NO DATA,0,0,0,0,0,3,Disconnected
2026-10-08 13:12:49,NO DATA,0,0,0,0,0,3,Disconnected
2026-10-08 13:12:49,NO DATA,0,0,0,0,0,3,Disconnected
2026-10-08 13:12:49,NO DATA,0,0,0,0,0,3,Disconnected
2026-10-08 13:12:49,NO DATA,0,0,0,0,0,3,Disconnected
2026-10-08 13:12:50,NO DATA,0,0,0,0,0,3,Disconnected
2026-10-08 13:12:50,NO DATA,0,0,0,0,0,3,Disconnected
2026-10-08 13:12:50,NO DATA,0,0,0,0,0,3,Disconnected
2026-10-08 13:12:50,NO DATA,0,0,0,0,0,3,Disconnected
2026-10-08 13:12:50,NO DATA,0,0,0,0,0,3,Disconnected
2026-10-08 13:12:50,NO DATA,0,0,0,0,0,3,Disconnected
2026-10-08 13:12:50,NO DATA,0,0,0,0,0,3,Disconnected
2026-10-08 13:12:50,NO DATA,0,0,0,0,0,3,Disconnected
2026-10-08 13:12:50,NO DATA,0,0,0,0,0,3,Disconnected
2026-10-08 13:12:50,NO DATA,0,0,0,0,0,3,Disconnected
2026-10-08 13:12:51,NO DATA,0,0,0,0,0,3,Disconnected
2026-10-08 13:12:51,NO DATA,0,0,0,0,0,3,Disconnected
2026-10-08 13:12:51,NO DATA,0,0,0,0,0,3,Disconnected
2026-10-08 13:12:51,NO DATA,0,0,0,0,0,3,Disconnected
2026-10-08 13:12:51,NO DATA,0,0,0,0,0,3,Disconnected
2026-10-08 13:12:51,NO DATA,0,0,0,0,0,3,Disconnected
2026-10-08 13:12:51,NO DATA,0,0,0,0,0,3,Disconnected
2026-10-08 13:12:51,NO DATA,0,0,0,0,0,3,Disconnected
2026-10-08 13:12:51,NO DATA,0,0,0,0,0,3,Disconnected
2026-10-08 13:12:51,NO DATA,0,0,0,0,0,3,Disconnected
2026-10-08 13:12:52,NO DATA,0,0,0,0,0,3,Disconnected
2026-10-08 13:12:52,NO DATA,0,0,0,0,0,3,Disconnected
2026-10-08 13:12:52,NO DATA,0,0,0,0,0,3,Disconnected
2026-10-08 13:12:52,NO DATA,0,0,0,0,0,3,Disconnected
2026-10-08 13:12:52,NO DATA,0,0,0,0,0,3,Disconnected
2026-10-08 13:12:52,NO DATA,0,0,0,0,0,3,Disconnected
2026-10-08 13:12:52,NO DATA,0,0,0,0,0,3,Disconnected
2026-10-08 13:12:52,NO DATA,0,0,0,0,0,3,Disconnected
2026-10-08 13:12:52,NO DATA,0,0,0,0,0,3,Disconnected
2026-10-08 13:12:52,NO DATA,0,0,0,0,0,3,Disconnected
2026-10-08 13:12:53,NO DATA,0,0,0,0,0,3,Disconnected
2026-10-08 13:12:53,NO DATA,0,0,0,0,0,3,Disconnected
2026-10-08 13:12:53,NO DATA,0,0,0,0,0,3,Disconnected
2026-10-08 13:12:53,NO DATA,0,0,0,0,0,3,Disconnected
2026-10-08 13:12:53,NO DATA,0,0,0,0,0,3,Disconnected
2026-10-08 13:12:53,NO DATA,0,0,0,0,0,3,Disconnected
2026-10-08 13:12:53,NO DATA,0,0,0,0,0,3,Disconnected
2026-10-08 13:12:53,NO DATA,0,0,0,0,0,3,Disconnected
2026-10-08 13:12:53,NO DATA,0,0,0,0,0,3,Disconnected
2026-10-08 13:12:53,NO DATA,0,0,0,0,0,3,Disconnected
2026-10-08 13:12:54,NO DATA,0,0,0,0,0,3,Disconnected
2026-10-08 13:12:54,NO DATA,0,0,0,0,0,3,Disconnected
2026-10-08 13:12:54,NO DATA,0,0,0,0,0,3,Disconnected
2026-10-08 13:12:54,NO DATA,0,0,0,0,0,3,Disconnected
2026-10-08 13:12:54,NO DATA,0,0,0,0,0,3,Disconnected
2026-10-08 13:12:54,NO DATA,0,0,0,0,0,3,Disconnected
2026-10-08 13:12:54,NO DATA,0,0,0,0,0,3,Disconnected
2026-10-08 13:12:54,NO DATA,0,0,0,0,0,3,Disconnected
2026-10-08 13:12:54,NO DATA,0,0,0,0,0,3,Disconnected
2026-10-08 13:12:54,NO DATA,0,0,0,0,0,3,Disconnected
2026-10-08 13:12:55,NO DATA,0,0,0,0,0,3,Disconnected
2026-10-08 13:12:55,NO DATA,0,0,0,0,0,3,Disconnected
2026-10-08 13:12:55,NO DATA,0,0,0,0,0,3,Disconnected
2026-10-08 13:12:55,NO DATA,0,0,0,0,0,3,Disconnected
2026-10-08 13:12:55,NO DATA,0,0,0,0,0,3,Disconnected
2026-10-08 13:12:55,NO DATA,0,0,0,0,0,3,Disconnected
2026-10-08 13:12:55,NO DATA,0,0,0,0,0,3,Disconnected
2026-10-08 13:12:55,NO DATA,0,0,0,0,0,3,Disconnected
2026-10-08 13:12:55,NO DATA,0,0,0,0,0,3,Disconnected
2026-10-08 13:12:55,NO DATA,0,0,0,0,0,3,Disconnected
2026-10-08 13:12:56,NO DATA,0,0,0,0,0,3,Disconnected
2026-10-08 13:12:56,NO DATA,0,0,0,0,0,3,Disconnected
2026-10-08 13:12:56,NO DATA,0,0,0,0,0,3,Disconnected
2026-10-08 13:12:56,NO DATA,0,0,0,0,0,3,Disconnected
2026-10-08 13:12:56,NO DATA,0,0,0,0,0,3,Disconnected
2026-10-08 13:12:56,NO DATA,0,0,0,0,0,3,Disconnected
2026-10-08 13:12:56,NO DATA,0,0,0,0,0,3,Disconnected
2026-10-08 13:12:56,NO DATA,0,0,0,0,0,3,Disconnected
2026-10-08 13:12:56,NO DATA,0,0,0,0,0,3,Disconnected
2026-10-08 13:12:56,NO DATA,0,0,0,0,0,3,Disconnected
2026-10-08 13:12:57,NO DATA,0,0,0,0,0,3,Disconnected
2026-10-08 13:12:57,NO DATA,0,0,0,0,0,3,Disconnected
2026-10-08 13:12:57,NO DATA,0,0,0,0,0,3,Disconnected
2026-10-08 13:12:57,NO DATA,0,0,0,0,0,3,Disconnected
2026-10-08 13:12:57,NO DATA,0,0,0,0,0,3,Disconnected
2026-10-08 13:12:57,NO DATA,0,0,0,0,0,3,Disconnected
2026-10-08 13:12:57,NO DATA,0,0,0,0,0,3,Disconnected
2026-10-08 13:12:57,NO DATA,0,0,0,0,0,3,Disconnected
2026-10-08 13:12:57,NO DATA,0,0,0,0,0,3,Disconnected
2026-10-08 13:12:57,NO DATA,0,0,0,0,0,3,Disconnected
2026-10-08 13:12:58,NO DATA,0,0,0,0,0,3,Disconnected
2026-10-08 13:12:58,NO DATA,0,0,0,0,0,3,Disconnected
2026-10-08 13:12:58,NO DATA,0,0,0,0,0,3,Disconnected
2026-10-08 13:12:58,NO DATA,0,0,0,0,0,3,Disconnected
2026-10-08 13:12:58,NO DATA,0,0,0,0,0,3,Disconnected
2026-10-08 13:12:58,NO DATA,0,0,0,0,0,3,Disconnected
2026-10-08 13:12:58,NO DATA,0,0,0,0,0,3,Disconnected
2026-10-08 13:12:58,NO DATA,0,0,0,0,0,3,Disconnected
2026-10-08 13:12:58,NO DATA,0,0,0,0,0,3,Disconnected
2026-10-08 13:12:58,NO DATA,0,0,0,0,0,3,Disconnected
2026-10-08 13:12:59,NO DATA,0,0,0,0,0,3,Disconnected
2026-10-08 13:12:59,NO DATA,0,0,0,0,0,3,Disconnected
2026-10-08 13:12:59,NO DATA,0,0,0,0,0,3,Disconnected
2026-10-08 13:12:59,NO DATA,0,0,0,0,0,3,Disconnected
2026-10-08 13:12:59,NO DATA,0,0,0,0,0,3,Disconnected
2026-10-08 13:12:59,NO DATA,0,0,0,0,0,3,Disconnected
2026-10-08 13:12:59,NO DATA,0,0,0,0,0,3,Disconnected
2026-10-08 13:12:59,NO DATA,0,0,0,0,0,3,Disconnected
2026-10-08 13:12:59,NO DATA,0,0,0,0,0,3,Disconnected
2026-10-08 13:12:59,NO DATA,0,0,0,0,0,3,Disconnected
2026-10-08 13:13:00,NO DATA,0,0,0,0,0,3,Disconnected
2026-10-08 13:13:00,NO DATA,0,0,0,0,0,3,Disconnected
2026-10-08 13:13:00,NO DATA,0,0,0,0,0,3,Disconnected
2026-10-08 13:13:00,NO DATA,0,0,0,0,0,3,Disconnected
2026-10-08 13:13:00,NO DATA,0,0,0,0,0,3,Disconnected
2026-10-08 13:13:00,NO DATA,0,0,0,0,0,3,Disconnected
2026-10-08 13:13:00,NO DATA,0,0,0,0,0,3,Disconnected
2026-10-08 13:13:00,NO DATA,0,0,0,0,0,3,Disconnected
2026-10-08 13:13:00,NO DATA,0,0,0,0,0,3,Disconnected
2026-10-08 13:13:00,NO DATA,0,0,0,0,0,3,Disconnected
2026-10-08 13:13:01,NO DATA,0,0,0,0,0,3,Disconnected
2026-10-08 13:13:01,NO DATA,0,0,0,0,0,3,Disconnected
2026-10-08 13:13:01,NO DATA,0,0,0,0,0,3,Disconnected
2026-10-08 13:13:01,NO DATA,0,0,0,0,0,3,Disconnected
2026-10-08 13:13:01,NO DATA,0,0,0,0,0,3,Disconnected
2026-10-08 13:13:01,NO DATA,0,0,0,0,0,3,Disconnected
2026-10-08 13:13:01,NO DATA,0,0,0,0,0,3,Disconnected
2026-10-08 13:13:01,NO DATA,0,0,0,0,0,3,Disconnected
2026-10-08 13:13:01,NO DATA,0,0,0,0,0,3,Disconnected
2026-10-08 13:13:01,NO DATA,0,0,0,0,0,3,Disconnected
2026-10-08 13:13:02,NO DATA,0,0,0,0,0,3,Disconnected
2026-10-08 13:13:02,NO DATA,0,0,0,0,0,3,Disconnected
2026-10-08 13:13:02,NO DATA,0,0,0,0,0,3,Disconnected
2026-10-08 13:13:02,NO DATA,0,0,0,0,0,3,Disconnected
2026-10-08 13:13:02,NO DATA,0,0,0,0,0,3,Disconnected
2026-10-08 13:13:02,NO DATA,0,0,0,0,0,3,Disconnected
2026-10-08 13:13:02,NO DATA,0,0,0,0,0,3,Disconnected
2026-10-08 13:13:02,NO DATA,0,0,0,0,0,3,Disconnected
2026-10-08 13:13:02,NO DATA,0,0,0,0,0,3,Disconnected
2026-10-08 13:13:02,NO DATA,0,0,0,0,0,3,Disconnected
2026-10-08 13:13:03,NO DATA,0,0,0,0,0,3,Disconnected
2026-10-08 13:13:03,NO DATA,0,0,0,0,0,3,Disconnected
2026-10-08 13:13:03,NO DATA,0,0,0,0,0,3,Disconnected
2026-10-08 13:13:03,NO DATA,0,0,0,0,0,3,Disconnected
2026-10-08 13:13:03,NO DATA,0,0,0,0,0,3,Disconnected
2026-10-08 13:13:03,NO DATA,0,0,0,0,0,3,Disconnected
2026-10-08 13:13:03,NO DATA,0,0,0,0,0,3,Disconnected
2026-10-08 13:13:03,NO DATA,0,0,0,0,0,3,Disconnected
2026-10-08 13:13:03,NO DATA,0,0,0,0,0,3,Disconnected
2026-10-08 13:13:03,NO DATA,0,0,0,0,0,3,Disconnected
2026-10-08 13:13:04,NO DATA,0,0,0,0,0,3,Disconnected
2026-10-08 13:13:04,NO DATA,0,0,0,0,0,3,Disconnected
2026-10-08 13:13:04,NO DATA,0,0,0,0,0,3,Disconnected
2026-10-08 13:13:04,NO DATA,0,0,0,0,0,3,Disconnected
2026-10-08 13:13:04,NO DATA,0,0,0,0,0,3,Disconnected
2026-10-08 13:13:04,NO DATA,0,0,0,0,0,3,Disconnected
2026-10-08 13:13:04,NO DATA,0,0,0,0,0,3,Disconnected
2026-10-08 13:13:04,NO DATA,0,0,0,0,0,3,Disconnected
2026-10-08 13:13:04,NO DATA,0,0,0,0,0,3,Disconnected
2026-10-08 13:13:04,NO DATA,0,0,0,0,0,3,Disconnected
2026-10-08 13:13:05,NO DATA,0,0,0,0,0,3,Disconnected
2026-10-08 13:13:05,NO DATA,0,0,0,0,0,3,Disconnected
2026-10-08 13:13:05,NO DATA,0,0,0,0,0,3,Disconnected
2026-10-08 13:13:05,NO DATA,0,0,0,0,0,3,Disconnected
2026-10-08 13:13:05,NO DATA,0,0,0,0,0,3,Disconnected
2026-10-08 13:13:05,NO DATA,0,0,0,0,0,3,Disconnected
2026-10-08 13:13:05,NO DATA,0,0,0,0,0,3,Disconnected
2026-10-08 13:13:05,NO DATA,0,0,0,0,0,3,Disconnected
2026-10-08 13:13:05,NO DATA,0,0,0,0,0,3,Disconnected
2026-10-08 13:13:05,NO DATA,0,0,0,0,0,3,Disconnected
2026-10-08 13:13:06,NO DATA,0,0,0,0,0,3,Disconnected
2026-10-08 13:13:06,NO DATA,0,0,0,0,0,3,Disconnected
2026-10-08 13:13:06,NO DATA,0,0,0,0,0,3,Disconnected
2026-10-08 13:13:06,NO DATA,0,0,0,0,0,3,Disconnected
2026-10-08 13:13:06,NO DATA,0,0,0,0,0,3,Disconnected
2026-10-08 13:13:06,NO DATA,0,0,0,0,0,3,Disconnected
2026-10-08 13:13:06,NO DATA,0,0,0,0,0,3,Disconnected
2026-10-08 13:13:06,NO DATA,0,0,0,0,0,3,Disconnected
2026-10-08 13:13:06,NO DATA,0,0,0,0,0,3,Disconnected
2026-10-08 13:13:06,NO DATA,0,0,0,0,0,3,Disconnected
2026-10-08 13:13:07,NO DATA,0,0,0,0,0,3,Disconnected
2026-10-08 13:13:07,NO DATA,0,0,0,0,0,3,Disconnected
2026-10-08 13:13:07,NO DATA,0,0,0,0,0,3,Disconnected
2026-10-08 13:13:07,NO DATA,0,0,0,0,0,3,Disconnected
2026-10-08 13:13:07,NO DATA,0,0,0,0,0,3,Disconnected
2026-10-08 13:13:07,NO DATA,0,0,0,0,0,3,Disconnected
2026-10-08 13:13:07,NO DATA,0,0,0,0,0,3,Disconnected
2026-10-08 13:13:07,NO DATA,0,0,0,0,0,3,Disconnected
2026-10-08 13:13:07,NO DATA,0,0,0,0,0,3,Disconnected
2026-10-08 13:13:07,NO DATA,0,0,0,0,0,3,Disconnected
2026-10-08 13:13:08,NO DATA,0,0,0,0,0,3,Disconnected
2026-10-08 13:13:08,NO DATA,0,0,0,0,0,3,Disconnected
2026-10-08 13:13:08,NO DATA,0,0,0,0,0,3,Disconnected
2026-10-08 13:13:08,NO DATA,0,0,0,0,0,3,Disconnected
2026-10-08 13:13:08,NO DATA,0,0,0,0,0,3,Disconnected
2026-10-08 13:13:08,NO DATA,0,0,0,0,0,3,Disconnected
2026-10-08 13:13:08,NO DATA,0,0,0,0,0,3,Disconnected
2026-10-08 13:13:08,NO DATA,0,0,0,0,0,3,Disconnected
2026-10-08 13:13:08,NO DATA,0,0,0,0,0,3,Disconnected
2026-10-08 13:13:08,NO DATA,0,0,0,0,0,3,Disconnected
2026-10-08 13:13:09,NO DATA,0,0,0,0,0,3,Disconnected
2026-10-08 13:13:09,NO DATA,0,0,0,0,0,3,Disconnected
2026-10-08 13:13:09,NO DATA,0,0,0,0,0,3,Disconnected
2026-10-08 13:13:09,NO DATA,0,0,0,0,0,3,Disconnected
2026-10-08 13:13:09,NO DATA,0,0,0,0,0,3,Disconnected
2026-10-08 13:13:09,NO DATA,0,0,0,0,0,3,Disconnected
2026-10-08 13:13:09,NO DATA,0,0,0,0,0,3,Disconnected
2026-10-08 13:13:09,NO DATA,0,0,0,0,0,3,Disconnected
2026-10-08 13:13:09,NO DATA,0,0,0,0,0,3,Disconnected
2026-10-08 13:13:09,NO DATA,0,0,0,0,0,3,Disconnected
2026-10-08 13:13:10,NO DATA,0,0,0,0,0,3,Disconnected
2026-10-08 13:13:10,NO DATA,0,0,0,0,0,3,Disconnected
2026-10-08 13:13:10,NO DATA,0,0,0,0,0,3,Disconnected
2026-10-08 13:13:10,NO DATA,0,0,0,0,0,3,Disconnected
2026-10-08 13:13:10,NO DATA,0,0,0,0,0,3,Disconnected
2026-10-08 13:13:10,NO DATA,0,0,0,0,0,3,Disconnected
2026-10-08 13:13:10,NO DATA,0,0,0,0,0,3,Disconnected
2026-10-08 13:13:10,NO DATA,0,0,0,0,0,3,Disconnected
2026-10-08 13:13:10,NO DATA,0,0,0,0,0,3,Disconnected
2026-10-08 13:13:10,NO DATA,0,0,0,0,0,3,Disconnected
2026-10-08 13:13:11,NO DATA,0,0,0,0,0,3,Disconnected
2026-10-08 13:13:11,NO DATA,0,0,0,0,0,3,Disconnected
2026-10-08 13:13:11,NO DATA,0,0,0,0,0,3,Disconnected
2026-10-08 13:13:11,NO DATA,0,0,0,0,0,3,Disconnected
2026-10-08 13:13:11,NO DATA,0,0,0,0,0,3,Disconnected
2026-10-08 13:13:11,NO DATA,0,0,0,0,0,3,Disconnected
2026-10-08 13:13:11,NO DATA,0,0,0,0,0,3,Disconnected
2026-10-08 13:13:11,NO DATA,0,0,0,0,0,3,Disconnected
2026-10-08 13:13:11,NO DATA,0,0,0,0,0,3,Disconnected
2026-10-08 13:13:11,NO DATA,0,0,0,0,0,3,Disconnected
2026-10-08 13:13:12,NO DATA,0,0,0,0,0,3,Disconnected
2026-10-08 13:13:12,NO DATA,0,0,0,0,0,3,Disconnected
2026-10-08 13:13:12,NO DATA,0,0,0,0,0,3,Disconnected
2026-10-08 13:13:12,NO DATA,0,0,0,0,0,3,Disconnected
2026-10-08 13:13:12,NO DATA,0,0,0,0,0,3,Disconnected
2026-10-08 13:13:12,NO DATA,0,0,0,0,0,3,Disconnected
2026-10-08 13:13:12,NO DATA,0,0,0,0,0,3,Disconnected
2026-10-08 13:13:12,NO DATA,0,0,0,0,0,3,Disconnected
2026-10-08 13:13:12,NO DATA,0,0,0,0,0,3,Disconnected
2026-10-08 13:13:12,NO DATA,0,0,0,0,0,3,Disconnected
2026-10-08 13:13:13,NO DATA,0,0,0,0,0,3,Disconnected
2026-10-08 13:13:13,NO DATA,0,0,0,0,0,3,Disconnected
2026-10-08 13:13:13,NO DATA,0,0,0,0,0,3,Disconnected
2026-10-08 13:13:13,NO DATA,0,0,0,0,0,3,Disconnected
2026-10-08 13:13:13,NO DATA,0,0,0,0,0,3,Disconnected
2026-10-08 13:13:13,NO DATA,0,0,0,0,0,3,Disconnected
2026-10-08 13:13:13,NO DATA,0,0,0,0,0,3,Disconnected
2026-10-08 13:13:13,NO DATA,0,0,0,0,0,3,Disconnected
2026-10-08 13:13:13,NO DATA,0,0,0,0,0,3,Disconnected
2026-10-08 13:13:13,NO DATA,0,0,0,0,0,3,Disconnected
2026-10-08 13:13:14,NO DATA,0,0,0,0,0,3,Disconnected
2026-10-08 13:13:14,NO DATA,0,0,0,0,0,3,Disconnected
2026-10-08 13:13:14,NO DATA,0,0,0,0,0,3,Disconnected
2026-10-08 13:13:14,NO DATA,0,0,0,0,0,3,Disconnected
2026-10-08 13:13:14,NO DATA,0,0,0,0,0,3,Disconnected
2026-10-08 13:13:14,NO DATA,0,0,0,0,0,3,Disconnected
2026-10-08 13:13:14,NO DATA,0,0,0,0,0,3,Disconnected
2026-10-08 13:13:14,NO DATA,0,0,0,0,0,3,Disconnected
2026-10-08 13:13:14,NO DATA,0,0,0,0,0,3,Disconnected
2026-10-08 13:13:14,NO DATA,0,0,0,0,0,3,Disconnected
2026-10-08 13:13:15,NO DATA,0,0,0,0,0,3,Disconnected
2026-10-08 13:13:15,NO DATA,0,0,0,0,0,3,Disconnected
2026-10-08 13:13:15,NO DATA,0,0,0,0,0,3,Disconnected
2026-10-08 13:13:15,NO DATA,0,0,0,0,0,3,Disconnected
2026-10-08 13:13:15,NO DATA,0,0,0,0,0,3,Disconnected
2026-10-08 13:13:15,NO DATA,0,0,0,0,0,3,Disconnected
2026-10-08 13:13:15,NO DATA,0,0,0,0,0,3,Disconnected
2026-10-08 13:13:15,NO DATA,0,0,0,0,0,3,Disconnected
2026-10-08 13:13:15,NO DATA,0,0,0,0,0,3,Disconnected
2026-10-08 13:13:15,NO DATA,0,0,0,0,0,3,Disconnected
2026-10-08 13:13:16,NO DATA,0,0,0,0,0,3,Disconnected
2026-10-08 13:13:16,NO DATA,0,0,0,0,0,3,Disconnected
2026-10-08 13:13:16,NO DATA,0,0,0,0,0,3,Disconnected
2026-10-08 13:13:16,NO DATA,0,0,0,0,0,3,Disconnected
2026-10-08 13:13:16,NO DATA,0,0,0,0,0,3,Disconnected
2026-10-08 13:13:16,NO DATA,0,0,0,0,0,3,Disconnected
2026-10-08 13:13:16,NO DATA,0,0,0,0,0,3,Disconnected
2026-10-08 13:13:16,NO DATA,0,0,0,0,0,3,Disconnected
2026-10-08 13:13:16,NO DATA,0,0,0,0,0,3,Disconnected
2026-10-08 13:13:17,NO DATA,0,0,0,0,0,3,Disconnected
2026-10-08 13:13:17,NO DATA,0,0,0,0,0,3,Disconnected
2026-10-08 13:13:17,NO DATA,0,0,0,0,0,3,Disconnected
2026-10-08 13:13:17,NO DATA,0,0,0,0,0,3,Disconnected
2026-10-08 13:13:17,NO DATA,0,0,0,0,0,3,Disconnected
2026-10-08 13:13:17,NO DATA,0,0,0,0,0,3,Disconnected
2026-10-08 13:13:17,NO DATA,0,0,0,0,0,3,Disconnected
2026-10-08 13:13:17,NO DATA,0,0,0,0,0,3,Disconnected
2026-10-08 13:13:17,NO DATA,0,0,0,0,0,3,Disconnected
2026-10-08 13:13:17,NO DATA,0,0,0,0,0,3,Disconnected
2026-10-08 13:13:18,NO DATA,0,0,0,0,0,3,Disconnected
2026-10-08 13:13:18,NO DATA,0,0,0,0,0,3,Disconnected
2026-10-08 13:13:18,NO DATA,0,0,0,0,0,3,Disconnected
2026-10-08 13:13:18,NO DATA,0,0,0,0,0,3,Disconnected
2026-10-08 13:13:18,NO DATA,0,0,0,0,0,3,Disconnected
2026-10-08 13:13:18,NO DATA,0,0,0,0,0,3,Disconnected
2026-10-08 13:13:18,NO DATA,0,0,0,0,0,3,Disconnected
2026-10-08 13:13:18,NO DATA,0,0,0,0,0,3,Disconnected
2026-10-08 13:13:18,NO DATA,0,0,0,0,0,3,Disconnected
2026-10-08 13:13:18,NO DATA,0,0,0,0,0,3,Disconnected
2026-10-08 13:13:19,NO DATA,0,0,0,0,0,3,Disconnected
2026-10-08 13:13:19,NO DATA,0,0,0,0,0,3,Disconnected
2026-10-08 13:13:19,NO DATA,0,0,0,0,0,3,Disconnected
2026-10-08 13:13:19,NO DATA,0,0,0,0,0,3,Disconnected
2026-10-08 13:13:19,NO DATA,0,0,0,0,0,3,Disconnected
2026-10-08 13:13:19,NO DATA,0,0,0,0,0,3,Disconnected
2026-10-08 13:13:19,NO DATA,0,0,0,0,0,3,Disconnected
2026-10-08 13:13:19,NO DATA,0,0,0,0,0,3,Disconnected
2026-10-08 13:13:19,NO DATA,0,0,0,0,0,3,Disconnected
2026-10-08 13:13:19,NO DATA,0,0,0,0,0,3,Disconnected
2026-10-08 13:13:20,NO DATA,0,0,0,0,0,3,Disconnected
2026-10-08 13:13:20,NO DATA,0,0,0,0,0,3,Disconnected
2026-10-08 13:13:20,NO DATA,0,0,0,0,0,3,Disconnected
2026-10-08 13:13:20,NO DATA,0,0,0,0,0,3,Disconnected
2026-10-08 13:13:20,NO DATA,0,0,0,0,0,3,Disconnected
2026-10-08 13:13:20,NO DATA,0,0,0,0,0,3,Disconnected
2026-10-08 13:13:20,NO DATA,0,0,0,0,0,3,Disconnected
2026-10-08 13:13:20,NO DATA,0,0,0,0,0,3,Disconnected
2026-10-08 13:13:20,NO DATA,0,0,0,0,0,3,Disconnected
2026-10-08 13:13:20,NO DATA,0,0,0,0,0,3,Disconnected
2026-10-08 13:13:21,NO DATA,0,0,0,0,0,3,Disconnected
2026-10-08 13:13:21,NO DATA,0,0,0,0,0,3,Disconnected
2026-10-08 13:13:21,NO DATA,0,0,0,0,0,3,Disconnected
2026-10-08 13:13:21,NO DATA,0,0,0,0,0,3,Disconnected
2026-10-08 13:13:21,NO DATA,0,0,0,0,0,3,Disconnected
2026-10-08 13:13:21,NO DATA,0,0,0,0,0,3,Disconnected
2026-10-08 13:13:21,NO DATA,0,0,0,0,0,3,Disconnected
2026-10-08 13:13:21,NO DATA,0,0,0,0,0,3,Disconnected
2026-10-08 13:13:21,NO DATA,0,0,0,0,0,3,Disconnected
2026-10-08 13:13:21,NO DATA,0,0,0,0,0,3,Disconnected
2026-10-08 13:13:22,NO DATA,0,0,0,0,0,3,Disconnected
2026-10-08 13:13:22,NO DATA,0,0,0,0,0,3,Disconnected
2026-10-08 13:13:22,NO DATA,0,0,0,0,0,3,Disconnected
2026-10-08 13:13:22,NO DATA,0,0,0,0,0,3,Disconnected
2026-10-08 13:13:22,NO DATA,0,0,0,0,0,3,Disconnected
2026-10-08 13:13:22,NO DATA,0,0,0,0,0,3,Disconnected
2026-10-08 13:13:22,NO DATA,0,0,0,0,0,3,Disconnected
2026-10-08 13:13:22,NO DATA,0,0,0,0,0,3,Disconnected
2026-10-08 13:13:22,NO DATA,0,0,0,0,0,3,Disconnected
2026-10-08 13:13:22,NO DATA,0,0,0,0,0,3,Disconnected
2026-10-08 13:13:23,NO DATA,0,0,0,0,0,3,Disconnected
2026-10-08 13:13:23,NO DATA,0,0,0,0,0,3,Disconnected
2026-10-08 13:13:23,NO DATA,0,0,0,0,0,3,Disconnected
2026-10-08 13:13:23,NO DATA,0,0,0,0,0,3,Disconnected
2026-10-08 13:13:23,NO DATA,0,0,0,0,0,3,Disconnected
2026-10-08 13:13:23,NO DATA,0,0,0,0,0,3,Disconnected
2026-10-08 13:13:23,NO DATA,0,0,0,0,0,3,Disconnected
2026-10-08 13:13:23,NO DATA,0,0,0,0,0,3,Disconnected
2026-10-08 13:13:23,NO DATA,0,0,0,0,0,3,Disconnected
2026-10-08 13:13:23,NO DATA,0,0,0,0,0,3,Disconnected
2026-10-08 13:13:24,NO DATA,0,0,0,0,0,3,Disconnected
2026-10-08 13:13:24,NO DATA,0,0,0,0,0,3,Disconnected
2026-10-08 13:13:24,NO DATA,0,0,0,0,0,3,Disconnected
2026-10-08 13:13:24,NO DATA,0,0,0,0,0,3,Disconnected
2026-10-08 13:13:24,NO DATA,0,0,0,0,0,3,Disconnected
2026-10-08 13:13:24,NO DATA,0,0,0,0,0,3,Disconnected
2026-10-08 13:13:24,NO DATA,0,0,0,0,0,3,Disconnected
2026-10-08 13:13:24,NO DATA,0,0,0,0,0,3,Disconnected
2026-10-08 13:13:24,NO DATA,0,0,0,0,0,3,Disconnected
2026-10-08 13:13:24,NO DATA,0,0,0,0,0,3,Disconnected
2026-10-08 13:13:25,NO DATA,0,0,0,0,0,3,Disconnected
2026-10-08 13:13:25,NO DATA,0,0,0,0,0,3,Disconnected
2026-10-08 13:13:25,NO DATA,0,0,0,0,0,3,Disconnected
2026-10-08 13:13:25,NO DATA,0,0,0,0,0,3,Disconnected
2026-10-08 13:13:25,NO DATA,0,0,0,0,0,3,Disconnected
2026-10-08 13:13:25,NO DATA,0,0,0,0,0,3,Disconnected
2026-10-08 13:13:25,NO DATA,0,0,0,0,0,3,Disconnected
2026-10-08 13:13:25,NO DATA,0,0,0,0,0,3,Disconnected
2026-10-08 13:13:25,NO DATA,0,0,0,0,0,3,Disconnected
2026-10-08 13:13:25,NO DATA,0,0,0,0,0,3,Disconnected
2026-10-08 13:13:26,NO DATA,0,0,0,0,0,3,Disconnected
2026-10-08 13:13:26,NO DATA,0,0,0,0,0,3,Disconnected
2026-10-08 13:13:26,NO DATA,0,0,0,0,0,3,Disconnected
2026-10-08 13:13:26,NO DATA,0,0,0,0,0,3,Disconnected
2026-10-08 13:13:26,NO DATA,0,0,0,0,0,3,Disconnected
2026-10-08 13:13:26,NO DATA,0,0,0,0,0,3,Disconnected
2026-10-08 13:13:26,NO DATA,0,0,0,0,0,3,Disconnected
2026-10-08 13:13:26,NO DATA,0,0,0,0,0,3,Disconnected
2026-10-08 13:13:26,NO DATA,0,0,0,0,0,3,Disconnected
2026-10-08 13:13:26,NO DATA,0,0,0,0,0,3,Disconnected
2026-10-08 13:13:27,NO DATA,0,0,0,0,0,3,Disconnected
2026-10-08 13:13:27,NO DATA,0,0,0,0,0,3,Disconnected
2026-10-08 13:13:27,NO DATA,0,0,0,0,0,3,Disconnected
2026-10-08 13:13:27,NO DATA,0,0,0,0,0,3,Disconnected
2026-10-08 13:13:27,NO DATA,0,0,0,0,0,3,Disconnected
2026-10-08 13:13:27,NO DATA,0,0,0,0,0,3,Disconnected
2026-10-08 13:13:27,NO DATA,0,0,0,0,0,3,Disconnected
2026-10-08 13:13:27,NO DATA,0,0,0,0,0,3,Disconnected
2026-10-08 13:13:27,NO DATA,0,0,0,0,0,3,Disconnected
2026-10-08 13:13:27,NO DATA,0,0,0,0,0,3,Disconnected
2026-10-08 13:13:28,NO DATA,0,0,0,0,0,3,Disconnected
2026-10-08 13:13:28,NO DATA,0,0,0,0,0,3,Disconnected
2026-10-08 13:13:28,NO DATA,0,0,0,0,0,3,Disconnected
2026-10-08 13:13:28,NO DATA,0,0,0,0,0,3,Disconnected
2026-10-08 13:13:28,NO DATA,0,0,0,0,0,3,Disconnected
2026-10-08 13:13:28,NO DATA,0,0,0,0,0,3,Disconnected
2026-10-08 13:13:28,NO DATA,0,0,0,0,0,3,Disconnected
2026-10-08 13:13:28,NO DATA,0,0,0,0,0,3,Disconnected
2026-10-08 13:13:28,NO DATA,0,0,0,0,0,3,Disconnected
2026-10-08 13:13:28,NO DATA,0,0,0,0,0,3,Disconnected
2026-10-08 13:13:29,NO DATA,0,0,0,0,0,3,Disconnected
2026-10-08 13:13:29,NO DATA,0,0,0,0,0,3,Disconnected
2026-10-08 13:13:29,NO DATA,0,0,0,0,0,3,Disconnected
2026-10-08 13:13:29,NO DATA,0,0,0,0,0,3,Disconnected
2026-10-08 13:13:29,NO DATA,0,0,0,0,0,3,Disconnected
2026-10-08 13:13:29,NO DATA,0,0,0,0,0,3,Disconnected
2026-10-08 13:13:29,NO DATA,0,0,0,0,0,3,Disconnected
2026-10-08 13:13:29,NO DATA,0,0,0,0,0,3,Disconnected
2026-10-08 13:13:29,NO DATA,0,0,0,0,0,3,Disconnected
2026-10-08 13:13:29,NO DATA,0,0,0,0,0,3,Disconnected
2026-10-08 13:13:30,NO DATA,0,0,0,0,0,3,Disconnected
2026-10-08 13:13:30,NO DATA,0,0,0,0,0,3,Disconnected
2026-10-08 13:13:30,NO DATA,0,0,0,0,0,3,Disconnected
2026-10-08 13:13:30,NO DATA,0,0,0,0,0,3,Disconnected
2026-10-08 13:13:30,NO DATA,0,0,0,0,0,3,Disconnected
2026-10-08 13:13:30,NO DATA,0,0,0,0,0,3,Disconnected
2026-10-08 13:13:30,NO DATA,0,0,0,0,0,3,Disconnected
2026-10-08 13:13:30,NO DATA,0,0,0,0,0,3,Disconnected
2026-10-08 13:13:30,NO DATA,0,0,0,0,0,3,Disconnected
2026-10-08 13:13:30,NO DATA,0,0,0,0,0,3,Disconnected
2026-10-08 13:13:31,NO DATA,0,0,0,0,0,3,Disconnected
2026-10-08 13:13:31,NO DATA,0,0,0,0,0,3,Disconnected
2026-10-08 13:13:31,NO DATA,0,0,0,0,0,3,Disconnected
2026-10-08 13:13:31,NO DATA,0,0,0,0,0,3,Disconnected
2026-10-08 13:13:31,NO DATA,0,0,0,0,0,3,Disconnected
2026-10-08 13:13:31,NO DATA,0,0,0,0,0,3,Disconnected
2026-10-08 13:13:31,NO DATA,0,0,0,0,0,3,Disconnected
2026-10-08 13:13:31,NO DATA,0,0,0,0,0,3,Disconnected
2026-10-08 13:13:31,NO DATA,0,0,0,0,0,3,Disconnected
2026-10-08 13:13:31,NO DATA,0,0,0,0,0,3,Disconnected
2026-10-08 13:13:32,NO DATA,0,0,0,0,0,3,Disconnected
2026-10-08 13:13:32,NO DATA,0,0,0,0,0,3,Disconnected
2026-10-08 13:13:32,NO DATA,0,0,0,0,0,3,Disconnected
2026-10-08 13:13:32,NO DATA,0,0,0,0,0,3,Disconnected
2026-10-08 13:13:32,NO DATA,0,0,0,0,0,3,Disconnected
2026-10-08 13:13:32,NO DATA,0,0,0,0,0,3,Disconnected
2026-10-08 13:13:32,NO DATA,0,0,0,0,0,3,Disconnected
2026-10-08 13:13:32,NO DATA,0,0,0,0,0,3,Disconnected
2026-10-08 13:13:32,NO DATA,0,0,0,0,0,3,Disconnected
2026-10-08 13:13:32,NO DATA,0,0,0,0,0,3,Disconnected
2026-10-08 13:13:33,NO DATA,0,0,0,0,0,3,Disconnected
2026-10-08 13:13:33,NO DATA,0,0,0,0,0,3,Disconnected
2026-10-08 13:13:33,NO DATA,0,0,0,0,0,3,Disconnected
2026-10-08 13:13:33,NO DATA,0,0,0,0,0,3,Disconnected
2026-10-08 13:13:33,NO DATA,0,0,0,0,0,3,Disconnected
2026-10-08 13:13:33,NO DATA,0,0,0,0,0,3,Disconnected
2026-10-08 13:13:33,NO DATA,0,0,0,0,0,3,Disconnected
2026-10-08 13:13:33,NO DATA,0,0,0,0,0,3,Disconnected
2026-10-08 13:13:33,NO DATA,0,0,0,0,0,3,Disconnected
2026-10-08 13:13:33,NO DATA,0,0,0,0,0,3,Disconnected
2026-10-08 13:13:34,NO DATA,0,0,0,0,0,3,Disconnected
2026-10-08 13:13:34,NO DATA,0,0,0,0,0,3,Disconnected
2026-10-08 13:13:34,NO DATA,0,0,0,0,0,3,Disconnected
2026-10-08 13:13:34,NO DATA,0,0,0,0,0,3,Disconnected
2026-10-08 13:13:34,NO DATA,0,0,0,0,0,3,Disconnected
2026-10-08 13:13:34,NO DATA,0,0,0,0,0,3,Disconnected
2026-10-08 13:13:34,NO DATA,0,0,0,0,0,3,Disconnected
2026-10-08 13:13:34,NO DATA,0,0,0,0,0,3,Disconnected
2026-10-08 13:13:34,NO DATA,0,0,0,0,0,3,Disconnected
2026-10-08 13:13:34,NO DATA,0,0,0,0,0,3,Disconnected
2026-10-08 13:13:35,NO DATA,0,0,0,0,0,3,Disconnected
2026-10-08 13:13:35,NO DATA,0,0,0,0,0,3,Disconnected
2026-10-08 13:13:35,NO DATA,0,0,0,0,0,3,Disconnected
2026-10-08 13:13:35,NO DATA,0,0,0,0,0,3,Disconnected
2026-10-08 13:13:35,NO DATA,0,0,0,0,0,3,Disconnected
2026-10-08 13:13:35,NO DATA,0,0,0,0,0,3,Disconnected
2026-10-08 13:13:35,NO DATA,0,0,0,0,0,3,Disconnected
2026-10-08 13:13:35,NO DATA,0,0,0,0,0,3,Disconnected
2026-10-08 13:13:35,NO DATA,0,0,0,0,0,3,Disconnected
2026-10-08 13:13:35,NO DATA,0,0,0,0,0,3,Disconnected
2026-10-08 13:13:36,NO DATA,0,0,0,0,0,3,Disconnected
2026-10-08 13:13:36,NO DATA,0,0,0,0,0,3,Disconnected
2026-10-08 13:13:36,NO DATA,0,0,0,0,0,3,Disconnected
2026-10-08 13:13:36,NO DATA,0,0,0,0,0,3,Disconnected
2026-10-08 13:13:36,NO DATA,0,0,0,0,0,3,Disconnected
2026-10-08 13:13:36,NO DATA,0,0,0,0,0,3,Disconnected
2026-10-08 13:13:36,NO DATA,0,0,0,0,0,3,Disconnected
2026-10-08 13:13:36,NO DATA,0,0,0,0,0,3,Disconnected
2026-10-08 13:13:36,NO DATA,0,0,0,0,0,3,Disconnected
2026-10-08 13:13:36,NO DATA,0,0,0,0,0,3,Disconnected
2026-10-08 13:13:37,NO DATA,0,0,0,0,0,3,Disconnected
2026-10-08 13:13:37,NO DATA,0,0,0,0,0,3,Disconnected
2026-10-08 13:13:37,NO DATA,0,0,0,0,0,3,Disconnected
2026-10-08 13:13:37,NO DATA,0,0,0,0,0,3,Disconnected
2026-10-08 13:13:37,NO DATA,0,0,0,0,0,3,Disconnected
2026-10-08 13:13:37,NO DATA,0,0,0,0,0,3,Disconnected
2026-10-08 13:13:37,NO DATA,0,0,0,0,0,3,Disconnected
2026-10-08 13:13:37,NO DATA,0,0,0,0,0,3,Disconnected
2026-10-08 13:13:38,NO DATA,0,0,0,0,0,3,Disconnected
2026-10-08 13:13:38,NO DATA,0,0,0,0,0,3,Disconnected
2026-10-08 13:13:38,NO DATA,0,0,0,0,0,3,Disconnected
2026-10-08 13:13:38,NO DATA,0,0,0,0,0,3,Disconnected
2026-10-08 13:13:38,NO DATA,0,0,0,0,0,3,Disconnected
2026-10-08 13:13:38,NO DATA,0,0,0,0,0,3,Disconnected
2026-10-08 13:13:38,NO DATA,0,0,0,0,0,3,Disconnected
2026-10-08 13:13:38,NO DATA,0,0,0,0,0,3,Disconnected
2026-10-08 13:13:38,NO DATA,0,0,0,0,0,3,Disconnected
2026-10-08 13:13:38,NO DATA,0,0,0,0,0,3,Disconnected
2026-10-08 13:13:39,NO DATA,0,0,0,0,0,3,Disconnected
2026-10-08 13:13:39,NO DATA,0,0,0,0,0,3,Disconnected
2026-10-08 13:13:39,NO DATA,0,0,0,0,0,3,Disconnected
2026-10-08 13:13:39,NO DATA,0,0,0,0,0,3,Disconnected
2026-10-08 13:13:39,NO DATA,0,0,0,0,0,3,Disconnected
2026-10-08 13:13:39,NO DATA,0,0,0,0,0,3,Disconnected
2026-10-08 13:13:39,NO DATA,0,0,0,0,0,3,Disconnected
2026-10-08 13:13:39,NO DATA,0,0,0,0,0,3,Disconnected
2026-10-08 13:13:39,NO DATA,0,0,0,0,0,3,Disconnected
2026-10-08 13:13:39,NO DATA,0,0,0,0,0,3,Disconnected
2026-10-08 13:13:40,NO DATA,0,0,0,0,0,3,Disconnected
2026-10-08 13:13:40,NO DATA,0,0,0,0,0,3,Disconnected
2026-10-08 13:13:40,NO DATA,0,0,0,0,0,3,Disconnected
2026-10-08 13:13:40,NO DATA,0,0,0,0,0,3,Disconnected
2026-10-08 13:13:40,NO DATA,0,0,0,0,0,3,Disconnected
2026-10-08 13:13:40,NO DATA,0,0,0,0,0,3,Disconnected
2026-10-08 13:13:40,NO DATA,0,0,0,0,0,3,Disconnected
2026-10-08 13:13:40,NO DATA,0,0,0,0,0,3,Disconnected
2026-10-08 13:13:40,NO DATA,0,0,0,0,0,3,Disconnected
2026-10-08 13:13:40,NO DATA,0,0,0,0,0,3,Disconnected
2026-10-08 13:13:41,NO DATA,0,0,0,0,0,3,Disconnected
2026-10-08 13:13:41,NO DATA,0,0,0,0,0,3,Disconnected
2026-10-08 13:13:41,NO DATA,0,0,0,0,0,3,Disconnected
2026-10-08 13:13:41,NO DATA,0,0,0,0,0,3,Disconnected
2026-10-08 13:13:41,NO DATA,0,0,0,0,0,3,Disconnected
2026-10-08 13:13:41,NO DATA,0,0,0,0,0,3,Disconnected
2026-10-08 13:13:41,NO DATA,0,0,0,0,0,3,Disconnected
2026-10-08 13:13:41,NO DATA,0,0,0,0,0,3,Disconnected
2026-10-08 13:13:41,NO DATA,0,0,0,0,0,3,Disconnected
2026-10-08 13:13:42,NO DATA,0,0,0,0,0,3,Disconnected
2026-10-08 13:13:42,NO DATA,0,0,0,0,0,3,Disconnected
2026-10-08 13:13:42,NO DATA,0,0,0,0,0,3,Disconnected
2026-10-08 13:13:42,NO DATA,0,0,0,0,0,3,Disconnected
2026-10-08 13:13:42,NO DATA,0,0,0,0,0,3,Disconnected
2026-10-08 13:13:42,NO DATA,0,0,0,0,0,3,Disconnected
2026-10-08 13:13:42,NO DATA,0,0,0,0,0,3,Disconnected
2026-10-08 13:13:42,NO DATA,0,0,0,0,0,3,Disconnected
2026-10-08 13:13:42,NO DATA,0,0,0,0,0,3,Disconnected
2026-10-08 13:13:42,NO DATA,0,0,0,0,0,3,Disconnected
2026-10-08 13:13:43,NO DATA,0,0,0,0,0,3,Disconnected
2026-10-08 13:13:43,NO DATA,0,0,0,0,0,3,Disconnected
2026-10-08 13:13:43,NO DATA,0,0,0,0,0,3,Disconnected
2026-10-08 13:13:43,NO DATA,0,0,0,0,0,3,Disconnected
2026-10-08 13:13:43,NO DATA,0,0,0,0,0,3,Disconnected
2026-10-08 13:13:43,NO DATA,0,0,0,0,0,3,Disconnected
2026-10-08 13:13:43,NO DATA,0,0,0,0,0,3,Disconnected
2026-10-08 13:13:43,NO DATA,0,0,0,0,0,3,Disconnected
2026-10-08 13:13:43,NO DATA,0,0,0,0,0,3,Disconnected
2026-10-08 13:13:43,NO DATA,0,0,0,0,0,3,Disconnected
2026-10-08 13:13:44,NO DATA,0,0,0,0,0,3,Disconnected
2026-10-08 13:13:44,NO DATA,0,0,0,0,0,3,Disconnected
2026-10-08 13:13:44,NO DATA,0,0,0,0,0,3,Disconnected
2026-10-08 13:13:44,NO DATA,0,0,0,0,0,3,Disconnected
2026-10-08 13:13:44,NO DATA,0,0,0,0,0,3,Disconnected
2026-10-08 13:13:44,NO DATA,0,0,0,0,0,3,Disconnected
2026-10-08 13:13:44,NO DATA,0,0,0,0,0,3,Disconnected
2026-10-08 13:13:44,NO DATA,0,0,0,0,0,3,Disconnected
2026-10-08 13:13:44,NO DATA,0,0,0,0,0,3,Disconnected
2026-10-08 13:13:44,NO DATA,0,0,0,0,0,3,Disconnected
2026-10-08 13:13:45,NO DATA,0,0,0,0,0,3,Disconnected
2026-10-08 13:13:45,NO DATA,0,0,0,0,0,3,Disconnected
2026-10-08 13:13:45,NO DATA,0,0,0,0,0,3,Disconnected
2026-10-08 13:13:45,NO DATA,0,0,0,0,0,3,Disconnected
2026-10-08 13:13:45,NO DATA,0,0,0,0,0,3,Disconnected
2026-10-08 13:13:45,NO DATA,0,0,0,0,0,3,Disconnected
2026-10-08 13:13:45,NO DATA,0,0,0,0,0,3,Disconnected
2026-10-08 13:13:45,NO DATA,0,0,0,0,0,3,Disconnected
2026-10-08 13:13:45,NO DATA,0,0,0,0,0,3,Disconnected
2026-10-08 13:13:45,NO DATA,0,0,0,0,0,3,Disconnected
2026-10-08 13:13:46,NO DATA,0,0,0,0,0,3,Disconnected
2026-10-08 13:13:46,NO DATA,0,0,0,0,0,3,Disconnected
2026-10-08 13:13:46,NO DATA,0,0,0,0,0,3,Disconnected
2026-10-08 13:13:46,NO DATA,0,0,0,0,0,3,Disconnected
2026-10-08 13:13:46,NO DATA,0,0,0,0,0,3,Disconnected
2026-10-08 13:13:46,NO DATA,0,0,0,0,0,3,Disconnected
2026-10-08 13:13:46,NO DATA,0,0,0,0,0,3,Disconnected
2026-10-08 13:13:46,NO DATA,0,0,0,0,0,3,Disconnected
2026-10-08 13:13:46,NO DATA,0,0,0,0,0,3,Disconnected
2026-10-08 13:13:46,NO DATA,0,0,0,0,0,3,Disconnected
2026-10-08 13:13:47,NO DATA,0,0,0,0,0,3,Disconnected
2026-10-08 13:13:47,NO DATA,0,0,0,0,0,3,Disconnected
2026-10-08 13:13:47,NO DATA,0,0,0,0,0,3,Disconnected
2026-10-08 13:13:47,NO DATA,0,0,0,0,0,3,Disconnected
2026-10-08 13:13:47,NO DATA,0,0,0,0,0,3,Disconnected
2026-10-08 13:13:47,NO DATA,0,0,0,0,0,3,Disconnected
2026-10-08 13:13:47,NO DATA,0,0,0,0,0,3,Disconnected
2026-10-08 13:13:47,NO DATA,0,0,0,0,0,3,Disconnected
2026-10-08 13:13:47,NO DATA,0,0,0,0,0,3,Disconnected
2026-10-08 13:13:47,NO DATA,0,0,0,0,0,3,Disconnected
2026-10-08 13:13:48,NO DATA,0,0,0,0,0,3,Disconnected
2026-10-08 13:13:48,NO DATA,0,0,0,0,0,3,Disconnected
2026-10-08 13:13:48,NO DATA,0,0,0,0,0,3,Disconnected
2026-10-08 13:13:48,NO DATA,0,0,0,0,0,3,Disconnected
2026-10-08 13:13:48,NO DATA,0,0,0,0,0,3,Disconnected
2026-10-08 13:13:48,NO DATA,0,0,0,0,0,3,Disconnected
2026-10-08 13:13:48,NO DATA,0,0,0,0,0,3,Disconnected
2026-10-08 13:13:48,NO DATA,0,0,0,0,0,3,Disconnected
2026-10-08 13:13:48,NO DATA,0,0,0,0,0,3,Disconnected
2026-10-08 13:13:48,NO DATA,0,0,0,0,0,3,Disconnected
2026-10-08 13:13:49,NO DATA,0,0,0,0,0,3,Disconnected
2026-10-08 13:13:49,NO DATA,0,0,0,0,0,3,Disconnected
2026-10-08 13:13:49,NO DATA,0,0,0,0,0,3,Disconnected
2026-10-08 13:13:49,NO DATA,0,0,0,0,0,3,Disconnected
2026-10-08 13:13:49,NO DATA,0,0,0,0,0,3,Disconnected
2026-10-08 13:13:49,NO DATA,0,0,0,0,0,3,Disconnected
2026-10-08 13:13:49,NO DATA,0,0,0,0,0,3,Disconnected
2026-10-08 13:13:49,NO DATA,0,0,0,0,0,3,Disconnected
2026-10-08 13:13:49,NO DATA,0,0,0,0,0,3,Disconnected
2026-10-08 13:13:49,NO DATA,0,0,0,0,0,3,Disconnected
2026-10-08 13:13:50,NO DATA,0,0,0,0,0,3,Disconnected
2026-10-08 13:13:50,NO DATA,0,0,0,0,0,3,Disconnected
2026-10-08 13:13:50,NO DATA,0,0,0,0,0,3,Disconnected
2026-10-08 13:13:50,NO DATA,0,0,0,0,0,3,Disconnected
2026-10-08 13:13:50,NO DATA,0,0,0,0,0,3,Disconnected
2026-10-08 13:13:50,NO DATA,0,0,0,0,0,3,Disconnected
2026-10-08 13:13:50,NO DATA,0,0,0,0,0,3,Disconnected
2026-10-08 13:13:50,NO DATA,0,0,0,0,0,3,Disconnected
2026-10-08 13:13:50,NO DATA,0,0,0,0,0,3,Disconnected
2026-10-08 13:13:50,NO DATA,0,0,0,0,0,3,Disconnected
2026-10-08 13:13:51,NO DATA,0,0,0,0,0,3,Disconnected
2026-10-08 13:13:51,NO DATA,0,0,0,0,0,3,Disconnected
2026-10-08 13:13:51,NO DATA,0,0,0,0,0,3,Disconnected
2026-10-08 13:13:51,NO DATA,0,0,0,0,0,3,Disconnected
2026-10-08 13:13:51,NO DATA,0,0,0,0,0,3,Disconnected
2026-10-08 13:13:51,NO DATA,0,0,0,0,0,3,Disconnected
2026-10-08 13:13:51,NO DATA,0,0,0,0,0,3,Disconnected
2026-10-08 13:13:51,NO DATA,0,0,0,0,0,3,Disconnected
2026-10-08 13:13:51,NO DATA,0,0,0,0,0,3,Disconnected
2026-10-08 13:13:51,NO DATA,0,0,0,0,0,3,Disconnected
2026-10-08 13:13:52,NO DATA,0,0,0,0,0,3,Disconnected
2026-10-08 13:13:52,NO DATA,0,0,0,0,0,3,Disconnected
2026-10-08 13:13:52,NO DATA,0,0,0,0,0,3,Disconnected
2026-10-08 13:13:52,NO DATA,0,0,0,0,0,3,Disconnected
2026-10-08 13:13:52,NO DATA,0,0,0,0,0,3,Disconnected
2026-10-08 13:13:52,NO DATA,0,0,0,0,0,3,Disconnected
2026-10-08 13:13:52,NO DATA,0,0,0,0,0,3,Disconnected
2026-10-08 13:13:52,NO DATA,0,0,0,0,0,3,Disconnected
2026-10-08 13:13:52,NO DATA,0,0,0,0,0,3,Disconnected
2026-10-08 13:13:52,NO DATA,0,0,0,0,0,3,Disconnected
2026-10-08 13:13:53,NO DATA,0,0,0,0,0,3,Disconnected
2026-10-08 13:13:53,NO DATA,0,0,0,0,0,3,Disconnected
2026-10-08 13:13:53,NO DATA,0,0,0,0,0,3,Disconnected
2026-10-08 13:13:53,NO DATA,0,0,0,0,0,3,Disconnected
2026-10-08 13:13:53,NO DATA,0,0,0,0,0,3,Disconnected
2026-10-08 13:13:53,NO DATA,0,0,0,0,0,3,Disconnected
2026-10-08 13:13:53,NO DATA,0,0,0,0,0,3,Disconnected
2026-10-08 13:13:53,NO DATA,0,0,0,0,0,3,Disconnected
2026-10-08 13:13:53,NO DATA,0,0,0,0,0,3,Disconnected
2026-10-08 13:13:53,NO DATA,0,0,0,0,0,3,Disconnected
2026-10-08 13:13:54,NO DATA,0,0,0,0,0,3,Disconnected
2026-10-08 13:13:54,NO DATA,0,0,0,0,0,3,Disconnected
2026-10-08 13:13:54,NO DATA,0,0,0,0,0,3,Disconnected
2026-10-08 13:13:54,NO DATA,0,0,0,0,0,3,Disconnected
2026-10-08 13:13:54,NO DATA,0,0,0,0,0,3,Disconnected
2026-10-08 13:13:54,NO DATA,0,0,0,0,0,3,Disconnected
2026-10-08 13:13:54,NO DATA,0,0,0,0,0,3,Disconnected
2026-10-08 13:13:54,NO DATA,0,0,0,0,0,3,Disconnected
2026-10-08 13:13:54,NO DATA,0,0,0,0,0,3,Disconnected
2026-10-08 13:13:54,NO DATA,0,0,0,0,0,3,Disconnected
2026-10-08 13:13:55,NO DATA,0,0,0,0,0,3,Disconnected
2026-10-08 13:13:55,NO DATA,0,0,0,0,0,3,Disconnected
2026-10-08 13:13:55,NO DATA,0,0,0,0,0,3,Disconnected
2026-10-08 13:13:55,NO DATA,0,0,0,0,0,3,Disconnected
2026-10-08 13:13:55,NO DATA,0,0,0,0,0,3,Disconnected
2026-10-08 13:13:55,NO DATA,0,0,0,0,0,3,Disconnected
2026-10-08 13:13:55,NO DATA,0,0,0,0,0,3,Disconnected
2026-10-08 13:13:55,NO DATA,0,0,0,0,0,3,Disconnected
2026-10-08 13:13:55,NO DATA,0,0,0,0,0,3,Disconnected
2026-10-08 13:13:55,NO DATA,0,0,0,0,0,3,Disconnected
2026-10-08 13:13:56,NO DATA,0,0,0,0,0,3,Disconnected
2026-10-08 13:13:56,NO DATA,0,0,0,0,0,3,Disconnected
2026-10-08 13:13:56,NO DATA,0,0,0,0,0,3,Disconnected
2026-10-08 13:13:56,NO DATA,0,0,0,0,0,3,Disconnected
2026-10-08 13:13:56,NO DATA,0,0,0,0,0,3,Disconnected
2026-10-08 13:13:56,NO DATA,0,0,0,0,0,3,Disconnected
2026-10-08 13:13:56,NO DATA,0,0,0,0,0,3,Disconnected
2026-10-08 13:13:56,NO DATA,0,0,0,0,0,3,Disconnected
2026-10-08 13:13:56,NO DATA,0,0,0,0,0,3,Disconnected
2026-10-08 13:13:57,NO DATA,0,0,0,0,0,3,Disconnected
2026-10-08 13:13:57,NO DATA,0,0,0,0,0,3,Disconnected
2026-10-08 13:13:57,NO DATA,0,0,0,0,0,3,Disconnected
2026-10-08 13:13:57,NO DATA,0,0,0,0,0,3,Disconnected
2026-10-08 13:13:57,NO DATA,0,0,0,0,0,3,Disconnected
2026-10-08 13:13:57,NO DATA,0,0,0,0,0,3,Disconnected
2026-10-08 13:13:57,NO DATA,0,0,0,0,0,3,Disconnected
2026-10-08 13:13:57,NO DATA,0,0,0,0,0,3,Disconnected
2026-10-08 13:13:57,NO DATA,0,0,0,0,0,3,Disconnected
2026-10-08 13:13:58,NO DATA,0,0,0,0,0,3,Disconnected
2026-10-08 13:13:58,NO DATA,0,0,0,0,0,3,Disconnected
2026-10-08 13:13:58,NO DATA,0,0,0,0,0,3,Disconnected
2026-10-08 13:13:58,NO DATA,0,0,0,0,0,3,Disconnected
2026-10-08 13:13:58,NO DATA,0,0,0,0,0,3,Disconnected
2026-10-08 13:13:58,NO DATA,0,0,0,0,0,3,Disconnected
2026-10-08 13:13:58,NO DATA,0,0,0,0,0,3,Disconnected
2026-10-08 13:13:58,NO DATA,0,0,0,0,0,3,Disconnected
2026-10-08 13:13:58,NO DATA,0,0,0,0,0,3,Disconnected
2026-10-08 13:13:59,NO DATA,0,0,0,0,0,3,Disconnected
2026-10-08 13:13:59,NO DATA,0,0,0,0,0,3,Disconnected
2026-10-08 13:13:59,NO DATA,0,0,0,0,0,3,Disconnected
2026-10-08 13:13:59,NO DATA,0,0,0,0,0,3,Disconnected
2026-10-08 13:13:59,NO DATA,0,0,0,0,0,3,Disconnected
2026-10-08 13:13:59,NO DATA,0,0,0,0,0,3,Disconnected
2026-10-08 13:13:59,NO DATA,0,0,0,0,0,3,Disconnected
2026-10-08 13:13:59,NO DATA,0,0,0,0,0,3,Disconnected
2026-10-08 13:13:59,NO DATA,0,0,0,0,0,3,Disconnected
2026-10-08 13:14:00,NO DATA,0,0,0,0,0,3,Disconnected
2026-10-08 13:14:00,NO DATA,0,0,0,0,0,3,Disconnected
2026-10-08 13:14:00,NO DATA,0,0,0,0,0,3,Disconnected
2026-10-08 13:14:00,NO DATA,0,0,0,0,0,3,Disconnected
2026-10-08 13:14:00,NO DATA,0,0,0,0,0,3,Disconnected
2026-10-08 13:14:00,NO DATA,0,0,0,0,0,3,Disconnected
2026-10-08 13:14:00,NO DATA,0,0,0,0,0,3,Disconnected
2026-10-08 13:14:00,NO DATA,0,0,0,0,0,3,Disconnected
2026-10-08 13:14:00,NO DATA,0,0,0,0,0,3,Disconnected
2026-10-08 13:14:00,NO DATA,0,0,0,0,0,3,Disconnected
2026-10-08 13:14:01,NO DATA,0,0,0,0,0,3,Disconnected
2026-10-08 13:14:01,NO DATA,0,0,0,0,0,3,Disconnected
2026-10-08 13:14:01,NO DATA,0,0,0,0,0,3,Disconnected
2026-10-08 13:14:01,NO DATA,0,0,0,0,0,3,Disconnected
2026-10-08 13:14:01,NO DATA,0,0,0,0,0,3,Disconnected
2026-10-08 13:14:01,NO DATA,0,0,0,0,0,3,Disconnected
2026-10-08 13:14:01,NO DATA,0,0,0,0,0,3,Disconnected
2026-10-08 13:14:01,NO DATA,0,0,0,0,0,3,Disconnected
2026-10-08 13:14:01,NO DATA,0,0,0,0,0,3,Disconnected
2026-10-08 13:14:02,NO DATA,0,0,0,0,0,3,Disconnected
2026-10-08 13:14:02,NO DATA,0,0,0,0,0,3,Disconnected
2026-10-08 13:14:02,NO DATA,0,0,0,0,0,3,Disconnected
2026-10-08 13:14:02,NO DATA,0,0,0,0,0,3,Disconnected
2026-10-08 13:14:02,NO DATA,0,0,0,0,0,3,Disconnected
2026-10-08 13:14:02,NO DATA,0,0,0,0,0,3,Disconnected
2026-10-08 13:14:02,NO DATA,0,0,0,0,0,3,Disconnected
2026-10-08 13:14:02,NO DATA,0,0,0,0,0,3,Disconnected
2026-10-08 13:14:02,NO DATA,0,0,0,0,0,3,Disconnected
2026-10-08 13:14:03,NO DATA,0,0,0,0,0,3,Disconnected
2026-10-08 13:14:03,NO DATA,0,0,0,0,0,3,Disconnected
2026-10-08 13:14:03,NO DATA,0,0,0,0,0,3,Disconnected
2026-10-08 13:14:03,NO DATA,0,0,0,0,0,3,Disconnected
2026-10-08 13:14:03,NO DATA,0,0,0,0,0,3,Disconnected
2026-10-08 13:14:03,NO DATA,0,0,0,0,0,3,Disconnected
2026-10-08 13:14:03,NO DATA,0,0,0,0,0,3,Disconnected
2026-10-08 13:14:03,NO DATA,0,0,0,0,0,3,Disconnected
2026-10-08 13:14:03,NO DATA,0,0,0,0,0,3,Disconnected
2026-10-08 13:14:04,NO DATA,0,0,0,0,0,3,Disconnected
2026-10-08 13:14:04,NO DATA,0,0,0,0,0,3,Disconnected
2026-10-08 13:14:04,NO DATA,0,0,0,0,0,3,Disconnected
2026-10-08 13:14:04,NO DATA,0,0,0,0,0,3,Disconnected
2026-10-08 13:14:04,NO DATA,0,0,0,0,0,3,Disconnected
2026-10-08 13:14:04,NO DATA,0,0,0,0,0,3,Disconnected
2026-10-08 13:14:04,NO DATA,0,0,0,0,0,3,Disconnected
2026-10-08 13:14:04,NO DATA,0,0,0,0,0,3,Disconnected
2026-10-08 13:14:04,NO DATA,0,0,0,0,0,3,Disconnected
2026-10-08 13:14:05,NO DATA,0,0,0,0,0,3,Disconnected
2026-10-08 13:14:05,NO DATA,0,0,0,0,0,3,Disconnected
2026-10-08 13:14:05,NO DATA,0,0,0,0,0,3,Disconnected
2026-10-08 13:14:05,NO DATA,0,0,0,0,0,3,Disconnected
2026-10-08 13:14:05,NO DATA,0,0,0,0,0,3,Disconnected
2026-10-08 13:14:05,NO DATA,0,0,0,0,0,3,Disconnected
2026-10-08 13:14:05,NO DATA,0,0,0,0,0,3,Disconnected
2026-10-08 13:14:05,NO DATA,0,0,0,0,0,3,Disconnected
2026-10-08 13:14:05,NO DATA,0,0,0,0,0,3,Disconnected
2026-10-08 13:14:05,NO DATA,0,0,0,0,0,3,Disconnected
2026-10-08 13:14:06,NO DATA,0,0,0,0,0,3,Disconnected
2026-10-08 13:14:06,NO DATA,0,0,0,0,0,3,Disconnected
2026-10-08 13:14:06,NO DATA,0,0,0,0,0,3,Disconnected
2026-10-08 13:14:06,NO DATA,0,0,0,0,0,3,Disconnected
2026-10-08 13:14:06,NO DATA,0,0,0,0,0,3,Disconnected
2026-10-08 13:14:06,NO DATA,0,0,0,0,0,3,Disconnected
2026-10-08 13:14:06,NO DATA,0,0,0,0,0,3,Disconnected
2026-10-08 13:14:06,NO DATA,0,0,0,0,0,3,Disconnected
2026-10-08 13:14:06,NO DATA,0,0,0,0,0,3,Disconnected
2026-10-08 13:14:07,NO DATA,0,0,0,0,0,3,Disconnected
2026-10-08 13:14:07,NO DATA,0,0,0,0,0,3,Disconnected
2026-10-08 13:14:07,NO DATA,0,0,0,0,0,3,Disconnected
2026-10-08 13:14:07,NO DATA,0,0,0,0,0,3,Disconnected
2026-10-08 13:14:07,NO DATA,0,0,0,0,0,3,Disconnected
2026-10-08 13:14:07,NO DATA,0,0,0,0,0,3,Disconnected
2026-10-08 13:14:07,NO DATA,0,0,0,0,0,3,Disconnected
2026-10-08 13:14:07,NO DATA,0,0,0,0,0,3,Disconnected
2026-10-08 13:14:07,NO DATA,0,0,0,0,0,3,Disconnected
2026-10-08 13:14:08,NO DATA,0,0,0,0,0,3,Disconnected
2026-10-08 13:14:08,NO DATA,0,0,0,0,0,3,Disconnected
2026-10-08 13:14:08,NO DATA,0,0,0,0,0,3,Disconnected
2026-10-08 13:14:08,NO DATA,0,0,0,0,0,3,Disconnected
2026-10-08 13:14:08,NO DATA,0,0,0,0,0,3,Disconnected
2026-10-08 13:14:08,NO DATA,0,0,0,0,0,3,Disconnected
2026-10-08 13:14:08,NO DATA,0,0,0,0,0,3,Disconnected
2026-10-08 13:14:08,NO DATA,0,0,0,0,0,3,Disconnected
2026-10-08 13:14:08,NO DATA,0,0,0,0,0,3,Disconnected
2026-10-08 13:14:09,NO DATA,0,0,0,0,0,3,Disconnected
2026-10-08 13:14:09,NO DATA,0,0,0,0,0,3,Disconnected
2026-10-08 13:14:09,NO DATA,0,0,0,0,0,3,Disconnected
2026-10-08 13:14:09,NO DATA,0,0,0,0,0,3,Disconnected
2026-10-08 13:14:09,NO DATA,0,0,0,0,0,3,Disconnected
2026-10-08 13:14:09,NO DATA,0,0,0,0,0,3,Disconnected
2026-10-08 13:14:09,NO DATA,0,0,0,0,0,3,Disconnected
2026-10-08 13:14:09,NO DATA,0,0,0,0,0,3,Disconnected
2026-10-08 13:14:09,NO DATA,0,0,0,0,0,3,Disconnected
2026-10-08 13:14:10,NO DATA,0,0,0,0,0,3,Disconnected
2026-10-08 13:14:10,NO DATA,0,0,0,0,0,3,Disconnected
2026-10-08 13:14:10,NO DATA,0,0,0,0,0,3,Disconnected
2026-10-08 13:14:10,NO DATA,0,0,0,0,0,3,Disconnected
2026-10-08 13:14:10,NO DATA,0,0,0,0,0,3,Disconnected
2026-10-08 13:14:10,NO DATA,0,0,0,0,0,3,Disconnected
2026-10-08 13:14:10,NO DATA,0,0,0,0,0,3,Disconnected
2026-10-08 13:14:10,NO DATA,0,0,0,0,0,3,Disconnected
2026-10-08 13:14:10,NO DATA,0,0,0,0,0,3,Disconnected
2026-10-08 13:14:11,NO DATA,0,0,0,0,0,3,Disconnected
2026-10-08 13:14:11,NO DATA,0,0,0,0,0,3,Disconnected
2026-10-08 13:14:11,NO DATA,0,0,0,0,0,3,Disconnected
2026-10-08 13:14:11,NO DATA,0,0,0,0,0,3,Disconnected
2026-10-08 13:14:11,NO DATA,0,0,0,0,0,3,Disconnected
2026-10-08 13:14:11,NO DATA,0,0,0,0,0,3,Disconnected
2026-10-08 13:14:11,NO DATA,0,0,0,0,0,3,Disconnected
2026-10-08 13:14:11,NO DATA,0,0,0,0,0,3,Disconnected
2026-10-08 13:14:11,NO DATA,0,0,0,0,0,3,Disconnected
2026-10-08 13:14:11,NO DATA,0,0,0,0,0,3,Disconnected
2026-10-08 13:14:12,NO DATA,0,0,0,0,0,3,Disconnected
2026-10-08 13:14:12,NO DATA,0,0,0,0,0,3,Disconnected
2026-10-08 13:14:12,NO DATA,0,0,0,0,0,3,Disconnected
2026-10-08 13:14:12,NO DATA,0,0,0,0,0,3,Disconnected
2026-10-08 13:14:12,NO DATA,0,0,0,0,0,3,Disconnected
2026-10-08 13:14:12,NO DATA,0,0,0,0,0,3,Disconnected
2026-10-08 13:14:12,NO DATA,0,0,0,0,0,3,Disconnected
2026-10-08 13:14:12,NO DATA,0,0,0,0,0,3,Disconnected
2026-10-08 13:14:12,NO DATA,0,0,0,0,0,3,Disconnected
2026-10-08 13:14:13,NO DATA,0,0,0,0,0,3,Disconnected
2026-10-08 13:14:13,NO DATA,0,0,0,0,0,3,Disconnected
2026-10-08 13:14:13,NO DATA,0,0,0,0,0,3,Disconnected
2026-10-08 13:14:13,NO DATA,0,0,0,0,0,3,Disconnected
2026-10-08 13:14:13,NO DATA,0,0,0,0,0,3,Disconnected
2026-10-08 13:14:13,NO DATA,0,0,0,0,0,3,Disconnected
2026-10-08 13:14:13,NO DATA,0,0,0,0,0,3,Disconnected
2026-10-08 13:14:13,NO DATA,0,0,0,0,0,3,Disconnected
2026-10-08 13:14:13,NO DATA,0,0,0,0,0,3,Disconnected
2026-10-08 13:14:14,NO DATA,0,0,0,0,0,3,Disconnected
2026-10-08 13:14:14,NO DATA,0,0,0,0,0,3,Disconnected
2026-10-08 13:14:14,NO DATA,0,0,0,0,0,3,Disconnected
2026-10-08 13:14:14,NO DATA,0,0,0,0,0,3,Disconnected
2026-10-08 13:14:14,NO DATA,0,0,0,0,0,3,Disconnected
2026-10-08 13:14:14,NO DATA,0,0,0,0,0,3,Disconnected
2026-10-08 13:14:14,NO DATA,0,0,0,0,0,3,Disconnected
2026-10-08 13:14:14,NO DATA,0,0,0,0,0,3,Disconnected
2026-10-08 13:14:14,NO DATA,0,0,0,0,0,3,Disconnected
2026-10-08 13:14:15,NO DATA,0,0,0,0,0,3,Disconnected
2026-10-08 13:14:15,NO DATA,0,0,0,0,0,3,Disconnected
2026-10-08 13:14:15,NO DATA,0,0,0,0,0,3,Disconnected
2026-10-08 13:14:15,NO DATA,0,0,0,0,0,3,Disconnected
2026-10-08 13:14:15,NO DATA,0,0,0,0,0,3,Disconnected
2026-10-08 13:14:15,NO DATA,0,0,0,0,0,3,Disconnected
2026-10-08 13:14:15,NO DATA,0,0,0,0,0,3,Disconnected
2026-10-08 13:14:15,NO DATA,0,0,0,0,0,3,Disconnected
2026-10-08 13:14:15,NO DATA,0,0,0,0,0,3,Disconnected
2026-10-08 13:14:16,NO DATA,0,0,0,0,0,3,Disconnected
2026-10-08 13:14:16,NO DATA,0,0,0,0,0,3,Disconnected
2026-10-08 13:14:16,NO DATA,0,0,0,0,0,3,Disconnected
2026-10-08 13:14:16,NO DATA,0,0,0,0,0,3,Disconnected
2026-10-08 13:14:16,NO DATA,0,0,0,0,0,3,Disconnected
2026-10-08 13:14:16,NO DATA,0,0,0,0,0,3,Disconnected
2026-10-08 13:14:16,NO DATA,0,0,0,0,0,3,Disconnected
2026-10-08 13:14:16,NO DATA,0,0,0,0,0,3,Disconnected
2026-10-08 13:14:16,NO DATA,0,0,0,0,0,3,Disconnected
2026-10-08 13:14:17,NO DATA,0,0,0,0,0,3,Disconnected
2026-10-08 13:14:17,NO DATA,0,0,0,0,0,3,Disconnected
2026-10-08 13:14:17,NO DATA,0,0,0,0,0,3,Disconnected
2026-10-08 13:14:17,NO DATA,0,0,0,0,0,3,Disconnected
2026-10-08 13:14:17,NO DATA,0,0,0,0,0,3,Disconnected
2026-10-08 13:14:17,NO DATA,0,0,0,0,0,3,Disconnected
2026-10-08 13:14:17,NO DATA,0,0,0,0,0,3,Disconnected
2026-10-08 13:14:17,NO DATA,0,0,0,0,0,3,Disconnected
2026-10-08 13:14:17,NO DATA,0,0,0,0,0,3,Disconnected
2026-10-08 13:14:17,NO DATA,0,0,0,0,0,3,Disconnected
2026-10-08 13:14:18,NO DATA,0,0,0,0,0,3,Disconnected
2026-10-08 13:14:18,NO DATA,0,0,0,0,0,3,Disconnected
2026-10-08 13:14:18,NO DATA,0,0,0,0,0,3,Disconnected
2026-10-08 13:14:18,NO DATA,0,0,0,0,0,3,Disconnected
2026-10-08 13:14:18,NO DATA,0,0,0,0,0,3,Disconnected
2026-10-08 13:14:18,NO DATA,0,0,0,0,0,3,Disconnected
2026-10-08 13:14:18,NO DATA,0,0,0,0,0,3,Disconnected
2026-10-08 13:14:18,NO DATA,0,0,0,0,0,3,Disconnected
2026-10-08 13:14:18,NO DATA,0,0,0,0,0,3,Disconnected
2026-10-08 13:14:19,NO DATA,0,0,0,0,0,3,Disconnected
2026-10-08 13:14:19,NO DATA,0,0,0,0,0,3,Disconnected
2026-10-08 13:14:19,NO DATA,0,0,0,0,0,3,Disconnected
2026-10-08 13:14:19,NO DATA,0,0,0,0,0,3,Disconnected
2026-10-08 13:14:19,NO DATA,0,0,0,0,0,3,Disconnected
2026-10-08 13:14:19,NO DATA,0,0,0,0,0,3,Disconnected
2026-10-08 13:14:19,NO DATA,0,0,0,0,0,3,Disconnected
2026-10-08 13:14:19,NO DATA,0,0,0,0,0,3,Disconnected
2026-10-08 13:14:19,NO DATA,0,0,0,0,0,3,Disconnected
2026-10-08 13:14:20,NO DATA,0,0,0,0,0,3,Disconnected
2026-10-08 13:14:20,NO DATA,0,0,0,0,0,3,Disconnected
2026-10-08 13:14:20,NO DATA,0,0,0,0,0,3,Disconnected
2026-10-08 13:14:20,NO DATA,0,0,0,0,0,3,Disconnected
2026-10-08 13:14:20,NO DATA,0,0,0,0,0,3,Disconnected
2026-10-08 13:14:20,NO DATA,0,0,0,0,0,3,Disconnected
2026-10-08 13:14:20,NO DATA,0,0,0,0,0,3,Disconnected
2026-10-08 13:14:20,NO DATA,0,0,0,0,0,3,Disconnected
2026-10-08 13:14:20,NO DATA,0,0,0,0,0,3,Disconnected
2026-10-08 13:14:21,NO DATA,0,0,0,0,0,3,Disconnected
2026-10-08 13:14:21,NO DATA,0,0,0,0,0,3,Disconnected
2026-10-08 13:14:21,NO DATA,0,0,0,0,0,3,Disconnected
2026-10-08 13:14:21,NO DATA,0,0,0,0,0,3,Disconnected
2026-10-08 13:14:21,NO DATA,0,0,0,0,0,3,Disconnected
2026-10-08 13:14:21,NO DATA,0,0,0,0,0,3,Disconnected
2026-10-08 13:14:21,NO DATA,0,0,0,0,0,3,Disconnected
2026-10-08 13:14:21,NO DATA,0,0,0,0,0,3,Disconnected
2026-10-08 13:14:21,NO DATA,0,0,0,0,0,3,Disconnected
2026-10-08 13:14:22,NO DATA,0,0,0,0,0,3,Disconnected
2026-10-08 13:14:22,NO DATA,0,0,0,0,0,3,Disconnected
2026-10-08 13:14:22,NO DATA,0,0,0,0,0,3,Disconnected
2026-10-08 13:14:22,NO DATA,0,0,0,0,0,3,Disconnected
2026-10-08 13:14:22,NO DATA,0,0,0,0,0,3,Disconnected
2026-10-08 13:14:22,NO DATA,0,0,0,0,0,3,Disconnected
2026-10-08 13:14:22,NO DATA,0,0,0,0,0,3,Disconnected
2026-10-08 13:14:22,NO DATA,0,0,0,0,0,3,Disconnected
2026-10-08 13:14:22,NO DATA,0,0,0,0,0,3,Disconnected
2026-10-08 13:14:23,NO DATA,0,0,0,0,0,3,Disconnected
2026-10-08 13:14:23,NO DATA,0,0,0,0,0,3,Disconnected
2026-10-08 13:14:23,NO DATA,0,0,0,0,0,3,Disconnected
2026-10-08 13:14:23,NO DATA,0,0,0,0,0,3,Disconnected
2026-10-08 13:14:23,NO DATA,0,0,0,0,0,3,Disconnected
2026-10-08 13:14:23,NO DATA,0,0,0,0,0,3,Disconnected
2026-10-08 13:14:23,NO DATA,0,0,0,0,0,3,Disconnected
2026-10-08 13:14:23,NO DATA,0,0,0,0,0,3,Disconnected
2026-10-08 13:14:23,NO DATA,0,0,0,0,0,3,Disconnected
2026-10-08 13:14:23,NO DATA,0,0,0,0,0,3,Disconnected
2026-10-08 13:14:24,NO DATA,0,0,0,0,0,3,Disconnected
2026-10-08 13:14:24,NO DATA,0,0,0,0,0,3,Disconnected
2026-10-08 13:14:24,NO DATA,0,0,0,0,0,3,Disconnected
2026-10-08 13:14:24,NO DATA,0,0,0,0,0,3,Disconnected
2026-10-08 13:14:24,NO DATA,0,0,0,0,0,3,Disconnected
2026-10-08 13:14:24,NO DATA,0,0,0,0,0,3,Disconnected
2026-10-08 13:14:24,NO DATA,0,0,0,0,0,3,Disconnected
2026-10-08 13:14:24,NO DATA,0,0,0,0,0,3,Disconnected
2026-10-08 13:14:24,NO DATA,0,0,0,0,0,3,Disconnected
2026-10-08 13:14:25,NO DATA,0,0,0,0,0,3,Disconnected
2026-10-08 13:14:25,NO DATA,0,0,0,0,0,3,Disconnected
2026-10-08 13:14:25,NO DATA,0,0,0,0,0,3,Disconnected
2026-10-08 13:14:25,NO DATA,0,0,0,0,0,3,Disconnected
2026-10-08 13:14:25,NO DATA,0,0,0,0,0,3,Disconnected
2026-10-08 13:14:25,NO DATA,0,0,0,0,0,3,Disconnected
2026-10-08 13:14:25,NO DATA,0,0,0,0,0,3,Disconnected
2026-10-08 13:14:25,NO DATA,0,0,0,0,0,3,Disconnected
2026-10-08 13:14:25,NO DATA,0,0,0,0,0,3,Disconnected
2026-10-08 13:14:26,NO DATA,0,0,0,0,0,3,Disconnected
2026-10-08 13:14:26,NO DATA,0,0,0,0,0,3,Disconnected
2026-10-08 13:14:26,NO DATA,0,0,0,0,0,3,Disconnected
2026-10-08 13:14:26,NO DATA,0,0,0,0,0,3,Disconnected
2026-10-08 13:14:26,NO DATA,0,0,0,0,0,3,Disconnected
2026-10-08 13:14:26,NO DATA,0,0,0,0,0,3,Disconnected
2026-10-08 13:14:26,NO DATA,0,0,0,0,0,3,Disconnected
2026-10-08 13:14:26,NO DATA,0,0,0,0,0,3,Disconnected
2026-10-08 13:14:26,NO DATA,0,0,0,0,0,3,Disconnected
2026-10-08 13:14:27,NO DATA,0,0,0,0,0,3,Disconnected
2026-10-08 13:14:27,NO DATA,0,0,0,0,0,3,Disconnected
2026-10-08 13:14:27,NO DATA,0,0,0,0,0,3,Disconnected
2026-10-08 13:14:27,NO DATA,0,0,0,0,0,3,Disconnected
2026-10-08 13:14:27,NO DATA,0,0,0,0,0,3,Disconnected
2026-10-08 13:14:27,NO DATA,0,0,0,0,0,3,Disconnected
2026-10-08 13:14:27,NO DATA,0,0,0,0,0,3,Disconnected
2026-10-08 13:14:27,NO DATA,0,0,0,0,0,3,Disconnected
2026-10-08 13:14:27,NO DATA,0,0,0,0,0,3,Disconnected
2026-10-08 13:14:28,NO DATA,0,0,0,0,0,3,Disconnected
2026-10-08 13:14:28,NO DATA,0,0,0,0,0,3,Disconnected
2026-10-08 13:14:28,NO DATA,0,0,0,0,0,3,Disconnected
2026-10-08 13:14:28,NO DATA,0,0,0,0,0,3,Disconnected
2026-10-08 13:14:28,NO DATA,0,0,0,0,0,3,Disconnected
2026-10-08 13:14:28,NO DATA,0,0,0,0,0,3,Disconnected
2026-10-08 13:14:28,NO DATA,0,0,0,0,0,3,Disconnected
2026-10-08 13:14:28,NO DATA,0,0,0,0,0,3,Disconnected
2026-10-08 13:14:28,NO DATA,0,0,0,0,0,3,Disconnected
2026-10-08 13:14:29,NO DATA,0,0,0,0,0,3,Disconnected
2026-10-08 13:14:29,NO DATA,0,0,0,0,0,3,Disconnected
2026-10-08 13:14:29,NO DATA,0,0,0,0,0,3,Disconnected
2026-10-08 13:14:29,NO DATA,0,0,0,0,0,3,Disconnected
2026-10-08 13:14:29,NO DATA,0,0,0,0,0,3,Disconnected
2026-10-08 13:14:29,NO DATA,0,0,0,0,0,3,Disconnected
2026-10-08 13:14:29,NO DATA,0,0,0,0,0,3,Disconnected
2026-10-08 13:14:29,NO DATA,0,0,0,0,0,3,Disconnected
2026-10-08 13:14:29,NO DATA,0,0,0,0,0,3,Disconnected
2026-10-08 13:14:29,NO DATA,0,0,0,0,0,3,Disconnected
2026-10-08 13:14:30,NO DATA,0,0,0,0,0,3,Disconnected
2026-10-08 13:14:30,NO DATA,0,0,0,0,0,3,Disconnected
2026-10-08 13:14:30,NO DATA,0,0,0,0,0,3,Disconnected
2026-10-08 13:14:30,NO DATA,0,0,0,0,0,3,Disconnected
2026-10-08 13:14:30,NO DATA,0,0,0,0,0,3,Disconnected
2026-10-08 13:14:30,NO DATA,0,0,0,0,0,3,Disconnected
2026-10-08 13:14:30,NO DATA,0,0,0,0,0,3,Disconnected
2026-10-08 13:14:30,NO DATA,0,0,0,0,0,3,Disconnected
2026-10-08 13:14:30,NO DATA,0,0,0,0,0,3,Disconnected
2026-10-08 13:14:31,NO DATA,0,0,0,0,0,3,Disconnected
2026-10-08 13:14:31,NO DATA,0,0,0,0,0,3,Disconnected
2026-10-08 13:14:31,NO DATA,0,0,0,0,0,3,Disconnected
2026-10-08 13:14:31,NO DATA,0,0,0,0,0,3,Disconnected
2026-10-08 13:14:31,NO DATA,0,0,0,0,0,3,Disconnected
2026-10-08 13:14:31,NO DATA,0,0,0,0,0,3,Disconnected
2026-10-08 13:14:31,NO DATA,0,0,0,0,0,3,Disconnected
2026-10-08 13:14:31,NO DATA,0,0,0,0,0,3,Disconnected
2026-10-08 13:14:31,NO DATA,0,0,0,0,0,3,Disconnected
2026-10-08 13:14:32,NO DATA,0,0,0,0,0,3,Disconnected
2026-10-08 13:14:32,NO DATA,0,0,0,0,0,3,Disconnected
2026-10-08 13:14:32,NO DATA,0,0,0,0,0,3,Disconnected
2026-10-08 13:14:32,NO DATA,0,0,0,0,0,3,Disconnected
2026-10-08 13:14:32,NO DATA,0,0,0,0,0,3,Disconnected
2026-10-08 13:14:32,NO DATA,0,0,0,0,0,3,Disconnected
2026-10-08 13:14:32,NO DATA,0,0,0,0,0,3,Disconnected
2026-10-08 13:14:32,NO DATA,0,0,0,0,0,3,Disconnected
2026-10-08 13:14:32,NO DATA,0,0,0,0,0,3,Disconnected
2026-10-08 13:14:33,NO DATA,0,0,0,0,0,3,Disconnected
2026-10-08 13:14:33,NO DATA,0,0,0,0,0,3,Disconnected
2026-10-08 13:14:33,NO DATA,0,0,0,0,0,3,Disconnected
2026-10-08 13:14:33,NO DATA,0,0,0,0,0,3,Disconnected
2026-10-08 13:14:33,NO DATA,0,0,0,0,0,3,Disconnected
2026-10-08 13:14:33,NO DATA,0,0,0,0,0,3,Disconnected
2026-10-08 13:14:33,NO DATA,0,0,0,0,0,3,Disconnected
2026-10-08 13:14:33,NO DATA,0,0,0,0,0,3,Disconnected
2026-10-08 13:14:33,NO DATA,0,0,0,0,0,3,Disconnected
2026-10-08 13:14:34,NO DATA,0,0,0,0,0,3,Disconnected
2026-10-08 13:14:34,NO DATA,0,0,0,0,0,3,Disconnected
2026-10-08 13:14:34,NO DATA,0,0,0,0,0,3,Disconnected
2026-10-08 13:14:34,NO DATA,0,0,0,0,0,3,Disconnected
2026-10-08 13:14:34,NO DATA,0,0,0,0,0,3,Disconnected
2026-10-08 13:14:34,NO DATA,0,0,0,0,0,3,Disconnected
2026-10-08 13:14:34,NO DATA,0,0,0,0,0,3,Disconnected
2026-10-08 13:14:34,NO DATA,0,0,0,0,0,3,Disconnected
2026-10-08 13:14:34,NO DATA,0,0,0,0,0,3,Disconnected
2026-10-08 13:14:35,NO DATA,0,0,0,0,0,3,Disconnected
2026-10-08 13:14:35,NO DATA,0,0,0,0,0,3,Disconnected
2026-10-08 13:14:35,NO DATA,0,0,0,0,0,3,Disconnected
2026-10-08 13:14:35,NO DATA,0,0,0,0,0,3,Disconnected
2026-10-08 13:14:35,NO DATA,0,0,0,0,0,3,Disconnected
2026-10-08 13:14:35,NO DATA,0,0,0,0,0,3,Disconnected
2026-10-08 13:14:35,NO DATA,0,0,0,0,0,3,Disconnected
2026-10-08 13:14:35,NO DATA,0,0,0,0,0,3,Disconnected
2026-10-08 13:14:35,NO DATA,0,0,0,0,0,3,Disconnected
2026-10-08 13:14:35,NO DATA,0,0,0,0,0,3,Disconnected
2026-10-08 13:14:36,NO DATA,0,0,0,0,0,3,Disconnected
2026-10-08 13:14:36,NO DATA,0,0,0,0,0,3,Disconnected
2026-10-08 13:14:36,NO DATA,0,0,0,0,0,3,Disconnected
2026-10-08 13:14:36,NO DATA,0,0,0,0,0,3,Disconnected
2026-10-08 13:14:36,NO DATA,0,0,0,0,0,3,Disconnected
2026-10-08 13:14:36,NO DATA,0,0,0,0,0,3,Disconnected
2026-10-08 13:14:36,NO DATA,0,0,0,0,0,3,Disconnected
2026-10-08 13:14:36,NO DATA,0,0,0,0,0,3,Disconnected
2026-10-08 13:14:36,NO DATA,0,0,0,0,0,3,Disconnected
2026-10-08 13:14:37,NO DATA,0,0,0,0,0,3,Disconnected
2026-10-08 13:14:37,NO DATA,0,0,0,0,0,3,Disconnected
2026-10-08 13:14:37,NO DATA,0,0,0,0,0,3,Disconnected
2026-10-08 13:14:37,NO DATA,0,0,0,0,0,3,Disconnected
2026-10-08 13:14:37,NO DATA,0,0,0,0,0,3,Disconnected
2026-10-08 13:14:37,NO DATA,0,0,0,0,0,3,Disconnected
2026-10-08 13:14:37,NO DATA,0,0,0,0,0,3,Disconnected
2026-10-08 13:14:37,NO DATA,0,0,0,0,0,3,Disconnected
2026-10-08 13:14:37,NO DATA,0,0,0,0,0,3,Disconnected
2026-10-08 13:14:38,NO DATA,0,0,0,0,0,3,Disconnected
2026-10-08 13:14:38,NO DATA,0,0,0,0,0,3,Disconnected
2026-10-08 13:14:38,NO DATA,0,0,0,0,0,3,Disconnected
2026-10-08 13:14:38,NO DATA,0,0,0,0,0,3,Disconnected
2026-10-08 13:14:38,NO DATA,0,0,0,0,0,3,Disconnected
2026-10-08 13:14:38,NO DATA,0,0,0,0,0,3,Disconnected
2026-10-08 13:14:38,NO DATA,0,0,0,0,0,3,Disconnected
2026-10-08 13:14:38,NO DATA,0,0,0,0,0,3,Disconnected
2026-10-08 13:14:38,NO DATA,0,0,0,0,0,3,Disconnected
2026-10-08 13:14:39,NO DATA,0,0,0,0,0,3,Disconnected
2026-10-08 13:14:39,NO DATA,0,0,0,0,0,3,Disconnected
2026-10-08 13:14:39,NO DATA,0,0,0,0,0,3,Disconnected
2026-10-08 13:14:39,NO DATA,0,0,0,0,0,3,Disconnected
2026-10-08 13:14:39,NO DATA,0,0,0,0,0,3,Disconnected
2026-10-08 13:14:39,NO DATA,0,0,0,0,0,3,Disconnected
2026-10-08 13:14:39,NO DATA,0,0,0,0,0,3,Disconnected
2026-10-08 13:14:39,NO DATA,0,0,0,0,0,3,Disconnected
2026-10-08 13:14:39,NO DATA,0,0,0,0,0,3,Disconnected
2026-10-08 13:14:40,NO DATA,0,0,0,0,0,3,Disconnected
2026-10-08 13:14:40,NO DATA,0,0,0,0,0,3,Disconnected
2026-10-08 13:14:40,NO DATA,0,0,0,0,0,3,Disconnected
2026-10-08 13:14:40,NO DATA,0,0,0,0,0,3,Disconnected
2026-10-08 13:14:40,NO DATA,0,0,0,0,0,3,Disconnected
2026-10-08 13:14:40,NO DATA,0,0,0,0,0,3,Disconnected
2026-10-08 13:14:40,NO DATA,0,0,0,0,0,3,Disconnected
2026-10-08 13:14:40,NO DATA,0,0,0,0,0,3,Disconnected
2026-10-08 13:14:40,NO DATA,0,0,0,0,0,3,Disconnected
2026-10-08 13:14:41,NO DATA,0,0,0,0,0,3,Disconnected
2026-10-08 13:14:41,NO DATA,0,0,0,0,0,3,Disconnected
2026-10-08 13:14:41,NO DATA,0,0,0,0,0,3,Disconnected
2026-10-08 13:14:41,NO DATA,0,0,0,0,0,3,Disconnected
2026-10-08 13:14:41,NO DATA,0,0,0,0,0,3,Disconnected
2026-10-08 13:14:41,NO DATA,0,0,0,0,0,3,Disconnected
2026-10-08 13:14:41,NO DATA,0,0,0,0,0,3,Disconnected
2026-10-08 13:14:41,NO DATA,0,0,0,0,0,3,Disconnected
2026-10-08 13:14:41,NO DATA,0,0,0,0,0,3,Disconnected
2026-10-08 13:14:41,NO DATA,0,0,0,0,0,3,Disconnected
2026-10-08 13:14:42,NO DATA,0,0,0,0,0,3,Disconnected
2026-10-08 13:14:42,NO DATA,0,0,0,0,0,3,Disconnected
2026-10-08 13:14:42,NO DATA,0,0,0,0,0,3,Disconnected
2026-10-08 13:14:42,NO DATA,0,0,0,0,0,3,Disconnected
2026-10-08 13:14:42,NO DATA,0,0,0,0,0,3,Disconnected
2026-10-08 13:14:42,NO DATA,0,0,0,0,0,3,Disconnected
2026-10-08 13:14:42,NO DATA,0,0,0,0,0,3,Disconnected
2026-10-08 13:14:42,NO DATA,0,0,0,0,0,3,Disconnected
2026-10-08 13:14:42,NO DATA,0,0,0,0,0,3,Disconnected
2026-10-08 13:14:43,NO DATA,0,0,0,0,0,3,Disconnected
2026-10-08 13:14:43,NO DATA,0,0,0,0,0,3,Disconnected
2026-10-08 13:14:43,NO DATA,0,0,0,0,0,3,Disconnected
2026-10-08 13:14:43,NO DATA,0,0,0,0,0,3,Disconnected
2026-10-08 13:14:43,NO DATA,0,0,0,0,0,3,Disconnected
2026-10-08 13:14:43,NO DATA,0,0,0,0,0,3,Disconnected
2026-10-08 13:14:43,NO DATA,0,0,0,0,0,3,Disconnected
2026-10-08 13:14:43,NO DATA,0,0,0,0,0,3,Disconnected
2026-10-08 13:14:43,NO DATA,0,0,0,0,0,3,Disconnected
2026-10-08 13:14:44,NO DATA,0,0,0,0,0,3,Disconnected
2026-10-08 13:14:44,NO DATA,0,0,0,0,0,3,Disconnected
2026-10-08 13:14:44,NO DATA,0,0,0,0,0,3,Disconnected
2026-10-08 13:14:44,NO DATA,0,0,0,0,0,3,Disconnected
2026-10-08 13:14:44,NO DATA,0,0,0,0,0,3,Disconnected
2026-10-08 13:14:44,NO DATA,0,0,0,0,0,3,Disconnected
2026-10-08 13:14:44,NO DATA,0,0,0,0,0,3,Disconnected
2026-10-08 13:14:44,NO DATA,0,0,0,0,0,3,Disconnected
2026-10-08 13:14:44,NO DATA,0,0,0,0,0,3,Disconnected
2026-10-08 13:14:45,NO DATA,0,0,0,0,0,3,Disconnected
2026-10-08 13:14:45,NO DATA,0,0,0,0,0,3,Disconnected
2026-10-08 13:14:45,NO DATA,0,0,0,0,0,3,Disconnected
2026-10-08 13:14:45,NO DATA,0,0,0,0,0,3,Disconnected
2026-10-08 13:14:45,NO DATA,0,0,0,0,0,3,Disconnected
2026-10-08 13:14:45,NO DATA,0,0,0,0,0,3,Disconnected
2026-10-08 13:14:45,NO DATA,0,0,0,0,0,3,Disconnected
2026-10-08 13:14:45,NO DATA,0,0,0,0,0,3,Disconnected
2026-10-08 13:14:45,NO DATA,0,0,0,0,0,3,Disconnected
2026-10-08 13:14:46,NO DATA,0,0,0,0,0,3,Disconnected
2026-10-08 13:14:46,NO DATA,0,0,0,0,0,3,Disconnected
2026-10-08 13:14:46,NO DATA,0,0,0,0,0,3,Disconnected
2026-10-08 13:14:46,NO DATA,0,0,0,0,0,3,Disconnected
2026-10-08 13:14:46,NO DATA,0,0,0,0,0,3,Disconnected
2026-10-08 13:14:46,NO DATA,0,0,0,0,0,3,Disconnected
2026-10-08 13:14:46,NO DATA,0,0,0,0,0,3,Disconnected
2026-10-08 13:14:46,NO DATA,0,0,0,0,0,3,Disconnected
2026-10-08 13:14:46,NO DATA,0,0,0,0,0,3,Disconnected
2026-10-08 13:14:47,NO DATA,0,0,0,0,0,3,Disconnected
2026-10-08 13:14:47,NO DATA,0,0,0,0,0,3,Disconnected
2026-10-08 13:14:47,NO DATA,0,0,0,0,0,3,Disconnected
2026-10-08 13:14:47,NO DATA,0,0,0,0,0,3,Disconnected
2026-10-08 13:14:47,NO DATA,0,0,0,0,0,3,Disconnected
2026-10-08 13:14:47,NO DATA,0,0,0,0,0,3,Disconnected
2026-10-08 13:14:47,NO DATA,0,0,0,0,0,3,Disconnected
2026-10-08 13:14:47,NO DATA,0,0,0,0,0,3,Disconnected
2026-10-08 13:14:47,NO DATA,0,0,0,0,0,3,Disconnected
2026-10-08 13:14:47,NO DATA,0,0,0,0,0,3,Disconnected
2026-10-08 13:14:48,NO DATA,0,0,0,0,0,3,Disconnected
2026-10-08 13:14:48,NO DATA,0,0,0,0,0,3,Disconnected
2026-10-08 13:14:48,NO DATA,0,0,0,0,0,3,Disconnected
2026-10-08 13:14:48,NO DATA,0,0,0,0,0,3,Disconnected
2026-10-08 13:14:48,NO DATA,0,0,0,0,0,3,Disconnected
2026-10-08 13:14:48,NO DATA,0,0,0,0,0,3,Disconnected
2026-10-08 13:14:48,NO DATA,0,0,0,0,0,3,Disconnected
2026-10-08 13:14:48,NO DATA,0,0,0,0,0,3,Disconnected
2026-10-08 13:14:48,NO DATA,0,0,0,0,0,3,Disconnected
2026-10-08 13:14:49,NO DATA,0,0,0,0,0,3,Disconnected
2026-10-08 13:14:49,NO DATA,0,0,0,0,0,3,Disconnected
2026-10-08 13:14:49,NO DATA,0,0,0,0,0,3,Disconnected
2026-10-08 13:14:49,NO DATA,0,0,0,0,0,3,Disconnected
2026-10-08 13:14:49,NO DATA,0,0,0,0,0,3,Disconnected
2026-10-08 13:14:49,NO DATA,0,0,0,0,0,3,Disconnected
2026-10-08 13:14:49,NO DATA,0,0,0,0,0,3,Disconnected
2026-10-08 13:14:49,NO DATA,0,0,0,0,0,3,Disconnected
2026-10-08 13:14:49,NO DATA,0,0,0,0,0,3,Disconnected
2026-10-08 13:14:50,NO DATA,0,0,0,0,0,3,Disconnected
2026-10-08 13:14:50,NO DATA,0,0,0,0,0,3,Disconnected
2026-10-08 13:14:50,NO DATA,0,0,0,0,0,3,Disconnected
2026-10-08 13:14:50,NO DATA,0,0,0,0,0,3,Disconnected
2026-10-08 13:14:50,NO DATA,0,0,0,0,0,3,Disconnected
2026-10-08 13:14:50,NO DATA,0,0,0,0,0,3,Disconnected
2026-10-08 13:14:50,NO DATA,0,0,0,0,0,3,Disconnected
2026-10-08 13:14:50,NO DATA,0,0,0,0,0,3,Disconnected
2026-10-08 13:14:50,NO DATA,0,0,0,0,0,3,Disconnected
2026-10-08 13:14:51,NO DATA,0,0,0,0,0,3,Disconnected
2026-10-08 13:14:51,NO DATA,0,0,0,0,0,3,Disconnected
2026-10-08 13:14:51,NO DATA,0,0,0,0,0,3,Disconnected
2026-10-08 13:14:51,NO DATA,0,0,0,0,0,3,Disconnected
2026-10-08 13:14:51,NO DATA,0,0,0,0,0,3,Disconnected
2026-10-08 13:14:51,NO DATA,0,0,0,0,0,3,Disconnected
2026-10-08 13:14:51,NO DATA,0,0,0,0,0,3,Disconnected
2026-10-08 13:14:51,NO DATA,0,0,0,0,0,3,Disconnected
2026-10-08 13:14:51,NO DATA,0,0,0,0,0,3,Disconnected
2026-10-08 13:14:52,NO DATA,0,0,0,0,0,3,Disconnected
2026-10-08 13:14:52,NO DATA,0,0,0,0,0,3,Disconnected
2026-10-08 13:14:52,NO DATA,0,0,0,0,0,3,Disconnected
2026-10-08 13:14:52,NO DATA,0,0,0,0,0,3,Disconnected
2026-10-08 13:14:52,NO DATA,0,0,0,0,0,3,Disconnected
2026-10-08 13:14:52,NO DATA,0,0,0,0,0,3,Disconnected
2026-10-08 13:14:52,NO DATA,0,0,0,0,0,3,Disconnected
2026-10-08 13:14:52,NO DATA,0,0,0,0,0,3,Disconnected
2026-10-08 13:14:52,NO DATA,0,0,0,0,0,3,Disconnected
2026-10-08 13:14:53,NO DATA,0,0,0,0,0,3,Disconnected
2026-10-08 13:14:53,NO DATA,0,0,0,0,0,3,Disconnected
2026-10-08 13:14:53,NO DATA,0,0,0,0,0,3,Disconnected
2026-10-08 13:14:53,NO DATA,0,0,0,0,0,3,Disconnected
2026-10-08 13:14:53,NO DATA,0,0,0,0,0,3,Disconnected
2026-10-08 13:14:53,NO DATA,0,0,0,0,0,3,Disconnected
2026-10-08 13:14:53,NO DATA,0,0,0,0,0,3,Disconnected
2026-10-08 13:14:53,NO DATA,0,0,0,0,0,3,Disconnected
2026-10-08 13:14:53,NO DATA,0,0,0,0,0,3,Disconnected
2026-10-08 13:14:53,NO DATA,0,0,0,0,0,3,Disconnected
2026-10-08 13:14:54,NO DATA,0,0,0,0,0,3,Disconnected
2026-10-08 13:14:54,NO DATA,0,0,0,0,0,3,Disconnected
2026-10-08 13:14:54,NO DATA,0,0,0,0,0,3,Disconnected
2026-10-08 13:14:54,NO DATA,0,0,0,0,0,3,Disconnected
2026-10-08 13:14:54,NO DATA,0,0,0,0,0,3,Disconnected
2026-10-08 13:14:54,NO DATA,0,0,0,0,0,3,Disconnected
2026-10-08 13:14:54,NO DATA,0,0,0,0,0,3,Disconnected
2026-10-08 13:14:54,NO DATA,0,0,0,0,0,3,Disconnected
2026-10-08 13:14:54,NO DATA,0,0,0,0,0,3,Disconnected
2026-10-08 13:14:55,NO DATA,0,0,0,0,0,3,Disconnected
2026-10-08 13:14:55,NO DATA,0,0,0,0,0,3,Disconnected
2026-10-08 13:14:55,NO DATA,0,0,0,0,0,3,Disconnected
2026-10-08 13:14:55,NO DATA,0,0,0,0,0,3,Disconnected
2026-10-08 13:14:55,NO DATA,0,0,0,0,0,3,Disconnected
2026-10-08 13:14:55,NO DATA,0,0,0,0,0,3,Disconnected
2026-10-08 13:14:55,NO DATA,0,0,0,0,0,3,Disconnected
2026-10-08 13:14:55,NO DATA,0,0,0,0,0,3,Disconnected
2026-10-08 13:14:55,NO DATA,0,0,0,0,0,3,Disconnected
2026-10-08 13:14:56,NO DATA,0,0,0,0,0,3,Disconnected
2026-10-08 13:14:56,NO DATA,0,0,0,0,0,3,Disconnected
2026-10-08 13:14:56,NO DATA,0,0,0,0,0,3,Disconnected
2026-10-08 13:14:56,NO DATA,0,0,0,0,0,3,Disconnected
2026-10-08 13:14:56,NO DATA,0,0,0,0,0,3,Disconnected
2026-10-08 13:14:56,NO DATA,0,0,0,0,0,3,Disconnected
2026-10-08 13:14:56,NO DATA,0,0,0,0,0,3,Disconnected
2026-10-08 13:14:56,NO DATA,0,0,0,0,0,3,Disconnected
2026-10-08 13:14:56,NO DATA,0,0,0,0,0,3,Disconnected
2026-10-08 13:14:57,NO DATA,0,0,0,0,0,3,Disconnected
2026-10-08 13:14:57,NO DATA,0,0,0,0,0,3,Disconnected
2026-10-08 13:14:57,NO DATA,0,0,0,0,0,3,Disconnected
2026-10-08 13:14:57,NO DATA,0,0,0,0,0,3,Disconnected
2026-10-08 13:14:57,NO DATA,0,0,0,0,0,3,Disconnected
2026-10-08 13:14:57,NO DATA,0,0,0,0,0,3,Disconnected
2026-10-08 13:14:57,NO DATA,0,0,0,0,0,3,Disconnected
2026-10-08 13:14:57,NO DATA,0,0,0,0,0,3,Disconnected
2026-10-08 13:14:57,NO DATA,0,0,0,0,0,3,Disconnected
2026-10-08 13:14:58,NO DATA,0,0,0,0,0,3,Disconnected
2026-10-08 13:14:58,NO DATA,0,0,0,0,0,3,Disconnected
2026-10-08 13:14:58,NO DATA,0,0,0,0,0,3,Disconnected
2026-10-08 13:14:58,NO DATA,0,0,0,0,0,3,Disconnected
2026-10-08 13:14:58,NO DATA,0,0,0,0,0,3,Disconnected
2026-10-08 13:14:58,NO DATA,0,0,0,0,0,3,Disconnected
2026-10-08 13:14:58,NO DATA,0,0,0,0,0,3,Disconnected
2026-10-08 13:14:58,NO DATA,0,0,0,0,0,3,Disconnected
2026-10-08 13:14:58,NO DATA,0,0,0,0,0,3,Disconnected
2026-10-08 13:14:58,NO DATA,0,0,0,0,0,3,Disconnected
2026-10-08 13:14:59,NO DATA,0,0,0,0,0,3,Disconnected
2026-10-08 13:14:59,NO DATA,0,0,0,0,0,3,Disconnected
2026-10-08 13:14:59,NO DATA,0,0,0,0,0,3,Disconnected
2026-10-08 13:14:59,NO DATA,0,0,0,0,0,3,Disconnected
2026-10-08 13:14:59,NO DATA,0,0,0,0,0,3,Disconnected
2026-10-08 13:14:59,NO DATA,0,0,0,0,0,3,Disconnected
2026-10-08 13:14:59,NO DATA,0,0,0,0,0,3,Disconnected
2026-10-08 13:14:59,NO DATA,0,0,0,0,0,3,Disconnected
2026-10-08 13:14:59,NO DATA,0,0,0,0,0,3,Disconnected
2026-10-08 13:15:00,NO DATA,0,0,0,0,0,3,Disconnected
2026-10-08 13:15:00,NO DATA,0,0,0,0,0,3,Disconnected
2026-10-08 13:15:00,NO DATA,0,0,0,0,0,3,Disconnected
2026-10-08 13:15:00,NO DATA,0,0,0,0,0,3,Disconnected
2026-10-08 13:15:00,NO DATA,0,0,0,0,0,3,Disconnected
2026-10-08 13:15:00,NO DATA,0,0,0,0,0,3,Disconnected
2026-10-08 13:15:00,NO DATA,0,0,0,0,0,3,Disconnected
2026-10-08 13:15:00,NO DATA,0,0,0,0,0,3,Disconnected
2026-10-08 13:15:00,NO DATA,0,0,0,0,0,3,Disconnected
2026-10-08 13:15:01,NO DATA,0,0,0,0,0,3,Disconnected
2026-10-08 13:15:01,NO DATA,0,0,0,0,0,3,Disconnected
2026-10-08 13:15:01,NO DATA,0,0,0,0,0,3,Disconnected
2026-10-08 13:15:01,NO DATA,0,0,0,0,0,3,Disconnected
2026-10-08 13:15:01,NO DATA,0,0,0,0,0,3,Disconnected
2026-10-08 13:15:01,NO DATA,0,0,0,0,0,3,Disconnected
2026-10-08 13:15:01,NO DATA,0,0,0,0,0,3,Disconnected
2026-10-08 13:15:01,NO DATA,0,0,0,0,0,3,Disconnected
2026-10-08 13:15:01,NO DATA,0,0,0,0,0,3,Disconnected
2026-10-08 13:15:02,NO DATA,0,0,0,0,0,3,Disconnected
2026-10-08 13:15:02,NO DATA,0,0,0,0,0,3,Disconnected
2026-10-08 13:15:02,NO DATA,0,0,0,0,0,3,Disconnected
2026-10-08 13:15:02,NO DATA,0,0,0,0,0,3,Disconnected
2026-10-08 13:15:02,NO DATA,0,0,0,0,0,3,Disconnected
2026-10-08 13:15:02,NO DATA,0,0,0,0,0,3,Disconnected
2026-10-08 13:15:02,NO DATA,0,0,0,0,0,3,Disconnected
2026-10-08 13:15:02,NO DATA,0,0,0,0,0,3,Disconnected
2026-10-08 13:15:02,NO DATA,0,0,0,0,0,3,Disconnected
2026-10-08 13:15:03,NO DATA,0,0,0,0,0,3,Disconnected
2026-10-08 13:15:03,NO DATA,0,0,0,0,0,3,Disconnected
2026-10-08 13:15:03,NO DATA,0,0,0,0,0,3,Disconnected
2026-10-08 13:15:03,NO DATA,0,0,0,0,0,3,Disconnected
2026-10-08 13:15:03,NO DATA,0,0,0,0,0,3,Disconnected
2026-10-08 13:15:03,NO DATA,0,0,0,0,0,3,Disconnected
2026-10-08 13:15:03,NO DATA,0,0,0,0,0,3,Disconnected
2026-10-08 13:15:03,NO DATA,0,0,0,0,0,3,Disconnected
2026-10-08 13:15:03,NO DATA,0,0,0,0,0,3,Disconnected
2026-10-08 13:15:03,NO DATA,0,0,0,0,0,3,Disconnected
2026-10-08 13:15:04,NO DATA,0,0,0,0,0,3,Disconnected
2026-10-08 13:15:04,NO DATA,0,0,0,0,0,3,Disconnected
2026-10-08 13:15:04,NO DATA,0,0,0,0,0,3,Disconnected
2026-10-08 13:15:04,NO DATA,0,0,0,0,0,3,Disconnected
2026-10-08 13:15:04,NO DATA,0,0,0,0,0,3,Disconnected
2026-10-08 13:15:04,NO DATA,0,0,0,0,0,3,Disconnected
2026-10-08 13:15:04,NO DATA,0,0,0,0,0,3,Disconnected
2026-10-08 13:15:04,NO DATA,0,0,0,0,0,3,Disconnected
2026-10-08 13:15:04,NO DATA,0,0,0,0,0,3,Disconnected
2026-10-08 13:15:05,NO DATA,0,0,0,0,0,3,Disconnected
2026-10-08 13:15:05,NO DATA,0,0,0,0,0,3,Disconnected
2026-10-08 13:15:05,NO DATA,0,0,0,0,0,3,Disconnected
2026-10-08 13:15:05,NO DATA,0,0,0,0,0,3,Disconnected
2026-10-08 13:15:05,NO DATA,0,0,0,0,0,3,Disconnected
2026-10-08 13:15:05,NO DATA,0,0,0,0,0,3,Disconnected
2026-10-08 13:15:05,NO DATA,0,0,0,0,0,3,Disconnected
2026-10-08 13:15:05,NO DATA,0,0,0,0,0,3,Disconnected
2026-10-08 13:15:05,NO DATA,0,0,0,0,0,3,Disconnected
2026-10-08 13:15:06,NO DATA,0,0,0,0,0,3,Disconnected
2026-10-08 13:15:06,NO DATA,0,0,0,0,0,3,Disconnected
2026-10-08 13:15:06,NO DATA,0,0,0,0,0,3,Disconnected
2026-10-08 13:15:06,NO DATA,0,0,0,0,0,3,Disconnected
2026-10-08 13:15:06,NO DATA,0,0,0,0,0,3,Disconnected
2026-10-08 13:15:06,NO DATA,0,0,0,0,0,3,Disconnected
2026-10-08 13:15:06,NO DATA,0,0,0,0,0,3,Disconnected
2026-10-08 13:15:06,NO DATA,0,0,0,0,0,3,Disconnected
2026-10-08 13:15:06,NO DATA,0,0,0,0,0,3,Disconnected
2026-10-08 13:15:07,NO DATA,0,0,0,0,0,3,Disconnected
2026-10-08 13:15:07,NO DATA,0,0,0,0,0,3,Disconnected
2026-10-08 13:15:07,NO DATA,0,0,0,0,0,3,Disconnected
2026-10-08 13:15:07,NO DATA,0,0,0,0,0,3,Disconnected
2026-10-08 13:15:07,NO DATA,0,0,0,0,0,3,Disconnected
2026-10-08 13:15:07,NO DATA,0,0,0,0,0,3,Disconnected
2026-10-08 13:15:07,NO DATA,0,0,0,0,0,3,Disconnected
2026-10-08 13:15:07,NO DATA,0,0,0,0,0,3,Disconnected
2026-10-08 13:15:07,NO DATA,0,0,0,0,0,3,Disconnected
2026-10-08 13:15:08,NO DATA,0,0,0,0,0,3,Disconnected
2026-10-08 13:15:08,NO DATA,0,0,0,0,0,3,Disconnected
2026-10-08 13:15:08,NO DATA,0,0,0,0,0,3,Disconnected
2026-10-08 13:15:08,NO DATA,0,0,0,0,0,3,Disconnected
2026-10-08 13:15:08,NO DATA,0,0,0,0,0,3,Disconnected
2026-10-08 13:15:08,NO DATA,0,0,0,0,0,3,Disconnected
2026-10-08 13:15:08,NO DATA,0,0,0,0,0,3,Disconnected
2026-10-08 13:15:08,NO DATA,0,0,0,0,0,3,Disconnected
2026-10-08 13:15:08,NO DATA,0,0,0,0,0,3,Disconnected
2026-10-08 13:15:09,NO DATA,0,0,0,0,0,3,Disconnected
2026-10-08 13:15:09,NO DATA,0,0,0,0,0,3,Disconnected
2026-10-08 13:15:09,NO DATA,0,0,0,0,0,3,Disconnected
2026-10-08 13:15:09,NO DATA,0,0,0,0,0,3,Disconnected
2026-10-08 13:15:09,NO DATA,0,0,0,0,0,3,Disconnected
2026-10-08 13:15:09,NO DATA,0,0,0,0,0,3,Disconnected
2026-10-08 13:15:09,NO DATA,0,0,0,0,0,3,Disconnected
2026-10-08 13:15:09,NO DATA,0,0,0,0,0,3,Disconnected
2026-10-08 13:15:09,NO DATA,0,0,0,0,0,3,Disconnected
2026-10-08 13:15:09,NO DATA,0,0,0,0,0,3,Disconnected
2026-10-08 13:15:10,NO DATA,0,0,0,0,0,3,Disconnected
2026-10-08 13:15:10,NO DATA,0,0,0,0,0,3,Disconnected
2026-10-08 13:15:10,NO DATA,0,0,0,0,0,3,Disconnected
2026-10-08 13:15:10,NO DATA,0,0,0,0,0,3,Disconnected
2026-10-08 13:15:10,NO DATA,0,0,0,0,0,3,Disconnected
2026-10-08 13:15:10,NO DATA,0,0,0,0,0,3,Disconnected
2026-10-08 13:15:10,NO DATA,0,0,0,0,0,3,Disconnected
2026-10-08 13:15:10,NO DATA,0,0,0,0,0,3,Disconnected
2026-10-08 13:15:10,NO DATA,0,0,0,0,0,3,Disconnected
2026-10-08 13:15:11,NO DATA,0,0,0,0,0,3,Disconnected
2026-10-08 13:15:11,NO DATA,0,0,0,0,0,3,Disconnected
2026-10-08 13:15:11,NO DATA,0,0,0,0,0,3,Disconnected
2026-10-08 13:15:11,NO DATA,0,0,0,0,0,3,Disconnected
2026-10-08 13:15:11,NO DATA,0,0,0,0,0,3,Disconnected
2026-10-08 13:15:11,NO DATA,0,0,0,0,0,3,Disconnected
2026-10-08 13:15:11,NO DATA,0,0,0,0,0,3,Disconnected
2026-10-08 13:15:11,NO DATA,0,0,0,0,0,3,Disconnected
2026-10-08 13:15:11,NO DATA,0,0,0,0,0,3,Disconnected
2026-10-08 13:15:12,NO DATA,0,0,0,0,0,3,Disconnected
2026-10-08 13:15:12,NO DATA,0,0,0,0,0,3,Disconnected
2026-10-08 13:15:12,NO DATA,0,0,0,0,0,3,Disconnected
2026-10-08 13:15:12,NO DATA,0,0,0,0,0,3,Disconnected
2026-10-08 13:15:12,NO DATA,0,0,0,0,0,3,Disconnected
2026-10-08 13:15:12,NO DATA,0,0,0,0,0,3,Disconnected
2026-10-08 13:15:12,NO DATA,0,0,0,0,0,3,Disconnected
2026-10-08 13:15:12,NO DATA,0,0,0,0,0,3,Disconnected
2026-10-08 13:15:12,NO DATA,0,0,0,0,0,3,Disconnected
2026-10-08 13:15:13,NO DATA,0,0,0,0,0,3,Disconnected
2026-10-08 13:15:13,NO DATA,0,0,0,0,0,3,Disconnected
2026-10-08 13:15:13,NO DATA,0,0,0,0,0,3,Disconnected
2026-10-08 13:15:13,NO DATA,0,0,0,0,0,3,Disconnected
2026-10-08 13:15:13,NO DATA,0,0,0,0,0,3,Disconnected
2026-10-08 13:15:13,NO DATA,0,0,0,0,0,3,Disconnected
2026-10-08 13:15:13,NO DATA,0,0,0,0,0,3,Disconnected
2026-10-08 13:15:13,NO DATA,0,0,0,0,0,3,Disconnected
2026-10-08 13:15:13,NO DATA,0,0,0,0,0,3,Disconnected
2026-10-08 13:15:14,NO DATA,0,0,0,0,0,3,Disconnected
2026-10-08 13:15:14,NO DATA,0,0,0,0,0,3,Disconnected
2026-10-08 13:15:14,NO DATA,0,0,0,0,0,3,Disconnected
2026-10-08 13:15:14,NO DATA,0,0,0,0,0,3,Disconnected
2026-10-08 13:15:14,NO DATA,0,0,0,0,0,3,Disconnected
2026-10-08 13:15:14,NO DATA,0,0,0,0,0,3,Disconnected
2026-10-08 13:15:14,NO DATA,0,0,0,0,0,3,Disconnected
2026-10-08 13:15:14,NO DATA,0,0,0,0,0,3,Disconnected
2026-10-08 13:15:14,NO DATA,0,0,0,0,0,3,Disconnected
2026-10-08 13:15:15,NO DATA,0,0,0,0,0,3,Disconnected
2026-10-08 13:15:15,NO DATA,0,0,0,0,0,3,Disconnected
2026-10-08 13:15:15,NO DATA,0,0,0,0,0,3,Disconnected
2026-10-08 13:15:15,NO DATA,0,0,0,0,0,3,Disconnected
2026-10-08 13:15:15,NO DATA,0,0,0,0,0,3,Disconnected
2026-10-08 13:15:15,NO DATA,0,0,0,0,0,3,Disconnected
2026-10-08 13:15:15,NO DATA,0,0,0,0,0,3,Disconnected
2026-10-08 13:15:15,NO DATA,0,0,0,0,0,3,Disconnected
2026-10-08 13:15:15,NO DATA,0,0,0,0,0,3,Disconnected
2026-10-08 13:15:15,NO DATA,0,0,0,0,0,3,Disconnected
2026-10-08 13:15:16,NO DATA,0,0,0,0,0,3,Disconnected
2026-10-08 13:15:16,NO DATA,0,0,0,0,0,3,Disconnected
2026-10-08 13:15:16,NO DATA,0,0,0,0,0,3,Disconnected
2026-10-08 13:15:16,NO DATA,0,0,0,0,0,3,Disconnected
2026-10-08 13:15:16,NO DATA,0,0,0,0,0,3,Disconnected
2026-10-08 13:15:16,NO DATA,0,0,0,0,0,3,Disconnected
2026-10-08 13:15:16,NO DATA,0,0,0,0,0,3,Disconnected
2026-10-08 13:15:16,NO DATA,0,0,0,0,0,3,Disconnected
2026-10-08 13:15:16,NO DATA,0,0,0,0,0,3,Disconnected
2026-10-08 13:15:17,NO DATA,0,0,0,0,0,3,Disconnected
2026-10-08 13:15:17,NO DATA,0,0,0,0,0,3,Disconnected
2026-10-08 13:15:17,NO DATA,0,0,0,0,0,3,Disconnected
2026-10-08 13:15:17,NO DATA,0,0,0,0,0,3,Disconnected
2026-10-08 13:15:17,NO DATA,0,0,0,0,0,3,Disconnected
2026-10-08 13:15:17,NO DATA,0,0,0,0,0,3,Disconnected
2026-10-08 13:15:17,NO DATA,0,0,0,0,0,3,Disconnected
2026-10-08 13:15:17,NO DATA,0,0,0,0,0,3,Disconnected
2026-10-08 13:15:17,NO DATA,0,0,0,0,0,3,Disconnected
2026-10-08 13:15:18,NO DATA,0,0,0,0,0,3,Disconnected
2026-10-08 13:15:18,NO DATA,0,0,0,0,0,3,Disconnected
2026-10-08 13:15:18,NO DATA,0,0,0,0,0,3,Disconnected
2026-10-08 13:15:18,NO DATA,0,0,0,0,0,3,Disconnected
2026-10-08 13:15:18,NO DATA,0,0,0,0,0,3,Disconnected
2026-10-08 13:15:18,NO DATA,0,0,0,0,0,3,Disconnected
2026-10-08 13:15:18,NO DATA,0,0,0,0,0,3,Disconnected
2026-10-08 13:15:18,NO DATA,0,0,0,0,0,3,Disconnected
2026-10-08 13:15:18,NO DATA,0,0,0,0,0,3,Disconnected
2026-10-08 13:15:19,NO DATA,0,0,0,0,0,3,Disconnected
2026-10-08 13:15:19,NO DATA,0,0,0,0,0,3,Disconnected
2026-10-08 13:15:19,NO DATA,0,0,0,0,0,3,Disconnected
2026-10-08 13:15:19,NO DATA,0,0,0,0,0,3,Disconnected
2026-10-08 13:15:19,NO DATA,0,0,0,0,0,3,Disconnected
2026-10-08 13:15:19,NO DATA,0,0,0,0,0,3,Disconnected
2026-10-08 13:15:19,NO DATA,0,0,0,0,0,3,Disconnected
2026-10-08 13:15:19,NO DATA,0,0,0,0,0,3,Disconnected
2026-10-08 13:15:19,NO DATA,0,0,0,0,0,3,Disconnected
2026-10-08 13:15:20,NO DATA,0,0,0,0,0,3,Disconnected
2026-10-08 13:15:20,NO DATA,0,0,0,0,0,3,Disconnected
2026-10-08 13:15:20,NO DATA,0,0,0,0,0,3,Disconnected
2026-10-08 13:15:20,NO DATA,0,0,0,0,0,3,Disconnected
2026-10-08 13:15:20,NO DATA,0,0,0,0,0,3,Disconnected
2026-10-08 13:15:20,NO DATA,0,0,0,0,0,3,Disconnected
2026-10-08 13:15:20,NO DATA,0,0,0,0,0,3,Disconnected
2026-10-08 13:15:20,NO DATA,0,0,0,0,0,3,Disconnected
2026-10-08 13:15:20,NO DATA,0,0,0,0,0,3,Disconnected
2026-10-08 13:15:21,NO DATA,0,0,0,0,0,3,Disconnected
2026-10-08 13:15:21,NO DATA,0,0,0,0,0,3,Disconnected
2026-10-08 13:15:21,NO DATA,0,0,0,0,0,3,Disconnected
2026-10-08 13:15:21,NO DATA,0,0,0,0,0,3,Disconnected
2026-10-08 13:15:21,NO DATA,0,0,0,0,0,3,Disconnected
2026-10-08 13:15:21,NO DATA,0,0,0,0,0,3,Disconnected
2026-10-08 13:15:21,NO DATA,0,0,0,0,0,3,Disconnected
2026-10-08 13:15:21,NO DATA,0,0,0,0,0,3,Disconnected
2026-10-08 13:15:21,NO DATA,0,0,0,0,0,3,Disconnected
2026-10-08 13:15:21,NO DATA,0,0,0,0,0,3,Disconnected
2026-10-08 13:15:22,NO DATA,0,0,0,0,0,3,Disconnected
2026-10-08 13:15:22,NO DATA,0,0,0,0,0,3,Disconnected
2026-10-08 13:15:22,NO DATA,0,0,0,0,0,3,Disconnected
2026-10-08 13:15:22,NO DATA,0,0,0,0,0,3,Disconnected
2026-10-08 13:15:22,NO DATA,0,0,0,0,0,3,Disconnected
2026-10-08 13:15:22,NO DATA,0,0,0,0,0,3,Disconnected
2026-10-08 13:15:22,NO DATA,0,0,0,0,0,3,Disconnected
2026-10-08 13:15:22,NO DATA,0,0,0,0,0,3,Disconnected
2026-10-08 13:15:22,NO DATA,0,0,0,0,0,3,Disconnected
2026-10-08 13:15:23,NO DATA,0,0,0,0,0,3,Disconnected
2026-10-08 13:15:23,NO DATA,0,0,0,0,0,3,Disconnected
2026-10-08 13:15:23,NO DATA,0,0,0,0,0,3,Disconnected
2026-10-08 13:15:23,NO DATA,0,0,0,0,0,3,Disconnected
2026-10-08 13:15:23,NO DATA,0,0,0,0,0,3,Disconnected
2026-10-08 13:15:23,NO DATA,0,0,0,0,0,3,Disconnected
2026-10-08 13:15:23,NO DATA,0,0,0,0,0,3,Disconnected
2026-10-08 13:15:23,NO DATA,0,0,0,0,0,3,Disconnected
2026-10-08 13:15:23,NO DATA,0,0,0,0,0,3,Disconnected
2026-10-08 13:15:24,NO DATA,0,0,0,0,0,3,Disconnected
2026-10-08 13:15:24,NO DATA,0,0,0,0,0,3,Disconnected
2026-10-08 13:15:24,NO DATA,0,0,0,0,0,3,Disconnected
2026-10-08 13:15:24,NO DATA,0,0,0,0,0,3,Disconnected
2026-10-08 13:15:24,NO DATA,0,0,0,0,0,3,Disconnected
2026-10-08 13:15:24,NO DATA,0,0,0,0,0,3,Disconnected
2026-10-08 13:15:24,NO DATA,0,0,0,0,0,3,Disconnected
2026-10-08 13:15:24,NO DATA,0,0,0,0,0,3,Disconnected
2026-10-08 13:15:25,NO DATA,0,0,0,0,0,3,Disconnected
2026-10-08 13:15:25,NO DATA,0,0,0,0,0,3,Disconnected
2026-10-08 13:15:25,NO DATA,0,0,0,0,0,3,Disconnected
2026-10-08 13:15:25,NO DATA,0,0,0,0,0,3,Disconnected
2026-10-08 13:15:25,NO DATA,0,0,0,0,0,3,Disconnected
2026-10-08 13:15:25,NO DATA,0,0,0,0,0,3,Disconnected
2026-10-08 13:15:25,NO DATA,0,0,0,0,0,3,Disconnected
2026-10-08 13:15:25,NO DATA,0,0,0,0,0,3,Disconnected
2026-10-08 13:15:25,NO DATA,0,0,0,0,0,3,Disconnected
2026-10-08 13:15:26,NO DATA,0,0,0,0,0,3,Disconnected
2026-10-08 13:15:26,NO DATA,0,0,0,0,0,3,Disconnected
2026-10-08 13:15:26,NO DATA,0,0,0,0,0,3,Disconnected
2026-10-08 13:15:26,NO DATA,0,0,0,0,0,3,Disconnected
2026-10-08 13:15:26,NO DATA,0,0,0,0,0,3,Disconnected
2026-10-08 13:15:26,NO DATA,0,0,0,0,0,3,Disconnected
2026-10-08 13:15:26,NO DATA,0,0,0,0,0,3,Disconnected
2026-10-08 13:15:26,NO DATA,0,0,0,0,0,3,Disconnected
2026-10-08 13:15:26,NO DATA,0,0,0,0,0,3,Disconnected
2026-10-08 13:15:27,NO DATA,0,0,0,0,0,3,Disconnected
2026-10-08 13:15:27,NO DATA,0,0,0,0,0,3,Disconnected
2026-10-08 13:15:27,NO DATA,0,0,0,0,0,3,Disconnected
2026-10-08 13:15:27,NO DATA,0,0,0,0,0,3,Disconnected
2026-10-08 13:15:27,NO DATA,0,0,0,0,0,3,Disconnected
2026-10-08 13:15:27,NO DATA,0,0,0,0,0,3,Disconnected
2026-10-08 13:15:27,NO DATA,0,0,0,0,0,3,Disconnected
2026-10-08 13:15:27,NO DATA,0,0,0,0,0,3,Disconnected
2026-10-08 13:15:27,NO DATA,0,0,0,0,0,3,Disconnected
2026-10-08 13:15:28,NO DATA,0,0,0,0,0,3,Disconnected
2026-10-08 13:15:28,NO DATA,0,0,0,0,0,3,Disconnected
2026-10-08 13:15:28,NO DATA,0,0,0,0,0,3,Disconnected
2026-10-08 13:15:28,NO DATA,0,0,0,0,0,3,Disconnected
2026-10-08 13:15:28,NO DATA,0,0,0,0,0,3,Disconnected
2026-10-08 13:15:28,NO DATA,0,0,0,0,0,3,Disconnected
2026-10-08 13:15:28,NO DATA,0,0,0,0,0,3,Disconnected
2026-10-08 13:15:28,NO DATA,0,0,0,0,0,3,Disconnected
2026-10-08 13:15:28,NO DATA,0,0,0,0,0,3,Disconnected
2026-10-08 13:15:29,NO DATA,0,0,0,0,0,3,Disconnected
2026-10-08 13:15:29,NO DATA,0,0,0,0,0,3,Disconnected
2026-10-08 13:15:29,NO DATA,0,0,0,0,0,3,Disconnected
2026-10-08 13:15:29,NO DATA,0,0,0,0,0,3,Disconnected
2026-10-08 13:15:29,NO DATA,0,0,0,0,0,3,Disconnected
2026-10-08 13:15:29,NO DATA,0,0,0,0,0,3,Disconnected
2026-10-08 13:15:29,NO DATA,0,0,0,0,0,3,Disconnected
2026-10-08 13:15:29,NO DATA,0,0,0,0,0,3,Disconnected
2026-10-08 13:15:29,NO DATA,0,0,0,0,0,3,Disconnected
2026-10-08 13:15:30,NO DATA,0,0,0,0,0,3,Disconnected
2026-10-08 13:15:30,NO DATA,0,0,0,0,0,3,Disconnected
2026-10-08 13:15:30,NO DATA,0,0,0,0,0,3,Disconnected
2026-10-08 13:15:30,NO DATA,0,0,0,0,0,3,Disconnected
2026-10-08 13:15:30,NO DATA,0,0,0,0,0,3,Disconnected
2026-10-08 13:15:30,NO DATA,0,0,0,0,0,3,Disconnected
2026-10-08 13:15:30,NO DATA,0,0,0,0,0,3,Disconnected
2026-10-08 13:15:30,NO DATA,0,0,0,0,0,3,Disconnected
2026-10-08 13:15:30,NO DATA,0,0,0,0,0,3,Disconnected
2026-10-08 13:15:30,NO DATA,0,0,0,0,0,3,Disconnected
2026-10-08 13:15:31,NO DATA,0,0,0,0,0,3,Disconnected
2026-10-08 13:15:31,NO DATA,0,0,0,0,0,3,Disconnected
2026-10-08 13:15:31,NO DATA,0,0,0,0,0,3,Disconnected
2026-10-08 13:15:31,NO DATA,0,0,0,0,0,3,Disconnected
2026-10-08 13:15:31,NO DATA,0,0,0,0,0,3,Disconnected
2026-10-08 13:15:31,NO DATA,0,0,0,0,0,3,Disconnected
2026-10-08 13:15:31,NO DATA,0,0,0,0,0,3,Disconnected
2026-10-08 13:15:31,NO DATA,0,0,0,0,0,3,Disconnected
2026-10-08 13:15:31,NO DATA,0,0,0,0,0,3,Disconnected
2026-10-08 13:15:32,NO DATA,0,0,0,0,0,3,Disconnected
2026-10-08 13:15:32,NO DATA,0,0,0,0,0,3,Disconnected
2026-10-08 13:15:32,NO DATA,0,0,0,0,0,3,Disconnected
2026-10-08 13:15:32,NO DATA,0,0,0,0,0,3,Disconnected
2026-10-08 13:15:32,NO DATA,0,0,0,0,0,3,Disconnected
2026-10-08 13:15:32,NO DATA,0,0,0,0,0,3,Disconnected
2026-10-08 13:15:32,NO DATA,0,0,0,0,0,3,Disconnected
2026-10-08 13:15:32,NO DATA,0,0,0,0,0,3,Disconnected
2026-10-08 13:15:32,NO DATA,0,0,0,0,0,3,Disconnected
2026-10-08 13:15:33,NO DATA,0,0,0,0,0,3,Disconnected
2026-10-08 13:15:33,NO DATA,0,0,0,0,0,3,Disconnected
2026-10-08 13:15:33,NO DATA,0,0,0,0,0,3,Disconnected
2026-10-08 13:15:33,NO DATA,0,0,0,0,0,3,Disconnected
2026-10-08 13:15:33,NO DATA,0,0,0,0,0,3,Disconnected
2026-10-08 13:15:33,NO DATA,0,0,0,0,0,3,Disconnected
2026-10-08 13:15:33,NO DATA,0,0,0,0,0,3,Disconnected
2026-10-08 13:15:33,NO DATA,0,0,0,0,0,3,Disconnected
2026-10-08 13:15:33,NO DATA,0,0,0,0,0,3,Disconnected
2026-10-08 13:15:34,NO DATA,0,0,0,0,0,3,Disconnected
2026-10-08 13:15:34,NO DATA,0,0,0,0,0,3,Disconnected
2026-10-08 13:15:34,NO DATA,0,0,0,0,0,3,Disconnected
2026-10-08 13:15:34,NO DATA,0,0,0,0,0,3,Disconnected
2026-10-08 13:15:34,NO DATA,0,0,0,0,0,3,Disconnected
2026-10-08 13:15:34,NO DATA,0,0,0,0,0,3,Disconnected
2026-10-08 13:15:34,NO DATA,0,0,0,0,0,3,Disconnected
2026-10-08 13:15:34,NO DATA,0,0,0,0,0,3,Disconnected
2026-10-08 13:15:34,NO DATA,0,0,0,0,0,3,Disconnected
2026-10-08 13:15:35,NO DATA,0,0,0,0,0,3,Disconnected
2026-10-08 13:15:35,NO DATA,0,0,0,0,0,3,Disconnected
2026-10-08 13:15:35,NO DATA,0,0,0,0,0,3,Disconnected
2026-10-08 13:15:35,NO DATA,0,0,0,0,0,3,Disconnected
2026-10-08 13:15:35,NO DATA,0,0,0,0,0,3,Disconnected
2026-10-08 13:15:35,NO DATA,0,0,0,0,0,3,Disconnected
2026-10-08 13:15:35,NO DATA,0,0,0,0,0,3,Disconnected
2026-10-08 13:15:35,NO DATA,0,0,0,0,0,3,Disconnected
2026-10-08 13:15:35,NO DATA,0,0,0,0,0,3,Disconnected
2026-10-08 13:15:36,NO DATA,0,0,0,0,0,3,Disconnected
2026-10-08 13:15:36,NO DATA,0,0,0,0,0,3,Disconnected
2026-10-08 13:15:36,NO DATA,0,0,0,0,0,3,Disconnected
2026-10-08 13:15:36,NO DATA,0,0,0,0,0,3,Disconnected
2026-10-08 13:15:36,NO DATA,0,0,0,0,0,3,Disconnected
2026-10-08 13:15:36,NO DATA,0,0,0,0,0,3,Disconnected
2026-10-08 13:15:36,NO DATA,0,0,0,0,0,3,Disconnected
2026-10-08 13:15:36,NO DATA,0,0,0,0,0,3,Disconnected
2026-10-08 13:15:36,NO DATA,0,0,0,0,0,3,Disconnected
2026-10-08 13:15:36,NO DATA,0,0,0,0,0,3,Disconnected
2026-10-08 13:15:37,NO DATA,0,0,0,0,0,3,Disconnected
2026-10-08 13:15:37,NO DATA,0,0,0,0,0,3,Disconnected
2026-10-08 13:15:37,NO DATA,0,0,0,0,0,3,Disconnected
2026-10-08 13:15:37,NO DATA,0,0,0,0,0,3,Disconnected
2026-10-08 13:15:37,NO DATA,0,0,0,0,0,3,Disconnected
2026-10-08 13:15:37,NO DATA,0,0,0,0,0,3,Disconnected
2026-10-08 13:15:37,NO DATA,0,0,0,0,0,3,Disconnected
2026-10-08 13:15:37,NO DATA,0,0,0,0,0,3,Disconnected
2026-10-08 13:15:37,NO DATA,0,0,0,0,0,3,Disconnected
2026-10-08 13:15:37,NO DATA,0,0,0,0,0,3,Disconnected
2026-10-08 13:15:38,NO DATA,0,0,0,0,0,3,Disconnected
2026-10-08 13:15:38,NO DATA,0,0,0,0,0,3,Disconnected
2026-10-08 13:15:38,NO DATA,0,0,0,0,0,3,Disconnected
2026-10-08 13:15:38,NO DATA,0,0,0,0,0,3,Disconnected
2026-10-08 13:15:38,NO DATA,0,0,0,0,0,3,Disconnected
2026-10-08 13:15:38,NO DATA,0,0,0,0,0,3,Disconnected
2026-10-08 13:15:38,NO DATA,0,0,0,0,0,3,Disconnected
2026-10-08 13:15:38,NO DATA,0,0,0,0,0,3,Disconnected
2026-10-08 13:15:38,NO DATA,0,0,0,0,0,3,Disconnected
2026-10-08 13:15:38,NO DATA,0,0,0,0,0,3,Disconnected
2026-10-08 13:15:39,NO DATA,0,0,0,0,0,3,Disconnected
2026-10-08 13:15:39,NO DATA,0,0,0,0,0,3,Disconnected
2026-10-08 13:15:39,NO DATA,0,0,0,0,0,3,Disconnected
2026-10-08 13:15:39,NO DATA,0,0,0,0,0,3,Disconnected
2026-10-08 13:15:39,NO DATA,0,0,0,0,0,3,Disconnected
2026-10-08 13:36:35,NO DATA,0,0,0,0,0,3,Disconnected
2026-10-08 13:36:35,NO DATA,0,0,0,0,0,3,Disconnected
2026-10-08 13:36:35,NO DATA,0,0,0,0,0,3,Disconnected
2026-10-08 13:36:35,NO DATA,0,0,0,0,0,3,Disconnected
2026-10-08 13:36:36,NO DATA,0,0,0,0,0,3,Disconnected
2026-10-08 13:36:36,NO DATA,0,0,0,0,0,3,Disconnected
2026-10-08 13:36:36,NO DATA,0,0,0,0,0,3,Disconnected
2026-10-08 13:36:36,NO DATA,0,0,0,0,0,3,Disconnected
2026-10-08 13:36:36,NO DATA,0,0,0,0,0,3,Disconnected
2026-10-08 13:36:36,NO DATA,0,0,0,0,0,3,Disconnected
2026-10-08 13:36:36,NO DATA,0,0,0,0,0,3,Disconnected
2026-10-08 13:36:36,NO DATA,0,0,0,0,0,3,Disconnected
2026-10-08 13:36:36,NO DATA,0,0,0,0,0,3,Disconnected
2026-10-08 13:36:36,NO DATA,0,0,0,0,0,3,Disconnected
2026-10-08 13:36:37,NO DATA,0,0,0,0,0,3,Disconnected
2026-10-08 13:36:37,NO DATA,0,0,0,0,0,3,Disconnected
2026-10-08 13:36:37,NO DATA,0,0,0,0,0,3,Disconnected
2026-10-08 13:36:37,NO DATA,0,0,0,0,0,3,Disconnected
2026-10-08 13:36:37,NO DATA,0,0,0,0,0,3,Disconnected
2026-10-08 13:36:37,NO DATA,0,0,0,0,0,3,Disconnected
2026-10-08 13:36:37,NO DATA,0,0,0,0,0,3,Disconnected
2026-10-08 13:36:37,NO DATA,0,0,0,0,0,3,Disconnected
2026-10-08 13:36:37,NO DATA,0,0,0,0,0,3,Disconnected
2026-10-08 13:36:37,NO DATA,0,0,0,0,0,3,Disconnected
2026-10-08 13:36:38,NO DATA,0,0,0,0,0,3,Disconnected
2026-10-08 13:36:38,NO DATA,0,0,0,0,0,3,Disconnected
2026-10-08 13:36:38,NO DATA,0,0,0,0,0,3,Disconnected
2026-10-08 13:36:38,NO DATA,0,0,0,0,0,3,Disconnected
2026-10-08 13:36:38,NO DATA,0,0,0,0,0,3,Disconnected
2026-10-08 13:36:38,NO DATA,0,0,0,0,0,3,Disconnected
2026-10-08 13:36:38,NO DATA,0,0,0,0,0,3,Disconnected
2026-10-08 13:36:38,NO DATA,0,0,0,0,0,3,Disconnected
2026-10-08 13:36:38,NO DATA,0,0,0,0,0,3,Disconnected
2026-10-08 13:36:38,NO DATA,0,0,0,0,0,3,Disconnected
2026-10-08 13:36:39,NO DATA,0,0,0,0,0,3,Disconnected
2026-10-08 13:36:39,NO DATA,0,0,0,0,0,3,Disconnected
2026-10-08 13:36:39,NO DATA,0,0,0,0,0,3,Disconnected
2026-10-08 13:36:39,NO DATA,0,0,0,0,0,3,Disconnected
2026-10-08 13:36:39,NO DATA,0,0,0,0,0,3,Disconnected
2026-10-08 13:36:39,NO DATA,0,0,0,0,0,3,Disconnected
2026-10-08 13:36:39,NO DATA,0,0,0,0,0,3,Disconnected
2026-10-08 13:36:39,NO DATA,0,0,0,0,0,3,Disconnected
2026-10-08 13:36:39,NO DATA,0,0,0,0,0,3,Disconnected
2026-10-08 13:36:39,NO DATA,0,0,0,0,0,3,Disconnected
2026-10-08 13:36:40,NO DATA,0,0,0,0,0,3,Disconnected
2026-10-08 13:36:40,NO DATA,0,0,0,0,0,3,Disconnected
2026-10-08 13:36:40,NO DATA,0,0,0,0,0,3,Disconnected
2026-10-08 13:36:40,NO DATA,0,0,0,0,0,3,Disconnected
2026-10-08 13:36:40,NO DATA,0,0,0,0,0,3,Disconnected
2026-10-08 13:36:40,NO DATA,0,0,0,0,0,3,Disconnected
2026-10-08 13:36:40,NO DATA,0,0,0,0,0,3,Disconnected
2026-10-08 13:36:40,NO DATA,0,0,0,0,0,3,Disconnected
2026-10-08 13:36:40,NO DATA,0,0,0,0,0,3,Disconnected
2026-10-08 13:36:40,NO DATA,0,0,0,0,0,3,Disconnected
2026-10-08 13:36:41,NO DATA,0,0,0,0,0,3,Disconnected
2026-10-08 13:36:41,NO DATA,0,0,0,0,0,3,Disconnected
2026-10-08 13:36:41,NO DATA,0,0,0,0,0,3,Disconnected
2026-10-08 13:36:41,NO DATA,0,0,0,0,0,3,Disconnected
2026-10-08 13:36:41,NO DATA,0,0,0,0,0,3,Disconnected
2026-10-08 13:36:41,NO DATA,0,0,0,0,0,3,Disconnected
2026-10-08 13:36:41,NO DATA,0,0,0,0,0,3,Disconnected
2026-10-08 13:36:41,NO DATA,0,0,0,0,0,3,Disconnected
2026-10-08 13:36:41,NO DATA,0,0,0,0,0,3,Disconnected
2026-10-08 13:36:41,NO DATA,0,0,0,0,0,3,Disconnected
2026-10-08 13:36:42,NO DATA,0,0,0,0,0,3,Disconnected
2026-10-08 13:36:42,NO DATA,0,0,0,0,0,3,Disconnected
2026-10-08 13:36:42,NO DATA,0,0,0,0,0,3,Disconnected
2026-10-08 13:36:42,NO DATA,0,0,0,0,0,3,Disconnected
2026-10-08 13:36:42,NO DATA,0,0,0,0,0,3,Disconnected
2026-10-08 13:36:42,NO DATA,0,0,0,0,0,3,Disconnected
2026-10-08 13:36:42,NO DATA,0,0,0,0,0,3,Disconnected
2026-10-08 13:36:42,NO DATA,0,0,0,0,0,3,Disconnected
2026-10-08 13:36:42,NO DATA,0,0,0,0,0,3,Disconnected
2026-10-08 13:36:43,NO DATA,0,0,0,0,0,3,Disconnected
2026-10-08 13:36:43,NO DATA,0,0,0,0,0,3,Disconnected
2026-10-08 13:36:43,NO DATA,0,0,0,0,0,3,Disconnected
2026-10-08 13:36:43,NO DATA,0,0,0,0,0,3,Disconnected
2026-10-08 13:36:43,NO DATA,0,0,0,0,0,3,Disconnected
2026-10-08 13:36:43,NO DATA,0,0,0,0,0,3,Disconnected
2026-10-08 13:36:43,NO DATA,0,0,0,0,0,3,Disconnected
2026-10-08 13:36:43,NO DATA,0,0,0,0,0,3,Disconnected
2026-10-08 13:36:43,NO DATA,0,0,0,0,0,3,Disconnected
2026-10-08 13:36:44,NO DATA,0,0,0,0,0,3,Disconnected
2026-10-08 13:36:44,NO DATA,0,0,0,0,0,3,Disconnected
2026-10-08 13:36:44,NO DATA,0,0,0,0,0,3,Disconnected
2026-10-08 13:36:44,NO DATA,0,0,0,0,0,3,Disconnected
2026-10-08 13:36:44,NO DATA,0,0,0,0,0,3,Disconnected
2026-10-08 13:36:44,NO DATA,0,0,0,0,0,3,Disconnected
2026-10-08 13:36:44,NO DATA,0,0,0,0,0,3,Disconnected
2026-10-08 13:36:44,NO DATA,0,0,0,0,0,3,Disconnected
2026-10-08 13:36:44,NO DATA,0,0,0,0,0,3,Disconnected
2026-10-08 13:36:45,NO DATA,0,0,0,0,0,3,Disconnected
2026-10-08 13:36:45,NO DATA,0,0,0,0,0,3,Disconnected
2026-10-08 13:36:45,NO DATA,0,0,0,0,0,3,Disconnected
2026-10-08 13:36:45,NO DATA,0,0,0,0,0,3,Disconnected
2026-10-08 13:36:45,NO DATA,0,0,0,0,0,3,Disconnected
2026-10-08 13:36:45,NO DATA,0,0,0,0,0,3,Disconnected
2026-10-08 13:36:45,NO DATA,0,0,0,0,0,3,Disconnected
2026-10-08 13:36:45,NO DATA,0,0,0,0,0,3,Disconnected
2026-10-08 13:36:45,NO DATA,0,0,0,0,0,3,Disconnected
2026-10-08 13:36:46,NO DATA,0,0,0,0,0,3,Disconnected
2026-10-08 13:36:46,NO DATA,0,0,0,0,0,3,Disconnected
2026-10-08 13:36:46,NO DATA,0,0,0,0,0,3,Disconnected
2026-10-08 13:36:46,NO DATA,0,0,0,0,0,3,Disconnected
2026-10-08 13:36:46,NO DATA,0,0,0,0,0,3,Disconnected
2026-10-08 13:36:46,NO DATA,0,0,0,0,0,3,Disconnected
2026-10-08 13:36:46,NO DATA,0,0,0,0,0,3,Disconnected
2026-10-08 13:36:46,NO DATA,0,0,0,0,0,3,Disconnected
2026-10-08 13:36:46,NO DATA,0,0,0,0,0,3,Disconnected
2026-10-08 13:36:46,NO DATA,0,0,0,0,0,3,Disconnected
2026-10-08 13:36:47,NO DATA,0,0,0,0,0,3,Disconnected
2026-10-08 13:36:47,NO DATA,0,0,0,0,0,3,Disconnected
2026-10-08 13:36:47,NO DATA,0,0,0,0,0,3,Disconnected
2026-10-08 13:36:47,NO DATA,0,0,0,0,0,3,Disconnected
2026-10-08 13:36:47,NO DATA,0,0,0,0,0,3,Disconnected
2026-10-08 13:36:47,NO DATA,0,0,0,0,0,3,Disconnected
2026-10-08 13:36:47,NO DATA,0,0,0,0,0,3,Disconnected
2026-10-08 13:36:47,NO DATA,0,0,0,0,0,3,Disconnected
2026-10-08 13:36:47,NO DATA,0,0,0,0,0,3,Disconnected
2026-10-08 13:36:48,NO DATA,0,0,0,0,0,3,Disconnected
2026-10-08 13:36:48,NO DATA,0,0,0,0,0,3,Disconnected
2026-10-08 13:36:48,NO DATA,0,0,0,0,0,3,Disconnected
2026-10-08 13:36:48,NO DATA,0,0,0,0,0,3,Disconnected
2026-10-08 13:36:48,NO DATA,0,0,0,0,0,3,Disconnected
2026-10-08 13:36:48,NO DATA,0,0,0,0,0,3,Disconnected
2026-10-08 13:36:48,NO DATA,0,0,0,0,0,3,Disconnected
2026-10-08 13:36:48,NO DATA,0,0,0,0,0,3,Disconnected
2026-10-08 13:36:48,NO DATA,0,0,0,0,0,3,Disconnected
2026-10-08 13:36:49,NO DATA,0,0,0,0,0,3,Disconnected
2026-10-08 13:36:49,NO DATA,0,0,0,0,0,3,Disconnected
2026-10-08 13:36:49,NO DATA,0,0,0,0,0,3,Disconnected
2026-10-08 13:36:49,NO DATA,0,0,0,0,0,3,Disconnected
2026-10-08 13:36:49,NO DATA,0,0,0,0,0,3,Disconnected
2026-10-08 13:36:49,NO DATA,0,0,0,0,0,3,Disconnected
2026-10-08 13:36:49,NO DATA,0,0,0,0,0,3,Disconnected
2026-10-08 13:36:49,NO DATA,0,0,0,0,0,3,Disconnected
2026-10-08 13:36:49,NO DATA,0,0,0,0,0,3,Disconnected
2026-10-08 13:36:50,NO DATA,0,0,0,0,0,3,Disconnected
2026-10-08 13:36:50,NO DATA,0,0,0,0,0,3,Disconnected
2026-10-08 13:36:50,NO DATA,0,0,0,0,0,3,Disconnected
2026-10-08 13:36:50,NO DATA,0,0,0,0,0,3,Disconnected
2026-10-08 13:36:50,NO DATA,0,0,0,0,0,3,Disconnected
2026-10-08 13:36:50,NO DATA,0,0,0,0,0,3,Disconnected
2026-10-08 13:36:50,NO DATA,0,0,0,0,0,3,Disconnected
2026-10-08 13:36:50,NO DATA,0,0,0,0,0,3,Disconnected
2026-10-08 13:36:50,NO DATA,0,0,0,0,0,3,Disconnected
2026-10-08 13:36:51,NO DATA,0,0,0,0,0,3,Disconnected
2026-10-08 13:36:51,NO DATA,0,0,0,0,0,3,Disconnected
2026-10-08 13:36:51,NO DATA,0,0,0,0,0,3,Disconnected
2026-10-08 13:36:51,NO DATA,0,0,0,0,0,3,Disconnected
2026-10-08 13:36:51,NO DATA,0,0,0,0,0,3,Disconnected
2026-10-08 13:36:51,NO DATA,0,0,0,0,0,3,Disconnected
2026-10-08 13:36:51,NO DATA,0,0,0,0,0,3,Disconnected
2026-10-08 13:36:51,NO DATA,0,0,0,0,0,3,Disconnected
2026-10-08 13:36:51,NO DATA,0,0,0,0,0,3,Disconnected
2026-10-08 13:36:51,NO DATA,0,0,0,0,0,3,Disconnected
2026-10-08 13:36:52,NO DATA,0,0,0,0,0,3,Disconnected
2026-10-08 13:36:52,NO DATA,0,0,0,0,0,3,Disconnected
2026-10-08 13:36:52,NO DATA,0,0,0,0,0,3,Disconnected
2026-10-08 13:36:52,NO DATA,0,0,0,0,0,3,Disconnected
2026-10-08 13:36:52,NO DATA,0,0,0,0,0,3,Disconnected
2026-10-08 13:36:52,NO DATA,0,0,0,0,0,3,Disconnected
2026-10-08 13:36:52,NO DATA,0,0,0,0,0,3,Disconnected
2026-10-08 13:36:52,NO DATA,0,0,0,0,0,3,Disconnected
2026-10-08 13:36:52,NO DATA,0,0,0,0,0,3,Disconnected
2026-10-08 13:36:53,NO DATA,0,0,0,0,0,3,Disconnected
2026-10-08 13:36:53,NO DATA,0,0,0,0,0,3,Disconnected
2026-10-08 13:36:53,NO DATA,0,0,0,0,0,3,Disconnected
2026-10-08 13:36:53,NO DATA,0,0,0,0,0,3,Disconnected
2026-10-08 13:36:53,NO DATA,0,0,0,0,0,3,Disconnected
2026-10-08 13:36:53,NO DATA,0,0,0,0,0,3,Disconnected
2026-10-08 13:36:53,NO DATA,0,0,0,0,0,3,Disconnected
2026-10-08 13:36:53,NO DATA,0,0,0,0,0,3,Disconnected
2026-10-08 13:36:53,NO DATA,0,0,0,0,0,3,Disconnected
2026-10-08 13:36:54,NO DATA,0,0,0,0,0,3,Disconnected
2026-10-08 13:36:54,NO DATA,0,0,0,0,0,3,Disconnected
2026-10-08 13:36:54,NO DATA,0,0,0,0,0,3,Disconnected
2026-10-08 13:36:54,NO DATA,0,0,0,0,0,3,Disconnected
2026-10-08 13:36:54,NO DATA,0,0,0,0,0,3,Disconnected
2026-10-08 13:36:54,NO DATA,0,0,0,0,0,3,Disconnected
2026-10-08 13:36:54,NO DATA,0,0,0,0,0,3,Disconnected
2026-10-08 13:36:54,NO DATA,0,0,0,0,0,3,Disconnected
2026-10-08 13:36:54,NO DATA,0,0,0,0,0,3,Disconnected
2026-10-08 13:36:55,NO DATA,0,0,0,0,0,3,Disconnected
2026-10-08 13:36:55,NO DATA,0,0,0,0,0,3,Disconnected
2026-10-08 13:36:55,NO DATA,0,0,0,0,0,3,Disconnected
2026-10-08 13:36:55,NO DATA,0,0,0,0,0,3,Disconnected
2026-10-08 13:36:55,NO DATA,0,0,0,0,0,3,Disconnected
2026-10-08 13:36:55,NO DATA,0,0,0,0,0,3,Disconnected
2026-10-08 13:36:55,NO DATA,0,0,0,0,0,3,Disconnected
2026-10-08 13:36:55,NO DATA,0,0,0,0,0,3,Disconnected
2026-10-08 13:36:55,NO DATA,0,0,0,0,0,3,Disconnected
2026-10-08 13:36:56,NO DATA,0,0,0,0,0,3,Disconnected
2026-10-08 13:36:56,NO DATA,0,0,0,0,0,3,Disconnected
2026-10-08 13:36:56,NO DATA,0,0,0,0,0,3,Disconnected
2026-10-08 13:36:56,NO DATA,0,0,0,0,0,3,Disconnected
2026-10-08 13:36:56,NO DATA,0,0,0,0,0,3,Disconnected
2026-10-08 13:36:56,NO DATA,0,0,0,0,0,3,Disconnected
2026-10-08 13:36:56,NO DATA,0,0,0,0,0,3,Disconnected
2026-10-08 13:36:56,NO DATA,0,0,0,0,0,3,Disconnected
2026-10-08 13:36:56,NO DATA,0,0,0,0,0,3,Disconnected
2026-10-08 13:36:57,NO DATA,0,0,0,0,0,3,Disconnected
2026-10-08 13:36:57,NO DATA,0,0,0,0,0,3,Disconnected
2026-10-08 13:36:57,NO DATA,0,0,0,0,0,3,Disconnected
2026-10-08 13:36:57,NO DATA,0,0,0,0,0,3,Disconnected
2026-10-08 13:36:57,NO DATA,0,0,0,0,0,3,Disconnected
2026-10-08 13:36:57,NO DATA,0,0,0,0,0,3,Disconnected
2026-10-08 13:36:57,NO DATA,0,0,0,0,0,3,Disconnected
2026-10-08 13:36:57,NO DATA,0,0,0,0,0,3,Disconnected
2026-10-08 13:36:57,NO DATA,0,0,0,0,0,3,Disconnected
2026-10-08 13:36:57,NO DATA,0,0,0,0,0,3,Disconnected
2026-10-08 13:36:58,NO DATA,0,0,0,0,0,3,Disconnected
2026-10-08 13:36:58,NO DATA,0,0,0,0,0,3,Disconnected
2026-10-08 13:36:58,NO DATA,0,0,0,0,0,3,Disconnected
2026-10-08 13:36:58,NO DATA,0,0,0,0,0,3,Disconnected
2026-10-08 13:36:58,NO DATA,0,0,0,0,0,3,Disconnected
2026-10-08 13:36:58,NO DATA,0,0,0,0,0,3,Disconnected
2026-10-08 13:36:58,NO DATA,0,0,0,0,0,3,Disconnected
2026-10-08 13:36:58,NO DATA,0,0,0,0,0,3,Disconnected
2026-10-08 13:36:58,NO DATA,0,0,0,0,0,3,Disconnected
2026-10-08 13:36:59,NO DATA,0,0,0,0,0,3,Disconnected
2026-10-08 13:36:59,NO DATA,0,0,0,0,0,3,Disconnected
2026-10-08 13:36:59,NO DATA,0,0,0,0,0,3,Disconnected
2026-10-08 13:36:59,NO DATA,0,0,0,0,0,3,Disconnected
2026-10-08 13:36:59,NO DATA,0,0,0,0,0,3,Disconnected
2026-10-08 13:36:59,NO DATA,0,0,0,0,0,3,Disconnected
2026-10-08 13:36:59,NO DATA,0,0,0,0,0,3,Disconnected
2026-10-08 13:36:59,NO DATA,0,0,0,0,0,3,Disconnected
2026-10-08 13:36:59,NO DATA,0,0,0,0,0,3,Disconnected
2026-10-08 13:37:00,NO DATA,0,0,0,0,0,3,Disconnected
2026-10-08 13:37:00,NO DATA,0,0,0,0,0,3,Disconnected
2026-10-08 13:37:00,NO DATA,0,0,0,0,0,3,Disconnected
2026-10-08 13:37:00,NO DATA,0,0,0,0,0,3,Disconnected
2026-10-08 13:37:00,NO DATA,0,0,0,0,0,3,Disconnected
2026-10-08 13:37:00,NO DATA,0,0,0,0,0,3,Disconnected
2026-10-08 13:37:00,NO DATA,0,0,0,0,0,3,Disconnected
2026-10-08 13:37:00,NO DATA,0,0,0,0,0,3,Disconnected
2026-10-08 13:37:00,NO DATA,0,0,0,0,0,3,Disconnected
2026-10-08 13:37:01,NO DATA,0,0,0,0,0,3,Disconnected
2026-10-08 13:37:01,NO DATA,0,0,0,0,0,3,Disconnected
2026-10-08 13:37:01,NO DATA,0,0,0,0,0,3,Disconnected
2026-10-08 13:37:01,NO DATA,0,0,0,0,0,3,Disconnected
2026-10-08 13:37:01,NO DATA,0,0,0,0,0,3,Disconnected
2026-10-08 13:37:01,NO DATA,0,0,0,0,0,3,Disconnected
2026-10-08 13:37:01,NO DATA,0,0,0,0,0,3,Disconnected
2026-10-08 13:37:01,NO DATA,0,0,0,0,0,3,Disconnected
2026-10-08 13:37:01,NO DATA,0,0,0,0,0,3,Disconnected
2026-10-08 13:37:02,NO DATA,0,0,0,0,0,3,Disconnected
2026-10-08 13:37:02,NO DATA,0,0,0,0,0,3,Disconnected
2026-10-08 13:37:02,NO DATA,0,0,0,0,0,3,Disconnected
2026-10-08 13:37:02,NO DATA,0,0,0,0,0,3,Disconnected
2026-10-08 13:37:02,NO DATA,0,0,0,0,0,3,Disconnected
2026-10-08 13:37:02,NO DATA,0,0,0,0,0,3,Disconnected
2026-10-08 13:37:02,NO DATA,0,0,0,0,0,3,Disconnected
2026-10-08 13:37:02,NO DATA,0,0,0,0,0,3,Disconnected
2026-10-08 13:37:02,NO DATA,0,0,0,0,0,3,Disconnected
2026-10-08 13:37:02,NO DATA,0,0,0,0,0,3,Disconnected
2026-10-08 13:37:03,NO DATA,0,0,0,0,0,3,Disconnected
2026-10-08 13:37:03,NO DATA,0,0,0,0,0,3,Disconnected
2026-10-08 13:37:03,NO DATA,0,0,0,0,0,3,Disconnected
2026-10-08 13:37:03,NO DATA,0,0,0,0,0,3,Disconnected
2026-10-08 13:37:03,NO DATA,0,0,0,0,0,3,Disconnected
2026-10-08 13:37:03,NO DATA,0,0,0,0,0,3,Disconnected
2026-10-08 13:37:03,NO DATA,0,0,0,0,0,3,Disconnected
2026-10-08 13:37:03,NO DATA,0,0,0,0,0,3,Disconnected
2026-10-08 13:37:03,NO DATA,0,0,0,0,0,3,Disconnected
2026-10-08 13:37:04,NO DATA,0,0,0,0,0,3,Disconnected
2026-10-08 13:37:04,NO DATA,0,0,0,0,0,3,Disconnected
2026-10-08 13:37:04,NO DATA,0,0,0,0,0,3,Disconnected
2026-10-08 13:37:04,NO DATA,0,0,0,0,0,3,Disconnected
2026-10-08 13:37:04,NO DATA,0,0,0,0,0,3,Disconnected
2026-10-08 13:37:04,NO DATA,0,0,0,0,0,3,Disconnected
2026-10-08 13:37:04,NO DATA,0,0,0,0,0,3,Disconnected
2026-10-08 13:37:04,NO DATA,0,0,0,0,0,3,Disconnected
2026-10-08 13:37:04,NO DATA,0,0,0,0,0,3,Disconnected
2026-10-08 13:37:05,NO DATA,0,0,0,0,0,3,Disconnected
2026-10-08 13:37:05,NO DATA,0,0,0,0,0,3,Disconnected
2026-10-08 13:37:05,NO DATA,0,0,0,0,0,3,Disconnected
2026-10-08 13:37:05,NO DATA,0,0,0,0,0,3,Disconnected
2026-10-08 13:37:05,NO DATA,0,0,0,0,0,3,Disconnected
2026-10-08 13:37:05,NO DATA,0,0,0,0,0,3,Disconnected
2026-10-08 13:37:05,NO DATA,0,0,0,0,0,3,Disconnected
2026-10-08 13:37:05,NO DATA,0,0,0,0,0,3,Disconnected
2026-10-08 13:37:05,NO DATA,0,0,0,0,0,3,Disconnected
2026-10-08 13:37:06,NO DATA,0,0,0,0,0,3,Disconnected
2026-10-08 13:37:06,NO DATA,0,0,0,0,0,3,Disconnected
2026-10-08 13:37:06,NO DATA,0,0,0,0,0,3,Disconnected
2026-10-08 13:37:06,NO DATA,0,0,0,0,0,3,Disconnected
2026-10-08 13:37:06,NO DATA,0,0,0,0,0,3,Disconnected
2026-10-08 13:37:06,NO DATA,0,0,0,0,0,3,Disconnected
2026-10-08 13:37:06,NO DATA,0,0,0,0,0,3,Disconnected
2026-10-08 13:37:06,NO DATA,0,0,0,0,0,3,Disconnected
2026-10-08 13:37:06,NO DATA,0,0,0,0,0,3,Disconnected
2026-10-08 13:37:07,NO DATA,0,0,0,0,0,3,Disconnected
2026-10-08 13:37:07,NO DATA,0,0,0,0,0,3,Disconnected
2026-10-08 13:37:07,NO DATA,0,0,0,0,0,3,Disconnected
2026-10-08 13:37:07,NO DATA,0,0,0,0,0,3,Disconnected
2026-10-08 13:37:07,NO DATA,0,0,0,0,0,3,Disconnected
2026-10-08 13:37:07,NO DATA,0,0,0,0,0,3,Disconnected
2026-10-08 13:37:07,NO DATA,0,0,0,0,0,3,Disconnected
2026-10-08 13:37:07,NO DATA,0,0,0,0,0,3,Disconnected
2026-10-08 13:37:07,NO DATA,0,0,0,0,0,3,Disconnected
2026-10-08 13:37:08,NO DATA,0,0,0,0,0,3,Disconnected
2026-10-08 13:37:08,NO DATA,0,0,0,0,0,3,Disconnected
2026-10-08 13:37:08,NO DATA,0,0,0,0,0,3,Disconnected
2026-10-08 13:37:08,NO DATA,0,0,0,0,0,3,Disconnected
2026-10-08 13:37:08,NO DATA,0,0,0,0,0,3,Disconnected
2026-10-08 13:37:08,NO DATA,0,0,0,0,0,3,Disconnected
2026-10-08 13:37:08,NO DATA,0,0,0,0,0,3,Disconnected
2026-10-08 13:37:08,NO DATA,0,0,0,0,0,3,Disconnected
2026-10-08 13:37:08,NO DATA,0,0,0,0,0,3,Disconnected
2026-10-08 13:37:08,NO DATA,0,0,0,0,0,3,Disconnected
2026-10-08 13:37:09,NO DATA,0,0,0,0,0,3,Disconnected
2026-10-08 13:37:09,NO DATA,0,0,0,0,0,3,Disconnected
2026-10-08 13:37:09,NO DATA,0,0,0,0,0,3,Disconnected
2026-10-08 13:37:09,NO DATA,0,0,0,0,0,3,Disconnected
2026-10-08 13:37:09,NO DATA,0,0,0,0,0,3,Disconnected
2026-10-08 13:37:09,NO DATA,0,0,0,0,0,3,Disconnected
2026-10-08 13:37:09,NO DATA,0,0,0,0,0,3,Disconnected
2026-10-08 13:37:09,NO DATA,0,0,0,0,0,3,Disconnected
2026-10-08 13:37:09,NO DATA,0,0,0,0,0,3,Disconnected
2026-10-08 13:37:10,NO DATA,0,0,0,0,0,3,Disconnected
2026-10-08 13:37:10,NO DATA,0,0,0,0,0,3,Disconnected
2026-10-08 13:37:10,NO DATA,0,0,0,0,0,3,Disconnected
2026-10-08 13:37:10,NO DATA,0,0,0,0,0,3,Disconnected
2026-10-08 13:37:10,NO DATA,0,0,0,0,0,3,Disconnected
2026-10-08 13:37:10,NO DATA,0,0,0,0,0,3,Disconnected
2026-10-08 13:37:10,NO DATA,0,0,0,0,0,3,Disconnected
2026-10-08 13:37:10,NO DATA,0,0,0,0,0,3,Disconnected
2026-10-08 13:37:10,NO DATA,0,0,0,0,0,3,Disconnected
2026-10-08 13:37:11,NO DATA,0,0,0,0,0,3,Disconnected
2026-10-08 13:37:11,NO DATA,0,0,0,0,0,3,Disconnected
2026-10-08 13:37:11,NO DATA,0,0,0,0,0,3,Disconnected
2026-10-08 13:37:11,NO DATA,0,0,0,0,0,3,Disconnected
2026-10-08 13:37:11,NO DATA,0,0,0,0,0,3,Disconnected
2026-10-08 13:37:11,NO DATA,0,0,0,0,0,3,Disconnected
2026-10-08 13:37:11,NO DATA,0,0,0,0,0,3,Disconnected
2026-10-08 13:37:11,NO DATA,0,0,0,0,0,3,Disconnected
2026-10-08 13:37:11,NO DATA,0,0,0,0,0,3,Disconnected
2026-10-08 13:37:12,NO DATA,0,0,0,0,0,3,Disconnected
2026-10-08 13:37:12,NO DATA,0,0,0,0,0,3,Disconnected
2026-10-08 13:37:12,NO DATA,0,0,0,0,0,3,Disconnected
2026-10-08 13:37:12,NO DATA,0,0,0,0,0,3,Disconnected
2026-10-08 13:37:12,NO DATA,0,0,0,0,0,3,Disconnected
2026-10-08 13:37:12,NO DATA,0,0,0,0,0,3,Disconnected
2026-10-08 13:37:12,NO DATA,0,0,0,0,0,3,Disconnected
2026-10-08 13:37:12,NO DATA,0,0,0,0,0,3,Disconnected
2026-10-08 13:37:12,NO DATA,0,0,0,0,0,3,Disconnected
2026-10-08 13:37:13,NO DATA,0,0,0,0,0,3,Disconnected
2026-10-08 13:37:13,NO DATA,0,0,0,0,0,3,Disconnected
2026-10-08 13:37:13,NO DATA,0,0,0,0,0,3,Disconnected
2026-10-08 13:37:13,NO DATA,0,0,0,0,0,3,Disconnected
2026-10-08 13:37:13,NO DATA,0,0,0,0,0,3,Disconnected
2026-10-08 13:37:13,NO DATA,0,0,0,0,0,3,Disconnected
2026-10-08 13:37:13,NO DATA,0,0,0,0,0,3,Disconnected
2026-10-08 13:37:13,NO DATA,0,0,0,0,0,3,Disconnected
2026-10-08 13:37:13,NO DATA,0,0,0,0,0,3,Disconnected
2026-10-08 13:37:13,NO DATA,0,0,0,0,0,3,Disconnected
2026-10-08 13:37:14,NO DATA,0,0,0,0,0,3,Disconnected
2026-10-08 13:37:14,NO DATA,0,0,0,0,0,3,Disconnected
2026-10-08 13:37:14,NO DATA,0,0,0,0,0,3,Disconnected
2026-10-08 13:37:14,NO DATA,0,0,0,0,0,3,Disconnected
2026-10-08 13:37:14,NO DATA,0,0,0,0,0,3,Disconnected
2026-10-08 13:37:14,NO DATA,0,0,0,0,0,3,Disconnected
2026-10-08 13:37:14,NO DATA,0,0,0,0,0,3,Disconnected
2026-10-08 13:37:14,NO DATA,0,0,0,0,0,3,Disconnected
2026-10-08 13:37:14,NO DATA,0,0,0,0,0,3,Disconnected
2026-10-08 13:37:15,NO DATA,0,0,0,0,0,3,Disconnected
2026-10-08 13:37:15,NO DATA,0,0,0,0,0,3,Disconnected
2026-10-08 13:37:15,NO DATA,0,0,0,0,0,3,Disconnected
2026-10-08 13:37:15,NO DATA,0,0,0,0,0,3,Disconnected
2026-10-08 13:37:15,NO DATA,0,0,0,0,0,3,Disconnected
2026-10-08 13:37:15,NO DATA,0,0,0,0,0,3,Disconnected
2026-10-08 13:37:15,NO DATA,0,0,0,0,0,3,Disconnected
2026-10-08 13:37:15,NO DATA,0,0,0,0,0,3,Disconnected
2026-10-08 13:37:15,NO DATA,0,0,0,0,0,3,Disconnected
2026-10-08 13:37:16,NO DATA,0,0,0,0,0,3,Disconnected
2026-10-08 13:37:16,NO DATA,0,0,0,0,0,3,Disconnected
2026-10-08 13:37:16,NO DATA,0,0,0,0,0,3,Disconnected
2026-10-08 13:37:16,NO DATA,0,0,0,0,0,3,Disconnected
2026-10-08 13:37:16,NO DATA,0,0,0,0,0,3,Disconnected
2026-10-08 13:37:16,NO DATA,0,0,0,0,0,3,Disconnected
2026-10-08 13:37:16,NO DATA,0,0,0,0,0,3,Disconnected
2026-10-08 13:37:16,NO DATA,0,0,0,0,0,3,Disconnected
2026-10-08 13:37:16,NO DATA,0,0,0,0,0,3,Disconnected
2026-10-08 13:37:17,NO DATA,0,0,0,0,0,3,Disconnected
2026-10-08 13:37:17,NO DATA,0,0,0,0,0,3,Disconnected
2026-10-08 13:37:17,NO DATA,0,0,0,0,0,3,Disconnected
2026-10-08 13:37:17,NO DATA,0,0,0,0,0,3,Disconnected
2026-10-08 13:37:17,NO DATA,0,0,0,0,0,3,Disconnected
2026-10-08 13:37:17,NO DATA,0,0,0,0,0,3,Disconnected
2026-10-08 13:37:17,NO DATA,0,0,0,0,0,3,Disconnected
2026-10-08 13:37:17,NO DATA,0,0,0,0,0,3,Disconnected
2026-10-08 13:37:17,NO DATA,0,0,0,0,0,3,Disconnected
2026-10-08 13:37:18,NO DATA,0,0,0,0,0,3,Disconnected
2026-10-08 13:37:18,NO DATA,0,0,0,0,0,3,Disconnected
2026-10-08 13:37:18,NO DATA,0,0,0,0,0,3,Disconnected
2026-10-08 13:37:18,NO DATA,0,0,0,0,0,3,Disconnected
2026-10-08 13:37:18,NO DATA,0,0,0,0,0,3,Disconnected
2026-10-08 13:37:18,NO DATA,0,0,0,0,0,3,Disconnected
2026-10-08 13:37:18,NO DATA,0,0,0,0,0,3,Disconnected
2026-10-08 13:37:18,NO DATA,0,0,0,0,0,3,Disconnected
2026-10-08 13:37:18,NO DATA,0,0,0,0,0,3,Disconnected
2026-10-08 13:37:19,NO DATA,0,0,0,0,0,3,Disconnected
2026-10-08 13:37:19,NO DATA,0,0,0,0,0,3,Disconnected
2026-10-08 13:37:19,NO DATA,0,0,0,0,0,3,Disconnected
2026-10-08 13:37:19,NO DATA,0,0,0,0,0,3,Disconnected
2026-10-08 13:37:19,NO DATA,0,0,0,0,0,3,Disconnected
2026-10-08 13:37:19,NO DATA,0,0,0,0,0,3,Disconnected
2026-10-08 13:37:19,NO DATA,0,0,0,0,0,3,Disconnected
2026-10-08 13:37:19,NO DATA,0,0,0,0,0,3,Disconnected
2026-10-08 13:37:19,NO DATA,0,0,0,0,0,3,Disconnected
2026-10-08 13:37:19,NO DATA,0,0,0,0,0,3,Disconnected
2026-10-08 13:37:20,NO DATA,0,0,0,0,0,3,Disconnected
2026-10-08 13:37:20,NO DATA,0,0,0,0,0,3,Disconnected
2026-10-08 13:37:20,NO DATA,0,0,0,0,0,3,Disconnected
2026-10-08 13:37:20,NO DATA,0,0,0,0,0,3,Disconnected
2026-10-08 13:37:20,NO DATA,0,0,0,0,0,3,Disconnected
2026-10-08 13:37:20,NO DATA,0,0,0,0,0,3,Disconnected
2026-10-08 13:37:20,NO DATA,0,0,0,0,0,3,Disconnected
2026-10-08 13:37:20,NO DATA,0,0,0,0,0,3,Disconnected
2026-10-08 13:37:20,NO DATA,0,0,0,0,0,3,Disconnected
2026-10-08 13:37:21,NO DATA,0,0,0,0,0,3,Disconnected
2026-10-08 13:37:21,NO DATA,0,0,0,0,0,3,Disconnected
2026-10-08 13:37:21,NO DATA,0,0,0,0,0,3,Disconnected
2026-10-08 13:37:21,NO DATA,0,0,0,0,0,3,Disconnected
2026-10-08 13:37:21,NO DATA,0,0,0,0,0,3,Disconnected
2026-10-08 13:37:21,NO DATA,0,0,0,0,0,3,Disconnected
2026-10-08 13:37:21,NO DATA,0,0,0,0,0,3,Disconnected
2026-10-08 13:37:21,NO DATA,0,0,0,0,0,3,Disconnected
2026-10-08 13:37:21,NO DATA,0,0,0,0,0,3,Disconnected
2026-10-08 13:37:22,NO DATA,0,0,0,0,0,3,Disconnected
2026-10-08 13:37:22,NO DATA,0,0,0,0,0,3,Disconnected
2026-10-08 13:37:22,NO DATA,0,0,0,0,0,3,Disconnected
2026-10-08 13:37:22,NO DATA,0,0,0,0,0,3,Disconnected
2026-10-08 13:37:22,NO DATA,0,0,0,0,0,3,Disconnected
2026-10-08 13:37:22,NO DATA,0,0,0,0,0,3,Disconnected
2026-10-08 13:37:22,NO DATA,0,0,0,0,0,3,Disconnected
2026-10-08 13:37:22,NO DATA,0,0,0,0,0,3,Disconnected
2026-10-08 13:37:22,NO DATA,0,0,0,0,0,3,Disconnected
2026-10-08 13:37:23,NO DATA,0,0,0,0,0,3,Disconnected
2026-10-08 13:37:23,NO DATA,0,0,0,0,0,3,Disconnected
2026-10-08 13:37:23,NO DATA,0,0,0,0,0,3,Disconnected
2026-10-08 13:37:23,NO DATA,0,0,0,0,0,3,Disconnected
2026-10-08 13:37:23,NO DATA,0,0,0,0,0,3,Disconnected
2026-10-08 13:37:23,NO DATA,0,0,0,0,0,3,Disconnected
2026-10-08 13:37:23,NO DATA,0,0,0,0,0,3,Disconnected
2026-10-08 13:37:23,NO DATA,0,0,0,0,0,3,Disconnected
2026-10-08 13:37:23,NO DATA,0,0,0,0,0,3,Disconnected
2026-10-08 13:37:24,NO DATA,0,0,0,0,0,3,Disconnected
2026-10-08 13:37:24,NO DATA,0,0,0,0,0,3,Disconnected
2026-10-08 13:37:24,NO DATA,0,0,0,0,0,3,Disconnected
2026-10-08 13:37:24,NO DATA,0,0,0,0,0,3,Disconnected
2026-10-08 13:37:24,NO DATA,0,0,0,0,0,3,Disconnected
2026-10-08 13:37:24,NO DATA,0,0,0,0,0,3,Disconnected
2026-10-08 13:37:24,NO DATA,0,0,0,0,0,3,Disconnected
2026-10-08 13:37:24,NO DATA,0,0,0,0,0,3,Disconnected
2026-10-08 13:37:24,NO DATA,0,0,0,0,0,3,Disconnected
2026-10-08 13:37:25,NO DATA,0,0,0,0,0,3,Disconnected
2026-10-08 13:37:25,NO DATA,0,0,0,0,0,3,Disconnected
2026-10-08 13:37:25,NO DATA,0,0,0,0,0,3,Disconnected
2026-10-08 13:37:25,NO DATA,0,0,0,0,0,3,Disconnected
2026-10-08 13:37:25,NO DATA,0,0,0,0,0,3,Disconnected
2026-10-08 13:37:25,NO DATA,0,0,0,0,0,3,Disconnected
2026-10-08 13:37:25,NO DATA,0,0,0,0,0,3,Disconnected
2026-10-08 13:37:25,NO DATA,0,0,0,0,0,3,Disconnected
2026-10-08 13:37:25,NO DATA,0,0,0,0,0,3,Disconnected
2026-10-08 13:37:25,NO DATA,0,0,0,0,0,3,Disconnected
2026-10-08 13:37:26,NO DATA,0,0,0,0,0,3,Disconnected
2026-10-08 13:37:26,NO DATA,0,0,0,0,0,3,Disconnected
2026-10-08 13:37:26,NO DATA,0,0,0,0,0,3,Disconnected
2026-10-08 13:37:26,NO DATA,0,0,0,0,0,3,Disconnected
2026-10-08 13:37:26,NO DATA,0,0,0,0,0,3,Disconnected
2026-10-08 13:37:26,NO DATA,0,0,0,0,0,3,Disconnected
2026-10-08 13:37:26,NO DATA,0,0,0,0,0,3,Disconnected
2026-10-08 13:37:26,NO DATA,0,0,0,0,0,3,Disconnected
2026-10-08 13:37:26,NO DATA,0,0,0,0,0,3,Disconnected
2026-10-08 13:37:27,NO DATA,0,0,0,0,0,3,Disconnected
2026-10-08 13:37:27,NO DATA,0,0,0,0,0,3,Disconnected
2026-10-08 13:37:27,NO DATA,0,0,0,0,0,3,Disconnected
2026-10-08 13:37:27,NO DATA,0,0,0,0,0,3,Disconnected
2026-10-08 13:37:27,NO DATA,0,0,0,0,0,3,Disconnected
2026-10-08 13:37:27,NO DATA,0,0,0,0,0,3,Disconnected
2026-10-08 13:37:27,NO DATA,0,0,0,0,0,3,Disconnected
2026-10-08 13:37:27,NO DATA,0,0,0,0,0,3,Disconnected
2026-10-08 13:37:27,NO DATA,0,0,0,0,0,3,Disconnected
2026-10-08 13:37:28,NO DATA,0,0,0,0,0,3,Disconnected
2026-10-08 13:37:28,NO DATA,0,0,0,0,0,3,Disconnected
2026-10-08 13:37:28,NO DATA,0,0,0,0,0,3,Disconnected
2026-10-08 13:37:28,NO DATA,0,0,0,0,0,3,Disconnected
2026-10-08 13:37:28,NO DATA,0,0,0,0,0,3,Disconnected
2026-10-08 13:37:28,NO DATA,0,0,0,0,0,3,Disconnected
2026-10-08 13:37:28,NO DATA,0,0,0,0,0,3,Disconnected
2026-10-08 13:37:28,NO DATA,0,0,0,0,0,3,Disconnected
2026-10-08 13:37:28,NO DATA,0,0,0,0,0,3,Disconnected
2026-10-08 13:37:29,NO DATA,0,0,0,0,0,3,Disconnected
2026-10-08 13:37:29,NO DATA,0,0,0,0,0,3,Disconnected
2026-10-08 13:37:29,NO DATA,0,0,0,0,0,3,Disconnected
2026-10-08 13:37:29,NO DATA,0,0,0,0,0,3,Disconnected
2026-10-08 13:37:29,NO DATA,0,0,0,0,0,3,Disconnected
2026-10-08 13:37:29,NO DATA,0,0,0,0,0,3,Disconnected
2026-10-08 13:37:29,NO DATA,0,0,0,0,0,3,Disconnected
2026-10-08 13:37:29,NO DATA,0,0,0,0,0,3,Disconnected
2026-10-08 13:37:29,NO DATA,0,0,0,0,0,3,Disconnected
2026-10-08 13:37:30,NO DATA,0,0,0,0,0,3,Disconnected
2026-10-08 13:37:30,NO DATA,0,0,0,0,0,3,Disconnected
2026-10-08 13:37:30,NO DATA,0,0,0,0,0,3,Disconnected
2026-10-08 13:37:30,NO DATA,0,0,0,0,0,3,Disconnected
2026-10-08 13:37:30,NO DATA,0,0,0,0,0,3,Disconnected
2026-10-08 13:37:30,NO DATA,0,0,0,0,0,3,Disconnected
2026-10-08 13:37:30,NO DATA,0,0,0,0,0,3,Disconnected
2026-10-08 13:37:30,NO DATA,0,0,0,0,0,3,Disconnected
2026-10-08 13:37:30,NO DATA,0,0,0,0,0,3,Disconnected
2026-10-08 13:37:30,NO DATA,0,0,0,0,0,3,Disconnected
2026-10-08 13:37:31,NO DATA,0,0,0,0,0,3,Disconnected
2026-10-08 13:37:31,NO DATA,0,0,0,0,0,3,Disconnected
2026-10-08 13:37:31,NO DATA,0,0,0,0,0,3,Disconnected
2026-10-08 13:37:31,NO DATA,0,0,0,0,0,3,Disconnected
2026-10-08 13:37:31,NO DATA,0,0,0,0,0,3,Disconnected
2026-10-08 13:37:31,NO DATA,0,0,0,0,0,3,Disconnected
2026-10-08 13:37:31,NO DATA,0,0,0,0,0,3,Disconnected
2026-10-08 13:37:31,NO DATA,0,0,0,0,0,3,Disconnected
2026-10-08 13:37:31,NO DATA,0,0,0,0,0,3,Disconnected
2026-10-08 13:37:32,NO DATA,0,0,0,0,0,3,Disconnected
2026-10-08 13:37:32,NO DATA,0,0,0,0,0,3,Disconnected
2026-10-08 13:37:32,NO DATA,0,0,0,0,0,3,Disconnected
2026-10-08 13:37:32,NO DATA,0,0,0,0,0,3,Disconnected
2026-10-08 13:37:32,NO DATA,0,0,0,0,0,3,Disconnected
2026-10-08 13:37:32,NO DATA,0,0,0,0,0,3,Disconnected
2026-10-08 13:37:32,NO DATA,0,0,0,0,0,3,Disconnected
2026-10-08 13:37:32,NO DATA,0,0,0,0,0,3,Disconnected
2026-10-08 13:37:32,NO DATA,0,0,0,0,0,3,Disconnected
2026-10-08 13:37:33,NO DATA,0,0,0,0,0,3,Disconnected
2026-10-08 13:37:33,NO DATA,0,0,0,0,0,3,Disconnected
2026-10-08 13:37:33,NO DATA,0,0,0,0,0,3,Disconnected
2026-10-08 13:37:33,NO DATA,0,0,0,0,0,3,Disconnected
2026-10-08 13:37:33,NO DATA,0,0,0,0,0,3,Disconnected
2026-10-08 13:37:33,NO DATA,0,0,0,0,0,3,Disconnected
2026-10-08 13:37:33,NO DATA,0,0,0,0,0,3,Disconnected
2026-10-08 13:37:33,NO DATA,0,0,0,0,0,3,Disconnected
2026-10-08 13:37:33,NO DATA,0,0,0,0,0,3,Disconnected
2026-10-08 13:37:34,NO DATA,0,0,0,0,0,3,Disconnected
2026-10-08 13:37:34,NO DATA,0,0,0,0,0,3,Disconnected
2026-10-08 13:37:34,NO DATA,0,0,0,0,0,3,Disconnected
2026-10-08 13:37:34,NO DATA,0,0,0,0,0,3,Disconnected
2026-10-08 13:37:34,NO DATA,0,0,0,0,0,3,Disconnected
2026-10-08 13:37:34,NO DATA,0,0,0,0,0,3,Disconnected
2026-10-08 13:37:34,NO DATA,0,0,0,0,0,3,Disconnected
2026-10-08 13:37:34,NO DATA,0,0,0,0,0,3,Disconnected
2026-10-08 13:37:34,NO DATA,0,0,0,0,0,3,Disconnected
2026-10-08 13:37:35,NO DATA,0,0,0,0,0,3,Disconnected
2026-10-08 13:37:35,NO DATA,0,0,0,0,0,3,Disconnected
2026-10-08 13:37:35,NO DATA,0,0,0,0,0,3,Disconnected
2026-10-08 13:37:35,NO DATA,0,0,0,0,0,3,Disconnected
2026-10-08 13:37:35,NO DATA,0,0,0,0,0,3,Disconnected
2026-10-08 13:37:35,NO DATA,0,0,0,0,0,3,Disconnected
2026-10-08 13:37:35,NO DATA,0,0,0,0,0,3,Disconnected
2026-10-08 13:37:35,NO DATA,0,0,0,0,0,3,Disconnected
2026-10-08 13:37:35,NO DATA,0,0,0,0,0,3,Disconnected
2026-10-08 13:37:36,NO DATA,0,0,0,0,0,3,Disconnected
2026-10-08 13:37:36,NO DATA,0,0,0,0,0,3,Disconnected
2026-10-08 13:37:36,NO DATA,0,0,0,0,0,3,Disconnected
2026-10-08 13:37:36,NO DATA,0,0,0,0,0,3,Disconnected
2026-10-08 13:37:36,NO DATA,0,0,0,0,0,3,Disconnected
2026-10-08 13:37:36,NO DATA,0,0,0,0,0,3,Disconnected
2026-10-08 13:37:36,NO DATA,0,0,0,0,0,3,Disconnected
2026-10-08 13:37:36,NO DATA,0,0,0,0,0,3,Disconnected
2026-10-08 13:37:36,NO DATA,0,0,0,0,0,3,Disconnected
2026-10-08 13:37:36,NO DATA,0,0,0,0,0,3,Disconnected
2026-10-08 13:37:37,NO DATA,0,0,0,0,0,3,Disconnected
2026-10-08 13:37:37,NO DATA,0,0,0,0,0,3,Disconnected
2026-10-08 13:37:37,NO DATA,0,0,0,0,0,3,Disconnected
2026-10-08 13:37:37,NO DATA,0,0,0,0,0,3,Disconnected
2026-10-08 13:37:37,NO DATA,0,0,0,0,0,3,Disconnected
2026-10-08 13:37:37,NO DATA,0,0,0,0,0,3,Disconnected
2026-10-08 13:37:37,NO DATA,0,0,0,0,0,3,Disconnected
2026-10-08 13:37:37,NO DATA,0,0,0,0,0,3,Disconnected
2026-10-08 13:37:37,NO DATA,0,0,0,0,0,3,Disconnected
2026-10-08 13:37:38,NO DATA,0,0,0,0,0,3,Disconnected
2026-10-08 13:37:38,NO DATA,0,0,0,0,0,3,Disconnected
2026-10-08 13:37:38,NO DATA,0,0,0,0,0,3,Disconnected
2026-10-08 13:37:38,NO DATA,0,0,0,0,0,3,Disconnected
2026-10-08 13:37:38,NO DATA,0,0,0,0,0,3,Disconnected
2026-10-08 13:37:38,NO DATA,0,0,0,0,0,3,Disconnected
2026-10-08 13:37:38,NO DATA,0,0,0,0,0,3,Disconnected
2026-10-08 13:37:38,NO DATA,0,0,0,0,0,3,Disconnected
2026-10-08 13:37:38,NO DATA,0,0,0,0,0,3,Disconnected
2026-10-08 13:37:39,NO DATA,0,0,0,0,0,3,Disconnected
2026-10-08 13:37:39,NO DATA,0,0,0,0,0,3,Disconnected
2026-10-08 13:37:39,NO DATA,0,0,0,0,0,3,Disconnected
2026-10-08 13:37:39,NO DATA,0,0,0,0,0,3,Disconnected
2026-10-08 13:37:39,NO DATA,0,0,0,0,0,3,Disconnected
2026-10-08 13:37:39,NO DATA,0,0,0,0,0,3,Disconnected
2026-10-08 13:37:39,NO DATA,0,0,0,0,0,3,Disconnected
2026-10-08 13:37:39,NO DATA,0,0,0,0,0,3,Disconnected
2026-10-08 13:37:39,NO DATA,0,0,0,0,0,3,Disconnected
2026-10-08 13:37:40,NO DATA,0,0,0,0,0,3,Disconnected
2026-10-08 13:37:40,NO DATA,0,0,0,0,0,3,Disconnected
2026-10-08 13:37:40,NO DATA,0,0,0,0,0,3,Disconnected
2026-10-08 13:37:40,NO DATA,0,0,0,0,0,3,Disconnected
2026-10-08 13:37:40,NO DATA,0,0,0,0,0,3,Disconnected
2026-10-08 13:37:40,NO DATA,0,0,0,0,0,3,Disconnected
2026-10-08 13:37:40,NO DATA,0,0,0,0,0,3,Disconnected
2026-10-08 13:37:40,NO DATA,0,0,0,0,0,3,Disconnected
2026-10-08 13:37:40,NO DATA,0,0,0,0,0,3,Disconnected
2026-10-08 13:37:41,NO DATA,0,0,0,0,0,3,Disconnected
2026-10-08 13:37:41,NO DATA,0,0,0,0,0,3,Disconnected
2026-10-08 13:37:41,NO DATA,0,0,0,0,0,3,Disconnected
2026-10-08 13:37:41,NO DATA,0,0,0,0,0,3,Disconnected
2026-10-08 13:37:41,NO DATA,0,0,0,0,0,3,Disconnected
2026-10-08 13:37:41,NO DATA,0,0,0,0,0,3,Disconnected
2026-10-08 13:37:41,NO DATA,0,0,0,0,0,3,Disconnected
2026-10-08 13:37:41,NO DATA,0,0,0,0,0,3,Disconnected
2026-10-08 13:37:41,NO DATA,0,0,0,0,0,3,Disconnected
2026-10-08 13:37:42,NO DATA,0,0,0,0,0,3,Disconnected
2026-10-08 13:37:42,NO DATA,0,0,0,0,0,3,Disconnected
2026-10-08 13:37:42,NO DATA,0,0,0,0,0,3,Disconnected
2026-10-08 13:37:42,NO DATA,0,0,0,0,0,3,Disconnected
2026-10-08 13:37:42,NO DATA,0,0,0,0,0,3,Disconnected
2026-10-08 13:37:42,NO DATA,0,0,0,0,0,3,Disconnected
2026-10-08 13:37:42,NO DATA,0,0,0,0,0,3,Disconnected
2026-10-08 13:37:42,NO DATA,0,0,0,0,0,3,Disconnected
2026-10-08 13:37:42,NO DATA,0,0,0,0,0,3,Disconnected
2026-10-08 13:37:42,NO DATA,0,0,0,0,0,3,Disconnected
2026-10-08 13:37:43,NO DATA,0,0,0,0,0,3,Disconnected
2026-10-08 13:37:43,NO DATA,0,0,0,0,0,3,Disconnected
2026-10-08 13:37:43,NO DATA,0,0,0,0,0,3,Disconnected
2026-10-08 13:37:43,NO DATA,0,0,0,0,0,3,Disconnected
2026-10-08 13:37:43,NO DATA,0,0,0,0,0,3,Disconnected
2026-10-08 13:37:43,NO DATA,0,0,0,0,0,3,Disconnected
2026-10-08 13:37:43,NO DATA,0,0,0,0,0,3,Disconnected
2026-10-08 13:37:43,NO DATA,0,0,0,0,0,3,Disconnected
2026-10-08 13:37:43,NO DATA,0,0,0,0,0,3,Disconnected
2026-10-08 13:37:44,NO DATA,0,0,0,0,0,3,Disconnected
2026-10-08 13:37:44,NO DATA,0,0,0,0,0,3,Disconnected
2026-10-08 13:37:44,NO DATA,0,0,0,0,0,3,Disconnected
2026-10-08 13:37:44,NO DATA,0,0,0,0,0,3,Disconnected
2026-10-08 13:37:44,NO DATA,0,0,0,0,0,3,Disconnected
2026-10-08 13:37:44,NO DATA,0,0,0,0,0,3,Disconnected
2026-10-08 13:37:44,NO DATA,0,0,0,0,0,3,Disconnected
2026-10-08 13:37:44,NO DATA,0,0,0,0,0,3,Disconnected
2026-10-08 13:37:44,NO DATA,0,0,0,0,0,3,Disconnected
2026-10-08 13:37:45,NO DATA,0,0,0,0,0,3,Disconnected
2026-10-08 13:37:45,NO DATA,0,0,0,0,0,3,Disconnected
2026-10-08 13:37:45,NO DATA,0,0,0,0,0,3,Disconnected
2026-10-08 13:37:45,NO DATA,0,0,0,0,0,3,Disconnected
2026-10-08 13:37:45,NO DATA,0,0,0,0,0,3,Disconnected
2026-10-08 13:37:45,NO DATA,0,0,0,0,0,3,Disconnected
2026-10-08 13:37:45,NO DATA,0,0,0,0,0,3,Disconnected
2026-10-08 13:37:45,NO DATA,0,0,0,0,0,3,Disconnected
2026-10-08 13:37:45,NO DATA,0,0,0,0,0,3,Disconnected
2026-10-08 13:37:46,NO DATA,0,0,0,0,0,3,Disconnected
2026-10-08 13:37:46,NO DATA,0,0,0,0,0,3,Disconnected
2026-10-08 13:37:46,NO DATA,0,0,0,0,0,3,Disconnected
2026-10-08 13:37:46,NO DATA,0,0,0,0,0,3,Disconnected
2026-10-08 13:37:46,NO DATA,0,0,0,0,0,3,Disconnected
2026-10-08 13:37:46,NO DATA,0,0,0,0,0,3,Disconnected
2026-10-08 13:37:46,NO DATA,0,0,0,0,0,3,Disconnected
2026-10-08 13:37:46,NO DATA,0,0,0,0,0,3,Disconnected
2026-10-08 13:37:46,NO DATA,0,0,0,0,0,3,Disconnected
2026-10-08 13:37:46,NO DATA,0,0,0,0,0,3,Disconnected
2026-10-08 13:37:47,NO DATA,0,0,0,0,0,3,Disconnected
2026-10-08 13:37:47,NO DATA,0,0,0,0,0,3,Disconnected
2026-10-08 13:37:47,NO DATA,0,0,0,0,0,3,Disconnected
2026-10-08 13:37:47,NO DATA,0,0,0,0,0,3,Disconnected
2026-10-08 13:37:47,NO DATA,0,0,0,0,0,3,Disconnected
2026-10-08 13:37:47,NO DATA,0,0,0,0,0,3,Disconnected
2026-10-08 13:37:47,NO DATA,0,0,0,0,0,3,Disconnected
2026-10-08 13:37:47,NO DATA,0,0,0,0,0,3,Disconnected
2026-10-08 13:37:47,NO DATA,0,0,0,0,0,3,Disconnected
2026-10-08 13:37:47,NO DATA,0,0,0,0,0,3,Disconnected
2026-10-08 13:37:48,NO DATA,0,0,0,0,0,3,Disconnected
2026-10-08 13:37:48,NO DATA,0,0,0,0,0,3,Disconnected
2026-10-08 13:37:48,NO DATA,0,0,0,0,0,3,Disconnected
2026-10-08 13:37:48,NO DATA,0,0,0,0,0,3,Disconnected
2026-10-08 13:37:48,NO DATA,0,0,0,0,0,3,Disconnected
2026-10-08 13:37:48,NO DATA,0,0,0,0,0,3,Disconnected
2026-10-08 13:37:48,NO DATA,0,0,0,0,0,3,Disconnected
2026-10-08 13:37:48,NO DATA,0,0,0,0,0,3,Disconnected
2026-10-08 13:37:48,NO DATA,0,0,0,0,0,3,Disconnected
2026-10-08 13:37:48,NO DATA,0,0,0,0,0,3,Disconnected
2026-10-08 13:37:49,NO DATA,0,0,0,0,0,3,Disconnected
2026-10-08 13:37:49,NO DATA,0,0,0,0,0,3,Disconnected
2026-10-08 13:37:49,NO DATA,0,0,0,0,0,3,Disconnected
2026-10-08 13:37:49,NO DATA,0,0,0,0,0,3,Disconnected
2026-10-08 13:37:49,NO DATA,0,0,0,0,0,3,Disconnected
2026-10-08 13:37:49,NO DATA,0,0,0,0,0,3,Disconnected
2026-10-08 13:37:49,NO DATA,0,0,0,0,0,3,Disconnected
2026-10-08 13:37:49,NO DATA,0,0,0,0,0,3,Disconnected
2026-10-08 13:37:49,NO DATA,0,0,0,0,0,3,Disconnected
2026-10-08 13:37:49,NO DATA,0,0,0,0,0,3,Disconnected
2026-10-08 13:37:50,NO DATA,0,0,0,0,0,3,Disconnected
2026-10-08 13:37:50,NO DATA,0,0,0,0,0,3,Disconnected
2026-10-08 13:37:50,NO DATA,0,0,0,0,0,3,Disconnected
2026-10-08 13:37:50,NO DATA,0,0,0,0,0,3,Disconnected
2026-10-08 13:37:50,NO DATA,0,0,0,0,0,3,Disconnected
2026-10-08 13:37:50,NO DATA,0,0,0,0,0,3,Disconnected
2026-10-08 13:37:50,NO DATA,0,0,0,0,0,3,Disconnected
2026-10-08 13:37:50,NO DATA,0,0,0,0,0,3,Disconnected
2026-10-08 13:37:50,NO DATA,0,0,0,0,0,3,Disconnected
2026-10-08 13:37:50,NO DATA,0,0,0,0,0,3,Disconnected
2026-10-08 13:37:51,NO DATA,0,0,0,0,0,3,Disconnected
2026-10-08 13:37:51,NO DATA,0,0,0,0,0,3,Disconnected
2026-10-08 13:37:51,NO DATA,0,0,0,0,0,3,Disconnected
2026-10-08 13:37:51,NO DATA,0,0,0,0,0,3,Disconnected
2026-10-08 13:37:51,NO DATA,0,0,0,0,0,3,Disconnected
2026-10-08 13:37:51,NO DATA,0,0,0,0,0,3,Disconnected
2026-10-08 13:37:51,NO DATA,0,0,0,0,0,3,Disconnected
2026-10-08 13:37:51,NO DATA,0,0,0,0,0,3,Disconnected
2026-10-08 13:37:51,NO DATA,0,0,0,0,0,3,Disconnected
2026-10-08 13:37:51,NO DATA,0,0,0,0,0,3,Disconnected
2026-10-08 13:37:52,NO DATA,0,0,0,0,0,3,Disconnected
2026-10-08 13:37:52,NO DATA,0,0,0,0,0,3,Disconnected
2026-10-08 13:37:52,NO DATA,0,0,0,0,0,3,Disconnected
2026-10-08 13:37:52,NO DATA,0,0,0,0,0,3,Disconnected
2026-10-08 13:37:52,NO DATA,0,0,0,0,0,3,Disconnected
2026-10-08 13:37:52,NO DATA,0,0,0,0,0,3,Disconnected
2026-10-08 13:37:52,NO DATA,0,0,0,0,0,3,Disconnected
2026-10-08 13:37:52,NO DATA,0,0,0,0,0,3,Disconnected
2026-10-08 13:37:52,NO DATA,0,0,0,0,0,3,Disconnected
2026-10-08 13:37:52,NO DATA,0,0,0,0,0,3,Disconnected
2026-10-08 13:37:53,NO DATA,0,0,0,0,0,3,Disconnected
2026-10-08 13:37:53,NO DATA,0,0,0,0,0,3,Disconnected
2026-10-08 13:37:53,NO DATA,0,0,0,0,0,3,Disconnected
2026-10-08 13:37:53,NO DATA,0,0,0,0,0,3,Disconnected
2026-10-08 13:37:53,NO DATA,0,0,0,0,0,3,Disconnected
2026-10-08 13:37:53,NO DATA,0,0,0,0,0,3,Disconnected
2026-10-08 13:37:53,NO DATA,0,0,0,0,0,3,Disconnected
2026-10-08 13:37:53,NO DATA,0,0,0,0,0,3,Disconnected
2026-10-08 13:37:53,NO DATA,0,0,0,0,0,3,Disconnected
2026-10-08 13:37:53,NO DATA,0,0,0,0,0,3,Disconnected
2026-10-08 13:37:54,NO DATA,0,0,0,0,0,3,Disconnected
2026-10-08 13:37:54,NO DATA,0,0,0,0,0,3,Disconnected
2026-10-08 13:37:54,NO DATA,0,0,0,0,0,3,Disconnected
2026-10-08 13:37:54,NO DATA,0,0,0,0,0,3,Disconnected
2026-10-08 13:37:54,NO DATA,0,0,0,0,0,3,Disconnected
2026-10-08 13:37:54,NO DATA,0,0,0,0,0,3,Disconnected
2026-10-08 13:37:54,NO DATA,0,0,0,0,0,3,Disconnected
2026-10-08 13:37:54,NO DATA,0,0,0,0,0,3,Disconnected
2026-10-08 13:37:54,NO DATA,0,0,0,0,0,3,Disconnected
2026-10-08 13:37:54,NO DATA,0,0,0,0,0,3,Disconnected
2026-10-08 13:37:55,NO DATA,0,0,0,0,0,3,Disconnected
2026-10-08 13:37:55,NO DATA,0,0,0,0,0,3,Disconnected
2026-10-08 13:37:55,NO DATA,0,0,0,0,0,3,Disconnected
2026-10-08 13:37:55,NO DATA,0,0,0,0,0,3,Disconnected
2026-10-08 13:37:55,NO DATA,0,0,0,0,0,3,Disconnected
2026-10-08 13:37:55,NO DATA,0,0,0,0,0,3,Disconnected
2026-10-08 13:37:55,NO DATA,0,0,0,0,0,3,Disconnected
2026-10-08 13:37:55,NO DATA,0,0,0,0,0,3,Disconnected
2026-10-08 13:37:55,NO DATA,0,0,0,0,0,3,Disconnected
2026-10-08 13:37:55,NO DATA,0,0,0,0,0,3,Disconnected
2026-10-08 13:37:56,NO DATA,0,0,0,0,0,3,Disconnected
2026-10-08 13:37:56,NO DATA,0,0,0,0,0,3,Disconnected
2026-10-08 13:37:56,NO DATA,0,0,0,0,0,3,Disconnected
2026-10-08 13:37:56,NO DATA,0,0,0,0,0,3,Disconnected
2026-10-08 13:37:56,NO DATA,0,0,0,0,0,3,Disconnected
2026-10-08 13:37:56,NO DATA,0,0,0,0,0,3,Disconnected
2026-10-08 13:37:56,NO DATA,0,0,0,0,0,3,Disconnected
2026-10-08 13:37:56,NO DATA,0,0,0,0,0,3,Disconnected
2026-10-08 13:37:56,NO DATA,0,0,0,0,0,3,Disconnected
2026-10-08 13:37:56,NO DATA,0,0,0,0,0,3,Disconnected
2026-10-08 13:37:57,NO DATA,0,0,0,0,0,3,Disconnected
2026-10-08 13:37:57,NO DATA,0,0,0,0,0,3,Disconnected
2026-10-08 13:37:57,NO DATA,0,0,0,0,0,3,Disconnected
2026-10-08 13:37:57,NO DATA,0,0,0,0,0,3,Disconnected
2026-10-08 13:37:57,NO DATA,0,0,0,0,0,3,Disconnected
2026-10-08 13:37:57,NO DATA,0,0,0,0,0,3,Disconnected
2026-10-08 13:37:57,NO DATA,0,0,0,0,0,3,Disconnected
2026-10-08 13:37:57,NO DATA,0,0,0,0,0,3,Disconnected
2026-10-08 13:37:57,NO DATA,0,0,0,0,0,3,Disconnected
2026-10-08 13:37:57,NO DATA,0,0,0,0,0,3,Disconnected
2026-10-08 13:37:58,NO DATA,0,0,0,0,0,3,Disconnected
2026-10-08 13:37:58,NO DATA,0,0,0,0,0,3,Disconnected
2026-10-08 13:37:58,NO DATA,0,0,0,0,0,3,Disconnected
2026-10-08 13:37:58,NO DATA,0,0,0,0,0,3,Disconnected
2026-10-08 13:37:58,NO DATA,0,0,0,0,0,3,Disconnected
2026-10-08 13:37:58,NO DATA,0,0,0,0,0,3,Disconnected
2026-10-08 13:37:58,NO DATA,0,0,0,0,0,3,Disconnected
2026-10-08 13:37:58,NO DATA,0,0,0,0,0,3,Disconnected
2026-10-08 13:37:58,NO DATA,0,0,0,0,0,3,Disconnected
2026-10-08 13:37:58,NO DATA,0,0,0,0,0,3,Disconnected
2026-10-08 13:37:59,NO DATA,0,0,0,0,0,3,Disconnected
2026-10-08 13:37:59,NO DATA,0,0,0,0,0,3,Disconnected
2026-10-08 13:37:59,NO DATA,0,0,0,0,0,3,Disconnected
2026-10-08 13:37:59,NO DATA,0,0,0,0,0,3,Disconnected
2026-10-08 13:37:59,NO DATA,0,0,0,0,0,3,Disconnected
2026-10-08 13:37:59,NO DATA,0,0,0,0,0,3,Disconnected
2026-10-08 13:37:59,NO DATA,0,0,0,0,0,3,Disconnected
2026-10-08 13:37:59,NO DATA,0,0,0,0,0,3,Disconnected
2026-10-08 13:37:59,NO DATA,0,0,0,0,0,3,Disconnected
2026-10-08 13:38:00,NO DATA,0,0,0,0,0,3,Disconnected
2026-10-08 13:38:00,NO DATA,0,0,0,0,0,3,Disconnected
2026-10-08 13:38:00,NO DATA,0,0,0,0,0,3,Disconnected
2026-10-08 13:38:00,NO DATA,0,0,0,0,0,3,Disconnected
2026-10-08 13:38:00,NO DATA,0,0,0,0,0,3,Disconnected
2026-10-08 13:38:00,NO DATA,0,0,0,0,0,3,Disconnected
2026-10-08 13:38:00,NO DATA,0,0,0,0,0,3,Disconnected
2026-10-08 13:38:00,NO DATA,0,0,0,0,0,3,Disconnected
2026-10-08 13:38:00,NO DATA,0,0,0,0,0,3,Disconnected
2026-10-08 13:38:00,NO DATA,0,0,0,0,0,3,Disconnected
2026-10-08 13:38:01,NO DATA,0,0,0,0,0,3,Disconnected
2026-10-08 13:38:01,NO DATA,0,0,0,0,0,3,Disconnected
2026-10-08 13:38:01,NO DATA,0,0,0,0,0,3,Disconnected
2026-10-08 13:38:01,NO DATA,0,0,0,0,0,3,Disconnected
2026-10-08 13:38:01,NO DATA,0,0,0,0,0,3,Disconnected
2026-10-08 13:38:01,NO DATA,0,0,0,0,0,3,Disconnected
2026-10-08 13:38:01,NO DATA,0,0,0,0,0,3,Disconnected
2026-10-08 13:38:01,NO DATA,0,0,0,0,0,3,Disconnected
2026-10-08 13:38:01,NO DATA,0,0,0,0,0,3,Disconnected
2026-10-08 13:38:01,NO DATA,0,0,0,0,0,3,Disconnected
2026-10-08 13:38:02,NO DATA,0,0,0,0,0,3,Disconnected
2026-10-08 13:38:02,NO DATA,0,0,0,0,0,3,Disconnected
2026-10-08 13:38:02,NO DATA,0,0,0,0,0,3,Disconnected
2026-10-08 13:38:02,NO DATA,0,0,0,0,0,3,Disconnected
2026-10-08 13:38:02,NO DATA,0,0,0,0,0,3,Disconnected
2026-10-08 13:38:02,NO DATA,0,0,0,0,0,3,Disconnected
2026-10-08 13:38:02,NO DATA,0,0,0,0,0,3,Disconnected
2026-10-08 13:38:02,NO DATA,0,0,0,0,0,3,Disconnected
2026-10-08 13:38:02,NO DATA,0,0,0,0,0,3,Disconnected
2026-10-08 13:38:02,NO DATA,0,0,0,0,0,3,Disconnected
2026-10-08 13:38:03,NO DATA,0,0,0,0,0,3,Disconnected
2026-10-08 13:38:03,NO DATA,0,0,0,0,0,3,Disconnected
2026-10-08 13:38:03,NO DATA,0,0,0,0,0,3,Disconnected
2026-10-08 13:38:03,NO DATA,0,0,0,0,0,3,Disconnected
2026-10-08 13:38:03,NO DATA,0,0,0,0,0,3,Disconnected
2026-10-08 13:38:03,NO DATA,0,0,0,0,0,3,Disconnected
2026-10-08 13:38:03,NO DATA,0,0,0,0,0,3,Disconnected
2026-10-08 13:38:03,NO DATA,0,0,0,0,0,3,Disconnected
2026-10-08 13:38:03,NO DATA,0,0,0,0,0,3,Disconnected
2026-10-08 13:38:03,NO DATA,0,0,0,0,0,3,Disconnected
2026-10-08 13:38:04,NO DATA,0,0,0,0,0,3,Disconnected
2026-10-08 13:38:04,NO DATA,0,0,0,0,0,3,Disconnected
2026-10-08 13:38:04,NO DATA,0,0,0,0,0,3,Disconnected
2026-10-08 13:45:14,NO DATA,0,0,0,0,0,2,Disconnected
2026-10-08 13:45:15,NO DATA,0,0,0,0,0,2,Disconnected
2026-10-08 13:45:16,NO DATA,0,0,0,0,0,2,Disconnected
2026-10-08 13:45:17,NO DATA,0,0,0,0,0,2,Disconnected
2026-10-08 13:45:18,NO DATA,0,0,0,0,0,2,Disconnected
2026-10-08 13:45:19,NO DATA,0,0,0,0,0,2,Disconnected
2026-10-08 13:45:20,NO DATA,0,0,0,0,0,2,Disconnected
2026-10-08 13:45:21,NO DATA,0,0,0,0,0,3,Disconnected
2026-10-08 13:45:22,NO DATA,0,0,0,0,0,3,Disconnected
2026-10-08 13:45:23,NO DATA,0,0,0,0,0,3,Disconnected
2026-10-08 13:45:24,NO DATA,0,0,0,0,0,3,Disconnected
2026-10-08 13:45:25,NO DATA,0,0,0,0,0,3,Disconnected
2026-10-08 13:45:26,NO DATA,0,0,0,0,0,3,Disconnected
2026-10-08 13:45:27,NO DATA,0,0,0,0,0,3,Disconnected
2026-10-08 13:45:28,NO DATA,0,0,0,0,0,3,Disconnected
2026-10-08 13:45:29,NO DATA,0,0,0,0,0,3,Disconnected
2026-10-08 13:45:30,NO DATA,0,0,0,0,0,3,Disconnected
2026-10-08 13:45:31,NO DATA,0,0,0,0,0,3,Disconnected
2026-10-08 13:45:32,NO DATA,0,0,0,0,0,3,Disconnected
2026-10-08 13:45:33,NO DATA,0,0,0,0,0,3,Disconnected
2026-10-08 13:45:34,NO DATA,0,0,0,0,0,3,Disconnected
2026-10-08 13:45:35,NO DATA,0,0,0,0,0,3,Disconnected
2026-10-08 13:45:36,NO DATA,0,0,0,0,0,3,Disconnected
2026-10-08 13:45:37,NO DATA,0,0,0,0,0,3,Disconnected
2026-10-08 13:45:38,NO DATA,0,0,0,0,0,3,Disconnected
2026-10-08 13:45:39,NO DATA,0,0,0,0,0,3,Disconnected
2026-10-08 13:45:40,NO DATA,0,0,0,0,0,3,Disconnected
2026-10-08 13:45:41,NO DATA,0,0,0,0,0,3,Disconnected
2026-10-08 13:45:42,NO DATA,0,0,0,0,0,3,Disconnected
2026-10-08 13:45:43,NO DATA,0,0,0,0,0,3,Disconnected
2026-10-08 13:45:44,NO DATA,0,0,0,0,0,3,Disconnected
2026-10-08 13:45:45,NO DATA,0,0,0,0,0,3,Disconnected
2026-10-08 13:45:46,NO DATA,0,0,0,0,0,3,Disconnected
2026-10-08 13:45:47,NO DATA,0,0,0,0,0,3,Disconnected
2026-10-08 13:45:48,NO DATA,0,0,0,0,0,3,Disconnected
2026-10-08 13:45:49,NO DATA,0,0,0,0,0,3,Disconnected
2026-10-08 13:45:50,NO DATA,0,0,0,0,0,3,Disconnected
2026-10-08 13:45:51,NO DATA,0,0,0,0,0,3,Disconnected
2026-10-08 13:45:52,NO DATA,0,0,0,0,0,3,Disconnected
2026-10-08 13:45:53,NO DATA,0,0,0,0,0,3,Disconnected
2026-10-08 13:45:54,NO DATA,0,0,0,0,0,3,Disconnected
2026-10-08 13:45:55,NO DATA,0,0,0,0,0,3,Disconnected
2026-10-08 13:45:56,NO DATA,0,0,0,0,0,3,Disconnected
2026-10-08 13:45:57,NO DATA,0,0,0,0,0,3,Disconnected
2026-10-08 13:45:58,NO DATA,0,0,0,0,0,3,Disconnected
2026-10-08 13:45:59,NO DATA,0,0,0,0,0,3,Disconnected
2026-10-08 13:46:00,NO DATA,0,0,0,0,0,3,Disconnected
2026-10-08 13:46:01,NO DATA,0,0,0,0,0,3,Disconnected
2026-10-08 13:46:02,NO DATA,0,0,0,0,0,3,Disconnected
2026-10-08 13:46:03,NO DATA,0,0,0,0,0,3,Disconnected
2026-10-08 13:46:04,NO DATA,0,0,0,0,0,3,Disconnected
2026-10-08 13:46:05,NO DATA,0,0,0,0,0,3,Disconnected
2026-10-08 13:46:06,NO DATA,0,0,0,0,0,3,Disconnected
2026-10-08 13:46:07,NO DATA,0,0,0,0,0,3,Disconnected
2026-10-08 13:46:08,NO DATA,0,0,0,0,0,3,Disconnected
2026-10-08 13:46:09,NO DATA,0,0,0,0,0,3,Disconnected
2026-10-08 13:46:10,NO DATA,0,0,0,0,0,3,Disconnected
2026-10-08 13:46:11,NO DATA,0,0,0,0,0,3,Disconnected
2026-10-08 13:46:12,NO DATA,0,0,0,0,0,3,Disconnected
2026-10-08 13:46:13,NO DATA,0,0,0,0,0,3,Disconnected
2026-10-08 13:46:14,NO DATA,0,0,0,0,0,3,Disconnected
2026-10-08 13:46:15,NO DATA,0,0,0,0,0,3,Disconnected
2026-10-08 13:46:16,NO DATA,0,0,0,0,0,3,Disconnected
2026-10-08 13:46:17,NO DATA,0,0,0,0,0,3,Disconnected
2026-10-08 13:46:18,NO DATA,0,0,0,0,0,3,Disconnected
2026-10-08 13:46:19,NO DATA,0,0,0,0,0,3,Disconnected
2026-10-08 13:46:20,NO DATA,0,0,0,0,0,3,Disconnected
2026-10-08 13:46:21,NO DATA,0,0,0,0,0,3,Disconnected
2026-10-08 13:46:22,NO DATA,0,0,0,0,0,3,Disconnected
2026-10-08 13:46:23,NO DATA,0,0,0,0,0,3,Disconnected
2026-10-08 13:46:24,NO DATA,0,0,0,0,0,3,Disconnected
2026-10-08 13:46:25,NO DATA,0,0,0,0,0,3,Disconnected
2026-10-08 13:46:26,NO DATA,0,0,0,0,0,3,Disconnected
2026-10-08 13:46:27,NO DATA,0,0,0,0,0,3,Disconnected
2026-10-08 13:46:28,NO DATA,0,0,0,0,0,3,Disconnected
2026-10-08 13:46:29,NO DATA,0,0,0,0,0,3,Disconnected
2026-10-08 13:46:30,NO DATA,0,0,0,0,0,3,Disconnected
2026-10-08 13:46:31,NO DATA,0,0,0,0,0,3,Disconnected
2026-10-08 13:46:32,NO DATA,0,0,0,0,0,3,Disconnected
2026-10-08 13:46:33,NO DATA,0,0,0,0,0,3,Disconnected
2026-10-08 13:46:35,NO DATA,0,0,0,0,0,3,Disconnected
2026-10-08 13:46:36,NO DATA,0,0,0,0,0,3,Disconnected
2026-10-08 13:46:37,NO DATA,0,0,0,0,0,3,Disconnected
2026-10-08 13:46:38,NO DATA,0,0,0,0,0,3,Disconnected
2026-10-08 13:46:39,NO DATA,0,0,0,0,0,3,Disconnected
2026-10-08 13:46:40,NO DATA,0,0,0,0,0,3,Disconnected
2026-10-08 13:46:41,NO DATA,0,0,0,0,0,3,Disconnected
2026-10-08 13:46:42,NO DATA,0,0,0,0,0,3,Disconnected
2026-10-08 13:46:43,NO DATA,0,0,0,0,0,3,Disconnected
2026-10-08 13:46:44,NO DATA,0,0,0,0,0,3,Disconnected
2026-10-08 13:46:45,NO DATA,0,0,0,0,0,3,Disconnected
2026-10-08 13:46:46,NO DATA,0,0,0,0,0,3,Disconnected
2026-10-08 13:46:47,NO DATA,0,0,0,0,0,3,Disconnected
2026-10-08 13:46:48,NO DATA,0,0,0,0,0,3,Disconnected
2026-10-08 13:46:49,NO DATA,0,0,0,0,0,3,Disconnected
2026-10-08 13:46:50,NO DATA,0,0,0,0,0,3,Disconnected
2026-10-08 13:46:51,NO DATA,0,0,0,0,0,3,Disconnected
2026-10-08 13:46:52,NO DATA,0,0,0,0,0,3,Disconnected
2026-10-08 13:46:53,NO DATA,0,0,0,0,0,3,Disconnected
2026-10-08 13:46:54,NO DATA,0,0,0,0,0,3,Disconnected
2026-10-08 13:46:55,NO DATA,0,0,0,0,0,3,Disconnected
2026-10-08 13:46:56,NO DATA,0,0,0,0,0,3,Disconnected
2026-10-08 13:46:57,NO DATA,0,0,0,0,0,3,Disconnected
2026-10-08 13:46:58,NO DATA,0,0,0,0,0,3,Disconnected
2026-10-08 13:46:59,NO DATA,0,0,0,0,0,3,Disconnected
2026-10-08 13:47:00,NO DATA,0,0,0,0,0,3,Disconnected
2026-10-08 13:47:01,NO DATA,0,0,0,0,0,3,Disconnected
2026-10-08 13:47:02,NO DATA,0,0,0,0,0,3,Disconnected
2026-10-08 13:47:03,NO DATA,0,0,0,0,0,3,Disconnected
2026-10-08 13:47:04,NO DATA,0,0,0,0,0,3,Disconnected
2026-10-08 13:47:05,NO DATA,0,0,0,0,0,3,Disconnected
2026-10-08 13:47:06,NO DATA,0,0,0,0,0,3,Disconnected
2026-10-08 13:47:07,NO DATA,0,0,0,0,0,3,Disconnected
2026-10-08 13:47:08,NO DATA,0,0,0,0,0,3,Disconnected
2026-10-08 13:47:09,NO DATA,0,0,0,0,0,3,Disconnected
2026-10-08 13:47:10,NO DATA,0,0,0,0,0,3,Disconnected
2026-10-08 13:47:11,NO DATA,0,0,0,0,0,3,Disconnected
2026-10-08 13:47:12,NO DATA,0,0,0,0,0,3,Disconnected
2026-10-08 13:47:13,NO DATA,0,0,0,0,0,3,Disconnected
2026-10-08 13:47:14,NO DATA,0,0,0,0,0,3,Disconnected
2026-10-08 13:47:15,NO DATA,0,0,0,0,0,3,Disconnected
2026-10-08 13:47:16,NO DATA,0,0,0,0,0,3,Disconnected
2026-10-08 13:47:17,NO DATA,0,0,0,0,0,3,Disconnected
2026-10-08 13:47:18,NO DATA,0,0,0,0,0,3,Disconnected
2026-10-08 13:47:19,NO DATA,0,0,0,0,0,3,Disconnected
2026-10-08 13:47:20,NO DATA,0,0,0,0,0,3,Disconnected
2026-10-08 13:47:21,NO DATA,0,0,0,0,0,3,Disconnected
2026-10-08 13:47:28,NO DATA,0,0,0,0,0,3,Disconnected
2026-10-08 13:47:29,NO DATA,0,0,0,0,0,3,Disconnected
2026-10-08 13:47:30,NO DATA,0,0,0,0,0,3,Disconnected
2026-10-08 13:47:31,NO DATA,0,0,0,0,0,3,Disconnected
2026-10-08 13:47:32,NO DATA,0,0,0,0,0,3,Disconnected
2026-10-08 13:47:33,NO DATA,0,0,0,0,0,3,Disconnected
2026-10-08 13:47:34,NO DATA,0,0,0,0,0,3,Disconnected
2026-10-08 13:47:35,NO DATA,0,0,0,0,0,3,Disconnected
2026-10-08 13:47:36,NO DATA,0,0,0,0,0,3,Disconnected
2026-10-08 13:47:37,NO DATA,0,0,0,0,0,3,Disconnected
2026-10-08 13:47:38,NO DATA,0,0,0,0,0,3,Disconnected
2026-10-08 13:47:39,NO DATA,0,0,0,0,0,3,Disconnected
2026-10-08 13:47:40,NO DATA,0,0,0,0,0,3,Disconnected
2026-10-08 13:47:41,NO DATA,0,0,0,0,0,3,Disconnected
2026-10-08 13:47:42,NO DATA,0,0,0,0,0,3,Disconnected
2026-10-08 13:47:43,NO DATA,0,0,0,0,0,3,Disconnected
2026-10-08 13:47:44,NO DATA,0,0,0,0,0,3,Disconnected
2026-10-08 13:47:45,NO DATA,0,0,0,0,0,3,Disconnected
2026-10-08 13:47:46,NO DATA,0,0,0,0,0,3,Disconnected
2026-10-08 13:47:47,NO DATA,0,0,0,0,0,3,Disconnected
2026-10-08 13:47:48,NO DATA,0,0,0,0,0,3,Disconnected
2026-10-08 13:47:49,NO DATA,0,0,0,0,0,3,Disconnected
2026-10-08 13:47:50,NO DATA,0,0,0,0,0,3,Disconnected
2026-10-08 13:47:52,NO DATA,0,0,0,0,0,3,Disconnected
2026-10-08 13:47:53,NO DATA,0,0,0,0,0,3,Disconnected
2026-10-08 13:47:54,NO DATA,0,0,0,0,0,3,Disconnected
2026-10-08 13:47:55,NO DATA,0,0,0,0,0,3,Disconnected
2026-10-08 13:47:56,NO DATA,0,0,0,0,0,3,Disconnected
2026-10-08 13:47:57,NO DATA,0,0,0,0,0,3,Disconnected
2026-10-08 13:47:58,NO DATA,0,0,0,0,0,3,Disconnected
2026-10-08 13:47:59,NO DATA,0,0,0,0,0,3,Disconnected
2026-10-08 13:48:00,NO DATA,0,0,0,0,0,3,Disconnected
2026-10-08 13:48:01,NO DATA,0,0,0,0,0,3,Disconnected
2026-10-08 13:48:02,NO DATA,0,0,0,0,0,3,Disconnected
2026-10-08 13:48:03,NO DATA,0,0,0,0,0,3,Disconnected
2026-10-08 13:48:04,NO DATA,0,0,0,0,0,3,Disconnected
2026-10-08 13:48:05,NO DATA,0,0,0,0,0,3,Disconnected
2026-10-08 13:48:06,NO DATA,0,0,0,0,0,3,Disconnected
2026-10-08 13:48:07,NO DATA,0,0,0,0,0,3,Disconnected
2026-10-08 13:48:08,NO DATA,0,0,0,0,0,3,Disconnected
2026-10-08 13:48:09,NO DATA,0,0,0,0,0,3,Disconnected
2026-10-08 13:48:10,NO DATA,0,0,0,0,0,3,Disconnected
2026-10-08 13:48:11,NO DATA,0,0,0,0,0,3,Disconnected
2026-10-08 13:48:12,NO DATA,0,0,0,0,0,3,Disconnected
2026-10-08 13:48:13,NO DATA,0,0,0,0,0,3,Disconnected
2026-10-08 13:48:14,NO DATA,0,0,0,0,0,3,Disconnected
2026-10-08 13:48:15,NO DATA,0,0,0,0,0,3,Disconnected
2026-10-08 13:48:16,NO DATA,0,0,0,0,0,3,Disconnected
2026-10-08 13:48:17,NO DATA,0,0,0,0,0,3,Disconnected
2026-10-08 13:48:18,NO DATA,0,0,0,0,0,3,Disconnected
2026-10-08 13:48:19,NO DATA,0,0,0,0,0,3,Disconnected
2026-10-08 13:48:20,NO DATA,0,0,0,0,0,3,Disconnected
2026-10-08 13:48:21,NO DATA,0,0,0,0,0,3,Disconnected
2026-10-08 13:48:22,NO DATA,0,0,0,0,0,3,Disconnected
2026-10-08 13:48:23,NO DATA,0,0,0,0,0,3,Disconnected
2026-10-08 13:48:24,NO DATA,0,0,0,0,0,3,Disconnected
2026-10-08 13:48:25,NO DATA,0,0,0,0,0,3,Disconnected
2026-10-08 13:48:26,NO DATA,0,0,0,0,0,3,Disconnected
2026-10-08 13:48:27,NO DATA,0,0,0,0,0,3,Disconnected
2026-10-08 13:48:28,NO DATA,0,0,0,0,0,3,Disconnected
2026-10-08 13:48:29,NO DATA,0,0,0,0,0,3,Disconnected
2026-10-08 13:48:30,NO DATA,0,0,0,0,0,3,Disconnected
2026-10-08 13:48:31,NO DATA,0,0,0,0,0,3,Disconnected
2026-10-08 13:48:32,NO DATA,0,0,0,0,0,3,Disconnected
2026-10-08 13:48:33,NO DATA,0,0,0,0,0,3,Disconnected
2026-10-08 13:48:34,NO DATA,0,0,0,0,0,3,Disconnected
2026-10-08 13:48:35,NO DATA,0,0,0,0,0,3,Disconnected
2026-10-08 13:48:36,NO DATA,0,0,0,0,0,3,Disconnected
2026-10-08 13:48:37,NO DATA,0,0,0,0,0,3,Disconnected
2026-10-08 13:48:38,NO DATA,0,0,0,0,0,3,Disconnected
2026-10-08 13:48:39,NO DATA,0,0,0,0,0,3,Disconnected
2026-10-08 13:48:40,NO DATA,0,0,0,0,0,3,Disconnected
2026-10-08 13:48:41,NO DATA,0,0,0,0,0,3,Disconnected
2026-10-08 13:48:42,NO DATA,0,0,0,0,0,3,Disconnected
2026-10-08 13:48:43,NO DATA,0,0,0,0,0,3,Disconnected
2026-10-08 13:48:44,NO DATA,0,0,0,0,0,3,Disconnected
2026-10-08 13:48:45,NO DATA,0,0,0,0,0,3,Disconnected
2026-10-08 13:48:46,NO DATA,0,0,0,0,0,3,Disconnected
2026-10-08 13:48:47,NO DATA,0,0,0,0,0,3,Disconnected
2026-10-08 13:48:48,NO DATA,0,0,0,0,0,3,Disconnected
2026-10-08 13:48:49,NO DATA,0,0,0,0,0,3,Disconnected
2026-10-08 13:48:50,NO DATA,0,0,0,0,0,3,Disconnected
2026-10-08 13:48:51,NO DATA,0,0,0,0,0,3,Disconnected
2026-10-08 13:48:52,NO DATA,0,0,0,0,0,3,Disconnected
2026-10-08 13:48:53,NO DATA,0,0,0,0,0,3,Disconnected
2026-10-08 13:48:54,NO DATA,0,0,0,0,0,3,Disconnected
2026-10-08 13:48:55,NO DATA,0,0,0,0,0,3,Disconnected
2026-10-08 13:48:56,NO DATA,0,0,0,0,0,3,Disconnected
2026-10-08 13:48:57,NO DATA,0,0,0,0,0,3,Disconnected
2026-10-08 13:48:58,NO DATA,0,0,0,0,0,3,Disconnected
2026-10-08 13:48:59,NO DATA,0,0,0,0,0,3,Disconnected
2026-10-08 13:49:00,NO DATA,0,0,0,0,0,3,Disconnected
2026-10-08 13:49:01,NO DATA,0,0,0,0,0,3,Disconnected
2026-10-08 13:49:02,NO DATA,0,0,0,0,0,3,Disconnected
2026-10-08 13:49:03,NO DATA,0,0,0,0,0,3,Disconnected
2026-10-08 13:49:04,NO DATA,0,0,0,0,0,3,Disconnected
2026-10-08 13:49:05,NO DATA,0,0,0,0,0,3,Disconnected
2026-10-08 13:49:06,NO DATA,0,0,0,0,0,3,Disconnected
2026-10-08 13:49:07,NO DATA,0,0,0,0,0,3,Disconnected
2026-10-08 13:49:08,NO DATA,0,0,0,0,0,3,Disconnected
2026-10-08 13:49:10,NO DATA,0,0,0,0,0,3,Disconnected
2026-10-08 13:49:11,NO DATA,0,0,0,0,0,3,Disconnected
2026-10-08 13:49:12,NO DATA,0,0,0,0,0,3,Disconnected
2026-10-08 13:49:13,NO DATA,0,0,0,0,0,3,Disconnected
2026-10-08 13:49:14,NO DATA,0,0,0,0,0,3,Disconnected
2026-10-08 13:49:15,NO DATA,0,0,0,0,0,3,Disconnected
2026-10-08 13:49:16,NO DATA,0,0,0,0,0,3,Disconnected
2026-10-08 13:49:17,NO DATA,0,0,0,0,0,3,Disconnected
2026-10-08 13:49:18,NO DATA,0,0,0,0,0,3,Disconnected
2026-10-08 13:49:19,NO DATA,0,0,0,0,0,3,Disconnected
2026-10-08 13:49:20,NO DATA,0,0,0,0,0,3,Disconnected
2026-10-08 13:49:21,NO DATA,0,0,0,0,0,3,Disconnected
2026-10-08 13:49:22,NO DATA,0,0,0,0,0,3,Disconnected
2026-10-08 13:49:23,NO DATA,0,0,0,0,0,3,Disconnected
2026-10-08 13:49:24,NO DATA,0,0,0,0,0,3,Disconnected
2026-10-08 13:49:25,NO DATA,0,0,0,0,0,3,Disconnected
2026-10-08 13:49:26,NO DATA,0,0,0,0,0,3,Disconnected
2026-10-08 13:49:27,NO DATA,0,0,0,0,0,3,Disconnected
2026-10-08 13:49:28,NO DATA,0,0,0,0,0,3,Disconnected
2026-10-08 13:49:29,NO DATA,0,0,0,0,0,3,Disconnected
2026-10-08 13:49:30,NO DATA,0,0,0,0,0,3,Disconnected
2026-10-08 13:49:31,NO DATA,0,0,0,0,0,3,Disconnected
2026-10-08 13:49:32,NO DATA,0,0,0,0,0,3,Disconnected
2026-10-08 13:49:33,NO DATA,0,0,0,0,0,3,Disconnected
2026-10-08 13:49:34,NO DATA,0,0,0,0,0,3,Disconnected
2026-10-08 13:49:35,NO DATA,0,0,0,0,0,3,Disconnected
2026-10-08 13:49:36,NO DATA,0,0,0,0,0,3,Disconnected
2026-10-08 13:49:37,NO DATA,0,0,0,0,0,3,Disconnected
2026-10-08 13:49:38,NO DATA,0,0,0,0,0,3,Disconnected
2026-10-08 13:49:39,NO DATA,0,0,0,0,0,3,Disconnected
2026-10-08 13:49:40,NO DATA,0,0,0,0,0,3,Disconnected
2026-10-08 13:49:41,NO DATA,0,0,0,0,0,3,Disconnected
2026-10-08 13:49:42,NO DATA,0,0,0,0,0,3,Disconnected
2026-10-08 13:49:43,NO DATA,0,0,0,0,0,3,Disconnected
2026-10-08 13:49:44,NO DATA,0,0,0,0,0,3,Disconnected
2026-10-08 13:49:45,NO DATA,0,0,0,0,0,3,Disconnected
2026-10-08 13:49:46,NO DATA,0,0,0,0,0,3,Disconnected
2026-10-08 13:49:47,NO DATA,0,0,0,0,0,3,Disconnected
2026-10-08 13:49:48,NO DATA,0,0,0,0,0,3,Disconnected
2026-10-08 13:49:49,NO DATA,0,0,0,0,0,3,Disconnected
2026-10-08 13:49:50,NO DATA,0,0,0,0,0,3,Disconnected
2026-10-08 13:49:51,NO DATA,0,0,0,0,0,3,Disconnected
2026-10-08 13:49:52,NO DATA,0,0,0,0,0,3,Disconnected
2026-10-08 13:49:53,NO DATA,0,0,0,0,0,3,Disconnected
2026-10-08 13:49:54,NO DATA,0,0,0,0,0,3,Disconnected
2026-10-08 13:49:55,NO DATA,0,0,0,0,0,3,Disconnected
2026-10-08 13:49:56,NO DATA,0,0,0,0,0,3,Disconnected
2026-10-08 13:49:57,NO DATA,0,0,0,0,0,3,Disconnected
2026-10-08 13:49:58,NO DATA,0,0,0,0,0,3,Disconnected
2026-10-08 13:49:59,NO DATA,0,0,0,0,0,3,Disconnected
2026-10-08 13:50:00,NO DATA,0,0,0,0,0,3,Disconnected
2026-10-08 13:50:01,NO DATA,0,0,0,0,0,3,Disconnected
2026-10-08 13:50:02,NO DATA,0,0,0,0,0,3,Disconnected
2026-10-08 13:50:03,NO DATA,0,0,0,0,0,3,Disconnected
2026-10-08 13:50:04,NO DATA,0,0,0,0,0,3,Disconnected
2026-10-08 13:50:05,NO DATA,0,0,0,0,0,3,Disconnected
2026-10-08 13:50:06,NO DATA,0,0,0,0,0,3,Disconnected
2026-10-08 13:50:07,NO DATA,0,0,0,0,0,3,Disconnected
2026-10-08 13:50:08,NO DATA,0,0,0,0,0,3,Disconnected
2026-10-08 13:50:09,NO DATA,0,0,0,0,0,3,Disconnected
2026-10-08 13:50:10,NO DATA,0,0,0,0,0,3,Disconnected
2026-10-08 13:50:11,NO DATA,0,0,0,0,0,3,Disconnected
2026-10-08 13:50:12,NO DATA,0,0,0,0,0,3,Disconnected
2026-10-08 13:50:13,NO DATA,0,0,0,0,0,3,Disconnected
2026-10-08 13:50:14,NO DATA,0,0,0,0,0,3,Disconnected
2026-10-08 13:50:15,NO DATA,0,0,0,0,0,3,Disconnected
2026-10-08 13:50:16,NO DATA,0,0,0,0,0,3,Disconnected
2026-10-08 13:50:17,NO DATA,0,0,0,0,0,3,Disconnected
2026-10-08 13:50:18,NO DATA,0,0,0,0,0,3,Disconnected
2026-10-08 13:50:19,NO DATA,0,0,0,0,0,3,Disconnected
2026-10-08 13:50:20,NO DATA,0,0,0,0,0,3,Disconnected
2026-10-08 13:50:21,NO DATA,0,0,0,0,0,3,Disconnected
2026-10-08 13:50:22,NO DATA,0,0,0,0,0,3,Disconnected
2026-10-08 13:50:23,NO DATA,0,0,0,0,0,3,Disconnected
2026-10-08 13:50:24,NO DATA,0,0,0,0,0,3,Disconnected
2026-10-08 13:50:25,NO DATA,0,0,0,0,0,3,Disconnected
2026-10-08 13:50:26,NO DATA,0,0,0,0,0,3,Disconnected
2026-10-08 13:50:27,NO DATA,0,0,0,0,0,3,Disconnected
2026-10-08 13:50:28,NO DATA,0,0,0,0,0,3,Disconnected
2026-10-08 13:50:29,NO DATA,0,0,0,0,0,3,Disconnected
2026-10-08 13:50:30,NO DATA,0,0,0,0,0,3,Disconnected
2026-10-08 13:50:31,NO DATA,0,0,0,0,0,3,Disconnected
2026-10-08 13:50:32,NO DATA,0,0,0,0,0,3,Disconnected
2026-10-08 13:50:33,NO DATA,0,0,0,0,0,3,Disconnected
2026-10-08 13:50:34,NO DATA,0,0,0,0,0,3,Disconnected
2026-10-08 13:50:35,NO DATA,0,0,0,0,0,3,Disconnected
2026-10-08 13:50:36,NO DATA,0,0,0,0,0,3,Disconnected
2026-10-08 13:50:37,NO DATA,0,0,0,0,0,3,Disconnected
2026-10-08 13:50:38,NO DATA,0,0,0,0,0,3,Disconnected
2026-10-08 13:50:39,NO DATA,0,0,0,0,0,3,Disconnected
2026-10-08 13:50:40,NO DATA,0,0,0,0,0,3,Disconnected
2026-10-08 13:50:41,NO DATA,0,0,0,0,0,3,Disconnected
2026-10-08 13:50:42,NO DATA,0,0,0,0,0,3,Disconnected
2026-10-08 13:50:43,NO DATA,0,0,0,0,0,3,Disconnected
2026-10-08 13:50:44,NO DATA,0,0,0,0,0,3,Disconnected
2026-10-08 13:50:45,NO DATA,0,0,0,0,0,3,Disconnected
2026-10-08 13:50:46,NO DATA,0,0,0,0,0,3,Disconnected
2026-10-08 13:50:47,NO DATA,0,0,0,0,0,3,Disconnected
2026-10-08 13:50:49,NO DATA,0,0,0,0,0,3,Disconnected
2026-10-08 13:50:50,NO DATA,0,0,0,0,0,3,Disconnected
2026-10-08 13:50:51,NO DATA,0,0,0,0,0,3,Disconnected
2026-10-08 13:50:52,NO DATA,0,0,0,0,0,3,Disconnected
2026-10-08 13:50:53,NO DATA,0,0,0,0,0,3,Disconnected
2026-10-08 13:50:54,NO DATA,0,0,0,0,0,3,Disconnected
2026-10-08 13:50:55,NO DATA,0,0,0,0,0,3,Disconnected
2026-10-08 13:50:56,NO DATA,0,0,0,0,0,3,Disconnected
2026-10-08 13:50:57,NO DATA,0,0,0,0,0,3,Disconnected
2026-10-08 13:50:58,NO DATA,0,0,0,0,0,3,Disconnected
2026-10-08 13:50:59,NO DATA,0,0,0,0,0,3,Disconnected
2026-10-08 13:51:00,NO DATA,0,0,0,0,0,3,Disconnected
2026-10-08 13:51:01,NO DATA,0,0,0,0,0,3,Disconnected
2026-10-08 13:51:02,NO DATA,0,0,0,0,0,3,Disconnected
2026-10-08 13:51:03,NO DATA,0,0,0,0,0,3,Disconnected
2026-10-08 13:51:04,NO DATA,0,0,0,0,0,3,Disconnected
2026-10-08 13:51:05,NO DATA,0,0,0,0,0,3,Disconnected
2026-10-08 13:51:06,NO DATA,0,0,0,0,0,3,Disconnected
2026-10-08 13:51:07,NO DATA,0,0,0,0,0,3,Disconnected
2026-10-08 13:51:08,NO DATA,0,0,0,0,0,3,Disconnected
2026-10-08 13:51:09,NO DATA,0,0,0,0,0,3,Disconnected
2026-10-08 13:51:10,NO DATA,0,0,0,0,0,3,Disconnected
2026-10-08 13:51:11,NO DATA,0,0,0,0,0,3,Disconnected
2026-10-08 13:51:12,NO DATA,0,0,0,0,0,3,Disconnected
2026-10-08 13:51:13,NO DATA,0,0,0,0,0,3,Disconnected
2026-10-08 13:51:14,NO DATA,0,0,0,0,0,3,Disconnected
2026-10-08 13:51:15,NO DATA,0,0,0,0,0,3,Disconnected
2026-10-08 13:51:16,NO DATA,0,0,0,0,0,3,Disconnected
2026-10-08 13:51:17,NO DATA,0,0,0,0,0,3,Disconnected
2026-10-08 13:51:18,NO DATA,0,0,0,0,0,3,Disconnected
2026-10-08 13:51:19,NO DATA,0,0,0,0,0,3,Disconnected
2026-10-08 13:51:20,NO DATA,0,0,0,0,0,3,Disconnected
2026-10-08 13:51:21,NO DATA,0,0,0,0,0,3,Disconnected
2026-10-08 13:51:22,NO DATA,0,0,0,0,0,3,Disconnected
2026-10-08 13:51:23,NO DATA,0,0,0,0,0,3,Disconnected
2026-10-08 13:51:24,NO DATA,0,0,0,0,0,3,Disconnected
2026-10-08 13:51:25,NO DATA,0,0,0,0,0,3,Disconnected
2026-10-08 13:51:26,NO DATA,0,0,0,0,0,3,Disconnected
2026-10-08 13:51:27,NO DATA,0,0,0,0,0,3,Disconnected
2026-10-08 13:51:28,NO DATA,0,0,0,0,0,3,Disconnected
2026-10-08 13:51:29,NO DATA,0,0,0,0,0,3,Disconnected
2026-10-08 13:51:30,NO DATA,0,0,0,0,0,3,Disconnected
2026-10-08 13:51:31,NO DATA,0,0,0,0,0,3,Disconnected
2026-10-08 13:51:32,NO DATA,0,0,0,0,0,3,Disconnected
2026-10-08 13:51:33,NO DATA,0,0,0,0,0,3,Disconnected
2026-10-08 13:51:34,NO DATA,0,0,0,0,0,3,Disconnected
2026-10-08 13:51:35,NO DATA,0,0,0,0,0,3,Disconnected
2026-10-08 13:51:36,NO DATA,0,0,0,0,0,3,Disconnected
2026-10-08 13:51:37,NO DATA,0,0,0,0,0,3,Disconnected
2026-10-08 13:51:38,NO DATA,0,0,0,0,0,3,Disconnected
2026-10-08 13:51:39,NO DATA,0,0,0,0,0,3,Disconnected
2026-10-08 13:51:40,NO DATA,0,0,0,0,0,3,Disconnected
2026-10-08 13:51:41,NO DATA,0,0,0,0,0,3,Disconnected
2026-10-08 13:51:42,NO DATA,0,0,0,0,0,3,Disconnected
2026-10-08 13:51:43,NO DATA,0,0,0,0,0,3,Disconnected
2026-10-08 13:51:44,NO DATA,0,0,0,0,0,3,Disconnected
2026-10-08 13:51:45,NO DATA,0,0,0,0,0,3,Disconnected
2026-10-08 13:51:46,NO DATA,0,0,0,0,0,3,Disconnected
2026-10-08 13:51:47,NO DATA,0,0,0,0,0,3,Disconnected
2026-10-08 13:51:48,NO DATA,0,0,0,0,0,3,Disconnected
2026-10-08 13:51:49,NO DATA,0,0,0,0,0,3,Disconnected
2026-10-08 13:51:50,NO DATA,0,0,0,0,0,3,Disconnected
2026-10-08 13:51:51,NO DATA,0,0,0,0,0,3,Disconnected
2026-10-08 13:51:52,NO DATA,0,0,0,0,0,3,Disconnected
2026-10-08 13:51:53,NO DATA,0,0,0,0,0,3,Disconnected
2026-10-08 13:51:54,NO DATA,0,0,0,0,0,3,Disconnected
2026-10-08 13:51:55,NO DATA,0,0,0,0,0,3,Disconnected
2026-10-08 13:51:56,NO DATA,0,0,0,0,0,3,Disconnected
2026-10-08 13:51:57,NO DATA,0,0,0,0,0,3,Disconnected
2026-10-08 13:51:58,NO DATA,0,0,0,0,0,3,Disconnected
2026-10-08 13:51:59,NO DATA,0,0,0,0,0,3,Disconnected
2026-10-08 13:52:00,NO DATA,0,0,0,0,0,3,Disconnected
2026-10-08 13:52:01,NO DATA,0,0,0,0,0,3,Disconnected
2026-10-08 13:52:02,NO DATA,0,0,0,0,0,3,Disconnected
2026-10-08 13:52:03,NO DATA,0,0,0,0,0,3,Disconnected
2026-10-08 13:52:04,NO DATA,0,0,0,0,0,3,Disconnected
2026-10-08 13:52:05,NO DATA,0,0,0,0,0,3,Disconnected
2026-10-08 13:52:06,NO DATA,0,0,0,0,0,3,Disconnected
2026-10-08 13:52:07,NO DATA,0,0,0,0,0,3,Disconnected
2026-10-08 13:52:08,NO DATA,0,0,0,0,0,3,Disconnected
2026-10-08 13:52:09,NO DATA,0,0,0,0,0,3,Disconnected
2026-10-08 13:52:10,NO DATA,0,0,0,0,0,3,Disconnected
2026-10-08 13:52:11,NO DATA,0,0,0,0,0,3,Disconnected
2026-10-08 13:52:12,NO DATA,0,0,0,0,0,3,Disconnected
2026-10-08 13:52:13,NO DATA,0,0,0,0,0,3,Disconnected
2026-10-08 13:52:14,NO DATA,0,0,0,0,0,3,Disconnected
2026-10-08 13:52:16,NO DATA,0,0,0,0,0,3,Disconnected
2026-10-08 13:52:17,NO DATA,0,0,0,0,0,3,Disconnected
2026-10-08 13:52:18,NO DATA,0,0,0,0,0,3,Disconnected
2026-10-08 13:52:19,NO DATA,0,0,0,0,0,3,Disconnected
2026-10-08 13:52:20,NO DATA,0,0,0,0,0,3,Disconnected
2026-10-08 13:52:21,NO DATA,0,0,0,0,0,3,Disconnected
2026-10-08 13:52:22,NO DATA,0,0,0,0,0,3,Disconnected
2026-10-08 13:52:23,NO DATA,0,0,0,0,0,3,Disconnected
2026-10-08 13:52:24,NO DATA,0,0,0,0,0,3,Disconnected
2026-10-08 13:52:25,NO DATA,0,0,0,0,0,3,Disconnected
2026-10-08 13:52:26,NO DATA,0,0,0,0,0,3,Disconnected
2026-10-08 13:52:27,NO DATA,0,0,0,0,0,3,Disconnected
2026-10-08 13:52:28,NO DATA,0,0,0,0,0,3,Disconnected
2026-10-08 13:52:29,NO DATA,0,0,0,0,0,3,Disconnected
2026-10-08 13:52:30,NO DATA,0,0,0,0,0,3,Disconnected
2026-10-08 13:52:31,NO DATA,0,0,0,0,0,3,Disconnected
2026-10-08 13:52:32,NO DATA,0,0,0,0,0,3,Disconnected
2026-10-08 13:52:33,NO DATA,0,0,0,0,0,3,Disconnected
2026-10-08 13:52:34,NO DATA,0,0,0,0,0,3,Disconnected
2026-10-08 13:52:35,NO DATA,0,0,0,0,0,3,Disconnected
2026-10-08 13:52:36,NO DATA,0,0,0,0,0,3,Disconnected
2026-10-08 13:52:37,NO DATA,0,0,0,0,0,3,Disconnected
2026-10-08 13:52:38,NO DATA,0,0,0,0,0,3,Disconnected
2026-10-08 13:52:39,NO DATA,0,0,0,0,0,3,Disconnected
2026-10-08 13:52:40,NO DATA,0,0,0,0,0,3,Disconnected
2026-10-08 13:52:41,NO DATA,0,0,0,0,0,3,Disconnected
2026-10-08 13:52:42,NO DATA,0,0,0,0,0,3,Disconnected
2026-10-08 13:52:43,NO DATA,0,0,0,0,0,3,Disconnected
2026-10-08 13:52:44,NO DATA,0,0,0,0,0,3,Disconnected
2026-10-08 13:52:45,NO DATA,0,0,0,0,0,3,Disconnected
2026-10-08 13:52:46,NO DATA,0,0,0,0,0,3,Disconnected
2026-10-08 13:52:47,NO DATA,0,0,0,0,0,3,Disconnected
2026-10-08 13:52:48,NO DATA,0,0,0,0,0,3,Disconnected
2026-10-08 13:52:49,NO DATA,0,0,0,0,0,3,Disconnected
2026-10-08 13:52:50,NO DATA,0,0,0,0,0,3,Disconnected
2026-10-08 13:52:51,NO DATA,0,0,0,0,0,3,Disconnected
2026-10-08 13:52:52,NO DATA,0,0,0,0,0,3,Disconnected
2026-10-08 13:52:53,NO DATA,0,0,0,0,0,3,Disconnected
2026-10-08 13:52:54,NO DATA,0,0,0,0,0,3,Disconnected
2026-10-08 13:52:55,NO DATA,0,0,0,0,0,3,Disconnected
2026-10-08 13:52:56,NO DATA,0,0,0,0,0,3,Disconnected
2026-10-08 13:52:57,NO DATA,0,0,0,0,0,3,Disconnected
2026-10-08 13:52:58,NO DATA,0,0,0,0,0,3,Disconnected
2026-10-08 13:52:59,NO DATA,0,0,0,0,0,3,Disconnected
2026-10-08 13:53:00,NO DATA,0,0,0,0,0,3,Disconnected
2026-10-08 13:53:01,NO DATA,0,0,0,0,0,3,Disconnected
2026-10-08 13:53:02,NO DATA,0,0,0,0,0,3,Disconnected
2026-10-08 13:53:03,NO DATA,0,0,0,0,0,3,Disconnected
2026-10-08 13:53:04,NO DATA,0,0,0,0,0,3,Disconnected
2026-10-08 13:53:05,NO DATA,0,0,0,0,0,3,Disconnected
2026-10-08 13:53:06,NO DATA,0,0,0,0,0,3,Disconnected
2026-10-08 13:53:07,NO DATA,0,0,0,0,0,3,Disconnected
2026-10-08 13:53:08,NO DATA,0,0,0,0,0,3,Disconnected
2026-10-08 13:53:09,NO DATA,0,0,0,0,0,3,Disconnected
2026-10-08 13:53:10,NO DATA,0,0,0,0,0,3,Disconnected
2026-10-08 13:53:11,NO DATA,0,0,0,0,0,3,Disconnected
2026-10-08 13:53:12,NO DATA,0,0,0,0,0,3,Disconnected
2026-10-08 13:53:13,NO DATA,0,0,0,0,0,3,Disconnected
2026-10-08 13:53:14,NO DATA,0,0,0,0,0,3,Disconnected
